{"type":"FeatureCollection","features":[{"type":"Feature","properties":{"comuna":6,"nombre":"Comuna 6","shape_leng":12758.747,"shape_area":5384271.744},"geometry":{"type":"Polygon","coordinates":[[[-76.4913773,3.5055923],[-76.4914875,3.5048692],[-76.4915147,3.5035579],[-76.4915146,3.5035562],[-76.4915147,3.5035542],[-76.4915147,3.5035542],[-76.4914941,3.5027658],[-76.4914941,3.5027658],[-76.4914878,3.5025232],[-76.4914878,3.5019626],[-76.4914735,3.501564],[-76.4914609,3.501212],[-76.4914609,3.5011848],[-76.4914609,3.5011306],[-76.4914699,3.5010763],[-76.4914609,3.5010492],[-76.4914609,3.501022],[-76.4914609,3.5009678],[-76.4914519,3.5009135],[-76.4914429,3.5008593],[-76.4914339,3.500805],[-76.4914339,3.5007779],[-76.4914159,3.5007326],[-76.491407,3.5006784],[-76.491389,3.5006241],[-76.49138,3.500597],[-76.491371,3.5005789],[-76.491344,3.5005246],[-76.491335,3.5004975],[-76.491308,3.5004523],[-76.491281,3.5004071],[-76.491272,3.50038],[-76.491272,3.50038],[-76.491245,3.5003348],[-76.491209,3.5002895],[-76.491182,3.5002443],[-76.491146,3.5002082],[-76.49111,3.5001629],[-76.491092,3.5001448],[-76.491074,3.5001268],[-76.491038,3.5000815],[-76.49102,3.5000634],[-76.490993,3.5000454],[-76.4905161,3.499765],[-76.4899041,3.4993489],[-76.4876044,3.4982548],[-76.4861356,3.4976519],[-76.4861276,3.4976479],[-76.4861195,3.4976438],[-76.4861115,3.4976397],[-76.4861034,3.4976357],[-76.4860954,3.4976316],[-76.4860874,3.4976276],[-76.4860794,3.4976233],[-76.4860714,3.4976192],[-76.4860634,3.4976151],[-76.4860555,3.4976108],[-76.4860475,3.4976066],[-76.4860395,3.4976024],[-76.4860316,3.4975982],[-76.4860236,3.4975939],[-76.4860157,3.4975898],[-76.4860077,3.4975854],[-76.4859998,3.4975811],[-76.4859919,3.4975768],[-76.485984,3.4975724],[-76.4859762,3.4975681],[-76.4859682,3.4975638],[-76.4859603,3.4975593],[-76.4859525,3.497555],[-76.4859447,3.4975505],[-76.4859368,3.4975462],[-76.485929,3.4975417],[-76.485921,3.4975372],[-76.4859133,3.4975327],[-76.4859055,3.4975282],[-76.4858977,3.4975238],[-76.48589,3.4975192],[-76.4858822,3.4975146],[-76.4858744,3.4975101],[-76.4858666,3.4975055],[-76.4858589,3.4975009],[-76.4858585,3.4975007],[-76.4858566,3.4974996],[-76.4858565,3.4974996],[-76.4858554,3.4974989],[-76.4858511,3.4974964],[-76.4858508,3.4974963],[-76.4858504,3.497496],[-76.4858491,3.4974952],[-76.4858434,3.4974917],[-76.4858357,3.4974869],[-76.485828,3.4974823],[-76.4858202,3.4974777],[-76.48582,3.4974776],[-76.4858126,3.497473],[-76.4858049,3.4974683],[-76.485803,3.4974671],[-76.4857972,3.4974636],[-76.4857895,3.4974588],[-76.4857855,3.4974564],[-76.4857818,3.4974541],[-76.4857812,3.4974537],[-76.4857795,3.4974526],[-76.4857785,3.497452],[-76.4857784,3.4974519],[-76.4857742,3.4974493],[-76.4857726,3.4974483],[-76.4857713,3.4974475],[-76.485767,3.4974448],[-76.4857666,3.4974445],[-76.4857652,3.4974437],[-76.4857605,3.4974407],[-76.4857597,3.4974402],[-76.485759,3.4974397],[-76.4857544,3.4974369],[-76.4857538,3.4974365],[-76.4857513,3.4974349],[-76.4857488,3.4974333],[-76.4857471,3.4974322],[-76.4857437,3.4974301],[-76.4857417,3.4974288],[-76.4857369,3.4974258],[-76.4857361,3.4974253],[-76.4857286,3.4974204],[-76.485721,3.4974155],[-76.4857135,3.4974106],[-76.4857058,3.4974057],[-76.4856983,3.4974007],[-76.4856908,3.4973958],[-76.4856832,3.4973908],[-76.4856757,3.4973858],[-76.4856682,3.4973809],[-76.4856607,3.4973758],[-76.4856532,3.4973708],[-76.4856458,3.4973659],[-76.4856383,3.4973607],[-76.4856308,3.4973556],[-76.4856235,3.4973506],[-76.485616,3.4973455],[-76.4856113,3.4973423],[-76.4856086,3.4973404],[-76.4856012,3.4973352],[-76.4855938,3.4973301],[-76.4855864,3.4973249],[-76.485579,3.4973198],[-76.4855716,3.4973145],[-76.4855644,3.4973094],[-76.485557,3.4973042],[-76.4855496,3.4972988],[-76.4855423,3.4972936],[-76.485535,3.4972884],[-76.4855342,3.4972878],[-76.4855278,3.4972831],[-76.4855204,3.4972777],[-76.4855131,3.4972724],[-76.4855128,3.4972721],[-76.4855059,3.4972671],[-76.4854986,3.4972617],[-76.4854913,3.4972563],[-76.4854841,3.497251],[-76.4854769,3.4972456],[-76.4854697,3.4972401],[-76.4854625,3.4972347],[-76.4854553,3.4972293],[-76.4854481,3.4972239],[-76.4854409,3.4972184],[-76.4854338,3.4972129],[-76.4854267,3.4972074],[-76.4854195,3.4972019],[-76.4854124,3.4971964],[-76.4854053,3.4971909],[-76.4853981,3.4971852],[-76.4853911,3.4971797],[-76.485384,3.4971741],[-76.485377,3.4971685],[-76.4853698,3.4971629],[-76.4853629,3.4971573],[-76.4853558,3.4971517],[-76.4853488,3.497146],[-76.4853418,3.4971403],[-76.4853348,3.4971346],[-76.4853277,3.4971289],[-76.4853208,3.4971232],[-76.4853139,3.4971174],[-76.4853069,3.4971116],[-76.4853,3.4971059],[-76.4852931,3.4971001],[-76.4852862,3.4970943],[-76.4852816,3.4970905],[-76.4852793,3.4970885],[-76.4852724,3.4970828],[-76.4852655,3.4970769],[-76.4852586,3.497071],[-76.4852518,3.4970652],[-76.4852511,3.4970645],[-76.4852449,3.4970592],[-76.4852382,3.4970534],[-76.4852313,3.4970475],[-76.4852245,3.4970415],[-76.4852177,3.4970356],[-76.485211,3.4970297],[-76.4852042,3.4970237],[-76.4851975,3.4970177],[-76.4851907,3.4970117],[-76.485184,3.4970057],[-76.4851772,3.4969997],[-76.4851705,3.4969936],[-76.4851639,3.4969876],[-76.4851572,3.4969816],[-76.4851505,3.4969755],[-76.4851439,3.4969694],[-76.4851371,3.4969633],[-76.4851306,3.4969573],[-76.4851241,3.496951],[-76.4851174,3.4969449],[-76.4851108,3.4969387],[-76.4851042,3.4969325],[-76.4850976,3.4969264],[-76.4850911,3.4969202],[-76.4850846,3.4969139],[-76.485078,3.4969077],[-76.4850715,3.4969015],[-76.485065,3.4968951],[-76.4850585,3.4968889],[-76.4850521,3.4968826],[-76.4850457,3.4968764],[-76.4850391,3.4968701],[-76.4850328,3.4968637],[-76.4850263,3.4968573],[-76.4850199,3.4968511],[-76.4850134,3.4968447],[-76.4850071,3.4968384],[-76.4850007,3.4968318],[-76.4849944,3.4968255],[-76.484988,3.4968191],[-76.4849818,3.4968127],[-76.4849754,3.4968062],[-76.4849692,3.4967998],[-76.4849629,3.4967933],[-76.4849565,3.4967868],[-76.4849503,3.4967803],[-76.4849441,3.4967738],[-76.4849378,3.4967673],[-76.4849316,3.4967608],[-76.4849255,3.4967542],[-76.4849192,3.4967475],[-76.484913,3.496741],[-76.4849068,3.4967345],[-76.4849007,3.4967278],[-76.4848946,3.4967213],[-76.4848884,3.4967147],[-76.4848823,3.496708],[-76.4848762,3.4967013],[-76.4848702,3.4966947],[-76.4848641,3.496688],[-76.484858,3.4966814],[-76.484852,3.4966746],[-76.4848459,3.4966679],[-76.48484,3.4966611],[-76.4848339,3.4966544],[-76.4848279,3.4966476],[-76.484822,3.4966409],[-76.484816,3.4966341],[-76.4848101,3.4966274],[-76.4848042,3.4966205],[-76.4847982,3.4966137],[-76.4847923,3.4966069],[-76.4847865,3.4966001],[-76.4847806,3.4965932],[-76.4847747,3.4965863],[-76.484769,3.4965794],[-76.4847631,3.4965726],[-76.4847572,3.4965657],[-76.4847514,3.4965587],[-76.4847456,3.4965519],[-76.4847399,3.4965449],[-76.4847341,3.4965379],[-76.4847283,3.496531],[-76.4847226,3.496524],[-76.4847169,3.4965169],[-76.4847112,3.49651],[-76.4847056,3.496503],[-76.4846999,3.496496],[-76.4846942,3.4964889],[-76.4846886,3.4964819],[-76.4846829,3.4964749],[-76.4846774,3.4964678],[-76.4846717,3.4964607],[-76.4846661,3.4964536],[-76.4846606,3.4964465],[-76.484655,3.4964395],[-76.4846494,3.4964323],[-76.484644,3.4964251],[-76.4846385,3.496418],[-76.484633,3.4964108],[-76.4846312,3.4964085],[-76.4846274,3.4964036],[-76.484622,3.4963965],[-76.4846166,3.4963892],[-76.4846111,3.496382],[-76.4846056,3.4963749],[-76.4846003,3.4963676],[-76.4845949,3.4963603],[-76.4845895,3.4963531],[-76.4845841,3.4963459],[-76.4845788,3.4963386],[-76.4845735,3.4963313],[-76.4845682,3.4963239],[-76.4845628,3.4963167],[-76.4845576,3.4963093],[-76.4845522,3.496302],[-76.484547,3.4962948],[-76.4845418,3.4962873],[-76.4845366,3.49628],[-76.4845313,3.4962726],[-76.4845262,3.4962652],[-76.484521,3.4962578],[-76.4845158,3.4962504],[-76.4845107,3.496243],[-76.4845055,3.4962356],[-76.4845004,3.4962281],[-76.4844954,3.4962206],[-76.4844902,3.4962132],[-76.4844852,3.4962057],[-76.4844801,3.4961982],[-76.4844751,3.4961908],[-76.48447,3.4961833],[-76.4844651,3.4961757],[-76.48446,3.4961682],[-76.4844551,3.4961607],[-76.4844501,3.4961532],[-76.4844452,3.4961456],[-76.4844402,3.4961381],[-76.4844352,3.4961304],[-76.4844305,3.4961229],[-76.4844255,3.4961152],[-76.4844207,3.4961077],[-76.4844158,3.4961],[-76.484411,3.4960924],[-76.4844062,3.4960847],[-76.4844014,3.4960771],[-76.4843966,3.4960694],[-76.4843918,3.4960619],[-76.4843872,3.496054],[-76.4843822,3.4960464],[-76.4843776,3.4960387],[-76.4843729,3.496031],[-76.4843682,3.4960233],[-76.4843635,3.4960156],[-76.4843588,3.4960078],[-76.4843542,3.4960002],[-76.4843495,3.4959924],[-76.4843451,3.4959846],[-76.4843403,3.4959768],[-76.4843358,3.495969],[-76.4843311,3.4959612],[-76.4843266,3.4959534],[-76.4843221,3.4959455],[-76.4843176,3.4959377],[-76.4843131,3.49593],[-76.4843086,3.4959221],[-76.4843041,3.4959143],[-76.4842979,3.495903],[-76.4842927,3.4958956],[-76.4842876,3.4958882],[-76.4842826,3.4958807],[-76.4842774,3.4958732],[-76.4842724,3.4958657],[-76.4842673,3.4958584],[-76.4842623,3.4958508],[-76.4842573,3.4958433],[-76.4842522,3.4958359],[-76.4842472,3.4958284],[-76.4842422,3.4958208],[-76.4842371,3.4958133],[-76.4842322,3.4958058],[-76.4842272,3.4957983],[-76.4842223,3.4957907],[-76.4842172,3.4957831],[-76.4842123,3.4957756],[-76.4842074,3.495768],[-76.4842025,3.4957605],[-76.4841976,3.4957529],[-76.4841927,3.4957453],[-76.4841877,3.4957377],[-76.4841829,3.4957301],[-76.484178,3.4957225],[-76.484173,3.4957149],[-76.4841683,3.4957073],[-76.4841635,3.4956997],[-76.4841585,3.4956921],[-76.4841538,3.4956844],[-76.4841489,3.4956769],[-76.4841442,3.495669],[-76.4841393,3.4956615],[-76.4841346,3.4956538],[-76.4841298,3.4956461],[-76.484125,3.4956384],[-76.4841203,3.4956308],[-76.4841156,3.4956231],[-76.4841108,3.4956154],[-76.4841061,3.4956076],[-76.4841015,3.4956],[-76.4840967,3.4955923],[-76.484092,3.4955845],[-76.4840873,3.4955768],[-76.4840827,3.4955691],[-76.4840781,3.4955614],[-76.4840735,3.4955536],[-76.4840688,3.4955459],[-76.4840641,3.4955381],[-76.4840595,3.4955303],[-76.4840549,3.4955226],[-76.4840504,3.4955148],[-76.4840457,3.495507],[-76.4840412,3.4954991],[-76.4840367,3.4954915],[-76.4840321,3.4954836],[-76.4840274,3.4954758],[-76.4840229,3.4954679],[-76.4840184,3.4954602],[-76.4840139,3.4954524],[-76.4840094,3.4954445],[-76.4840049,3.4954366],[-76.4840004,3.4954288],[-76.4839961,3.495421],[-76.4839917,3.4954131],[-76.4839872,3.4954051],[-76.4839827,3.4953974],[-76.4839784,3.4953894],[-76.4839739,3.4953815],[-76.4839695,3.4953737],[-76.4839651,3.4953657],[-76.4839608,3.4953579],[-76.4839608,3.4953578],[-76.4839565,3.4953499],[-76.4839521,3.495342],[-76.4839521,3.495342],[-76.4839477,3.4953341],[-76.4839434,3.4953262],[-76.4839391,3.4953182],[-76.4839348,3.4953104],[-76.4839305,3.4953024],[-76.4839261,3.4952945],[-76.4839261,3.4952944],[-76.4839219,3.4952865],[-76.4839219,3.4952865],[-76.4839176,3.4952785],[-76.4839134,3.4952705],[-76.4839091,3.4952626],[-76.4839091,3.4952626],[-76.4839049,3.4952547],[-76.4839049,3.4952547],[-76.4839007,3.4952466],[-76.4839007,3.4952466],[-76.4838965,3.4952386],[-76.4838965,3.4952386],[-76.4838923,3.4952306],[-76.4838923,3.4952306],[-76.483888,3.4952226],[-76.483888,3.4952226],[-76.4838839,3.4952146],[-76.4838839,3.4952145],[-76.4838798,3.4952066],[-76.4838797,3.4952066],[-76.4838756,3.4951986],[-76.4838756,3.4951986],[-76.4838715,3.4951905],[-76.4838714,3.4951905],[-76.4838673,3.4951825],[-76.4838673,3.4951825],[-76.4838632,3.4951745],[-76.4838631,3.4951745],[-76.4838592,3.4951665],[-76.4838591,3.4951665],[-76.4838549,3.4951585],[-76.4838549,3.4951584],[-76.4838509,3.4951503],[-76.4838508,3.4951502],[-76.4838468,3.4951422],[-76.4838468,3.4951422],[-76.4838428,3.4951342],[-76.4838428,3.4951342],[-76.4838386,3.495126],[-76.4838386,3.495126],[-76.4838346,3.495118],[-76.4838346,3.495118],[-76.4838305,3.49511],[-76.4838305,3.49511],[-76.4838265,3.4951019],[-76.4838265,3.4951019],[-76.4838225,3.4950937],[-76.4838225,3.4950937],[-76.4838185,3.4950857],[-76.4838185,3.4950857],[-76.4838145,3.4950776],[-76.4838145,3.4950775],[-76.4838107,3.4950694],[-76.4838106,3.4950694],[-76.4838066,3.4950613],[-76.4838066,3.4950613],[-76.4838026,3.4950533],[-76.4838026,3.4950532],[-76.4837986,3.495045],[-76.4837986,3.495045],[-76.4837948,3.495037],[-76.4837948,3.495037],[-76.4837908,3.4950288],[-76.4837908,3.4950288],[-76.4837869,3.4950207],[-76.4837869,3.4950207],[-76.483783,3.4950126],[-76.483783,3.4950125],[-76.4837792,3.4950043],[-76.4837791,3.4950043],[-76.4837753,3.4949963],[-76.4837753,3.4949963],[-76.4837714,3.494988],[-76.4837714,3.494988],[-76.4837676,3.4949799],[-76.4837675,3.4949798],[-76.4837636,3.4949717],[-76.4837636,3.4949716],[-76.4837598,3.4949635],[-76.4837597,3.4949635],[-76.483756,3.4949553],[-76.483756,3.4949553],[-76.4837522,3.4949472],[-76.4837522,3.4949472],[-76.4837484,3.4949389],[-76.4837484,3.4949389],[-76.4837446,3.4949307],[-76.4837446,3.4949307],[-76.4837409,3.4949226],[-76.4837409,3.4949225],[-76.4837371,3.4949144],[-76.483737,3.4949143],[-76.4837333,3.4949061],[-76.4837333,3.4949061],[-76.4837297,3.4948979],[-76.4837297,3.4948979],[-76.4837259,3.4948896],[-76.4837259,3.4948896],[-76.4837222,3.4948814],[-76.4837221,3.4948814],[-76.4837184,3.4948732],[-76.4837184,3.4948731],[-76.4837147,3.494865],[-76.4837147,3.4948649],[-76.483711,3.4948568],[-76.483711,3.4948567],[-76.4837074,3.4948484],[-76.4837074,3.4948484],[-76.4837037,3.4948402],[-76.4837037,3.4948401],[-76.4837001,3.4948319],[-76.4837001,3.4948319],[-76.4836964,3.4948236],[-76.4836964,3.4948236],[-76.4836928,3.4948154],[-76.4836928,3.4948154],[-76.4836892,3.4948071],[-76.4836892,3.4948071],[-76.4836855,3.4947988],[-76.4836855,3.4947988],[-76.4836819,3.4947906],[-76.4836819,3.4947905],[-76.4836784,3.4947822],[-76.4836783,3.4947822],[-76.4836748,3.4947739],[-76.4836748,3.4947739],[-76.4836712,3.4947657],[-76.4836712,3.4947657],[-76.4836677,3.4947573],[-76.4836677,3.4947573],[-76.4836642,3.494749],[-76.4836641,3.494749],[-76.4836606,3.4947407],[-76.4836606,3.4947407],[-76.4836571,3.4947324],[-76.483657,3.4947324],[-76.4836535,3.4947239],[-76.4836535,3.4947239],[-76.4836501,3.4947157],[-76.4836501,3.4947156],[-76.4836466,3.4947073],[-76.4836466,3.4947073],[-76.4836432,3.494699],[-76.4836432,3.494699],[-76.4836397,3.4946907],[-76.4836397,3.4946906],[-76.4836362,3.4946823],[-76.4836362,3.4946822],[-76.4836328,3.4946738],[-76.4836328,3.4946738],[-76.4836293,3.4946656],[-76.4836293,3.4946655],[-76.4836259,3.4946572],[-76.4836259,3.4946572],[-76.4836225,3.4946488],[-76.4836225,3.4946488],[-76.4836192,3.4946404],[-76.4836192,3.4946404],[-76.4836158,3.4946321],[-76.4836158,3.4946321],[-76.4836124,3.4946237],[-76.4836124,3.4946236],[-76.4836091,3.4946153],[-76.483609,3.4946152],[-76.4836057,3.4946069],[-76.4836057,3.4946069],[-76.4836023,3.4945985],[-76.4836023,3.4945985],[-76.4835991,3.4945901],[-76.4835991,3.4945901],[-76.4835958,3.4945817],[-76.4835958,3.4945817],[-76.4835925,3.4945733],[-76.4835924,3.4945733],[-76.4835892,3.4945648],[-76.4835892,3.4945648],[-76.4835859,3.4945564],[-76.4835858,3.4945564],[-76.4835826,3.494548],[-76.4835826,3.494548],[-76.4835794,3.4945396],[-76.4835794,3.4945396],[-76.4835761,3.4945312],[-76.4835761,3.4945312],[-76.4835729,3.4945227],[-76.4835728,3.4945227],[-76.4835697,3.4945142],[-76.4835697,3.4945142],[-76.4835665,3.4945058],[-76.4835664,3.4945058],[-76.4835633,3.4944974],[-76.4835633,3.4944973],[-76.4835601,3.4944888],[-76.48356,3.4944888],[-76.4835569,3.4944804],[-76.4835569,3.4944804],[-76.4835537,3.494472],[-76.4835537,3.494472],[-76.4835506,3.4944635],[-76.4835506,3.4944635],[-76.4835475,3.494455],[-76.4835475,3.494455],[-76.4835443,3.4944465],[-76.4835443,3.4944464],[-76.4835412,3.4944381],[-76.4835412,3.494438],[-76.4835381,3.4944295],[-76.4835381,3.4944295],[-76.483535,3.494421],[-76.483535,3.4944209],[-76.4835319,3.4944126],[-76.4835319,3.4944125],[-76.4835289,3.4944041],[-76.4835289,3.4944041],[-76.4835258,3.4943955],[-76.4835258,3.4943955],[-76.4835228,3.4943871],[-76.4835228,3.494387],[-76.4835197,3.4943785],[-76.4835197,3.4943785],[-76.4835168,3.49437],[-76.4835167,3.49437],[-76.4835137,3.4943615],[-76.4835137,3.4943614],[-76.4835107,3.4943529],[-76.4835107,3.4943529],[-76.4835078,3.4943445],[-76.4835078,3.4943445],[-76.4835048,3.4943359],[-76.4835048,3.4943359],[-76.4835017,3.4943273],[-76.4835017,3.4943273],[-76.4834988,3.4943188],[-76.4834988,3.4943188],[-76.483496,3.4943102],[-76.4834959,3.4943102],[-76.483493,3.4943017],[-76.483493,3.4943017],[-76.4834901,3.4942932],[-76.4834901,3.4942931],[-76.4834872,3.4942846],[-76.4834872,3.4942846],[-76.4834843,3.4942761],[-76.4834843,3.494276],[-76.4834814,3.4942674],[-76.4834814,3.4942674],[-76.4834785,3.4942588],[-76.4834785,3.4942588],[-76.4834757,3.4942503],[-76.4834757,3.4942503],[-76.4834729,3.4942418],[-76.4834729,3.4942418],[-76.48347,3.4942332],[-76.48347,3.4942331],[-76.4834672,3.4942246],[-76.4834672,3.4942245],[-76.4834644,3.494216],[-76.4834644,3.494216],[-76.4834617,3.4942074],[-76.4834616,3.4942074],[-76.4834588,3.4941988],[-76.4834588,3.4941988],[-76.483456,3.4941902],[-76.483456,3.4941901],[-76.4834532,3.4941816],[-76.4834532,3.4941816],[-76.4834505,3.4941729],[-76.4834505,3.4941729],[-76.4834477,3.4941644],[-76.4834477,3.4941643],[-76.4834451,3.4941557],[-76.4834451,3.4941557],[-76.4834424,3.4941471],[-76.4834424,3.494147],[-76.4834397,3.4941385],[-76.4834396,3.4941385],[-76.4834369,3.4941298],[-76.4834369,3.4941298],[-76.4834342,3.4941212],[-76.4834342,3.4941212],[-76.4834316,3.4941125],[-76.4834316,3.4941125],[-76.483429,3.494104],[-76.483429,3.4941039],[-76.4834262,3.4940953],[-76.4834262,3.4940952],[-76.4834238,3.4940866],[-76.4834238,3.4940866],[-76.483421,3.494078],[-76.483421,3.4940779],[-76.4834184,3.4940693],[-76.4834184,3.4940693],[-76.4834158,3.4940606],[-76.4834158,3.4940606],[-76.4834133,3.494052],[-76.4834133,3.494052],[-76.4834107,3.4940433],[-76.4834107,3.4940433],[-76.4834081,3.4940348],[-76.4834081,3.4940347],[-76.4834056,3.494026],[-76.4834056,3.4940259],[-76.483403,3.4940173],[-76.483403,3.4940173],[-76.4834005,3.4940086],[-76.4834005,3.4940086],[-76.483398,3.494],[-76.483398,3.4939999],[-76.4833955,3.4939913],[-76.4833955,3.4939912],[-76.4833931,3.4939826],[-76.483393,3.4939825],[-76.4833905,3.4939739],[-76.4833905,3.4939738],[-76.483388,3.4939652],[-76.483388,3.4939652],[-76.4833856,3.4939565],[-76.4833856,3.4939565],[-76.4833833,3.4939479],[-76.4833833,3.4939478],[-76.4833808,3.493939],[-76.4833807,3.493939],[-76.4833784,3.4939304],[-76.4833784,3.4939303],[-76.4833759,3.4939217],[-76.4833759,3.4939217],[-76.4833735,3.4939129],[-76.4833735,3.4939129],[-76.4833711,3.4939043],[-76.4833711,3.4939042],[-76.4833688,3.4938955],[-76.4833688,3.4938954],[-76.4833664,3.4938868],[-76.4833664,3.4938868],[-76.4833641,3.493878],[-76.4833641,3.493878],[-76.4833618,3.4938693],[-76.4833618,3.4938693],[-76.4833594,3.4938606],[-76.4833594,3.4938605],[-76.4833571,3.4938518],[-76.4833571,3.4938518],[-76.4833548,3.4938431],[-76.4833548,3.4938431],[-76.4833526,3.4938343],[-76.4833526,3.4938343],[-76.4833503,3.4938256],[-76.4833502,3.4938255],[-76.483348,3.4938168],[-76.483348,3.4938168],[-76.4833458,3.4938081],[-76.4833457,3.493808],[-76.4833435,3.4937992],[-76.4833435,3.4937992],[-76.4833413,3.4937906],[-76.4833413,3.4937906],[-76.4833391,3.4937818],[-76.4833391,3.4937817],[-76.4833369,3.493773],[-76.4833369,3.493773],[-76.4833347,3.4937643],[-76.4833346,3.4937642],[-76.4833325,3.4937555],[-76.4833325,3.4937555],[-76.4833304,3.4937467],[-76.4833304,3.4937466],[-76.4833282,3.4937378],[-76.4833282,3.4937378],[-76.4833261,3.4937291],[-76.4833261,3.4937291],[-76.4833239,3.4937203],[-76.4833239,3.4937203],[-76.4833218,3.4937115],[-76.4833218,3.4937115],[-76.4833197,3.4937028],[-76.4833197,3.4937027],[-76.4833177,3.493694],[-76.4833177,3.493694],[-76.4833155,3.4936852],[-76.4833155,3.4936852],[-76.4833136,3.4936764],[-76.4833136,3.4936763],[-76.4833114,3.4936675],[-76.4833114,3.4936675],[-76.4833093,3.4936587],[-76.4833093,3.4936587],[-76.4833073,3.4936499],[-76.4833073,3.4936499],[-76.4833053,3.4936411],[-76.4833053,3.4936411],[-76.4833033,3.4936323],[-76.4833033,3.4936323],[-76.4833013,3.4936235],[-76.4833013,3.4936235],[-76.4832993,3.4936147],[-76.4832993,3.4936146],[-76.4832973,3.4936058],[-76.4832973,3.4936058],[-76.4832954,3.493597],[-76.4832954,3.493597],[-76.4832935,3.4935882],[-76.4832935,3.4935881],[-76.4832915,3.4935794],[-76.4832915,3.4935793],[-76.4832896,3.4935705],[-76.4832896,3.4935705],[-76.4832877,3.4935617],[-76.4832877,3.4935617],[-76.4832858,3.4935528],[-76.4832858,3.4935527],[-76.483284,3.493544],[-76.483284,3.493544],[-76.4832821,3.4935352],[-76.4832821,3.4935352],[-76.4832802,3.4935263],[-76.4832802,3.4935263],[-76.4832783,3.4935175],[-76.4832783,3.4935174],[-76.4832765,3.4935086],[-76.4832765,3.4935086],[-76.4832746,3.4934997],[-76.4832746,3.4934997],[-76.4832728,3.4934909],[-76.4832728,3.4934909],[-76.483271,3.4934821],[-76.483271,3.4934821],[-76.4832692,3.4934732],[-76.4832692,3.4934731],[-76.4832675,3.4934643],[-76.4832675,3.4934642],[-76.4832657,3.4934554],[-76.4832657,3.4934554],[-76.483264,3.4934465],[-76.4832639,3.4934465],[-76.4832622,3.4934377],[-76.4832622,3.4934377],[-76.4832604,3.4934289],[-76.4832604,3.4934288],[-76.4832588,3.49342],[-76.4832587,3.4934199],[-76.4832571,3.493411],[-76.4832571,3.4934109],[-76.4832553,3.4934022],[-76.4832553,3.4934021],[-76.4832537,3.4933933],[-76.4832537,3.4933933],[-76.483252,3.4933844],[-76.483252,3.4933844],[-76.4832503,3.4933754],[-76.4832503,3.4933754],[-76.4832487,3.4933666],[-76.4832487,3.4933666],[-76.4832471,3.4933578],[-76.4832471,3.4933577],[-76.4832455,3.4933489],[-76.4832455,3.4933488],[-76.4832439,3.4933399],[-76.4832438,3.4933399],[-76.4832422,3.4933311],[-76.4832422,3.493331],[-76.4832407,3.4933222],[-76.4832407,3.4933221],[-76.4832391,3.4933133],[-76.4832391,3.4933132],[-76.4832375,3.4933043],[-76.4832375,3.4933043],[-76.483236,3.4932955],[-76.483236,3.4932954],[-76.4832345,3.4932865],[-76.4832345,3.4932865],[-76.483233,3.4932776],[-76.483233,3.4932776],[-76.4832314,3.4932687],[-76.4832314,3.4932687],[-76.48323,3.4932598],[-76.48323,3.4932598],[-76.4832285,3.4932509],[-76.4832285,3.4932508],[-76.483227,3.4932419],[-76.483227,3.4932419],[-76.4832255,3.493233],[-76.4832255,3.493233],[-76.483224,3.4932241],[-76.483224,3.4932241],[-76.4832226,3.4932151],[-76.4832226,3.4932151],[-76.4832212,3.4932063],[-76.4832212,3.4932063],[-76.4832198,3.4931973],[-76.4832198,3.4931972],[-76.4832183,3.4931884],[-76.4832183,3.4931883],[-76.483217,3.4931794],[-76.483217,3.4931793],[-76.4832156,3.4931705],[-76.4832156,3.4931704],[-76.4832143,3.4931615],[-76.4832143,3.4931615],[-76.483213,3.4931526],[-76.483213,3.4931526],[-76.4832116,3.4931436],[-76.4832116,3.4931435],[-76.4832103,3.4931347],[-76.4832103,3.4931347],[-76.4832089,3.4931258],[-76.4832089,3.4931257],[-76.4832077,3.4931169],[-76.4832077,3.4931168],[-76.4832063,3.4931079],[-76.4832063,3.4931078],[-76.4832051,3.4930989],[-76.4832051,3.4930989],[-76.4832038,3.4930899],[-76.4832038,3.4930899],[-76.4832025,3.493081],[-76.4832025,3.493081],[-76.4832013,3.4930721],[-76.4832013,3.493072],[-76.4832001,3.4930631],[-76.4832001,3.4930631],[-76.4831989,3.4930542],[-76.4831989,3.4930542],[-76.4831977,3.4930451],[-76.4831977,3.4930451],[-76.4831965,3.4930362],[-76.4831965,3.4930361],[-76.4831952,3.4930273],[-76.4831952,3.4930272],[-76.4831942,3.4930182],[-76.4831942,3.4930182],[-76.483193,3.4930093],[-76.483193,3.4930093],[-76.4831919,3.4930004],[-76.4831919,3.4930003],[-76.4831907,3.4929914],[-76.4831907,3.4929913],[-76.4831896,3.4929825],[-76.4831896,3.4929824],[-76.4831885,3.4929734],[-76.4831885,3.4929734],[-76.4831874,3.4929645],[-76.4831874,3.4929644],[-76.4831862,3.4929555],[-76.4831862,3.4929555],[-76.4831853,3.4929464],[-76.4831853,3.4929464],[-76.4831842,3.4929375],[-76.4831842,3.4929374],[-76.4831831,3.4929284],[-76.4831831,3.4929284],[-76.4831822,3.4929195],[-76.4831822,3.4929195],[-76.4831811,3.4929106],[-76.4831811,3.4929105],[-76.4831801,3.4929016],[-76.4831801,3.4929015],[-76.4831791,3.4928925],[-76.4831791,3.4928925],[-76.4831782,3.4928836],[-76.4831782,3.4928835],[-76.4831772,3.4928745],[-76.4831772,3.4928745],[-76.4831762,3.4928656],[-76.4831762,3.4928656],[-76.4831753,3.4928566],[-76.4831753,3.4928565],[-76.4831744,3.4928476],[-76.4831744,3.4928476],[-76.4831734,3.4928386],[-76.4831734,3.4928386],[-76.4831725,3.4928296],[-76.4831725,3.4928295],[-76.4831716,3.4928207],[-76.4831716,3.4928206],[-76.4831707,3.4928116],[-76.4831707,3.4928116],[-76.4831699,3.4928026],[-76.4831699,3.4928026],[-76.483169,3.4927936],[-76.483169,3.4927936],[-76.4831682,3.4927846],[-76.4831682,3.4927845],[-76.4831674,3.4927756],[-76.4831674,3.4927756],[-76.4831666,3.4927674],[-76.4831665,3.4927666],[-76.4831665,3.4927666],[-76.4831658,3.4927576],[-76.4831658,3.4927576],[-76.4831642,3.4927397],[-76.4831642,3.4927397],[-76.4831637,3.4927307],[-76.4831637,3.4927306],[-76.4831633,3.4927216],[-76.4831633,3.4927216],[-76.4831629,3.4927126],[-76.4831629,3.4927125],[-76.4831624,3.4927035],[-76.4831624,3.4927035],[-76.483162,3.4926945],[-76.483162,3.4926945],[-76.4831615,3.4926855],[-76.4831615,3.4926854],[-76.4831612,3.4926765],[-76.4831612,3.4926764],[-76.4831607,3.4926674],[-76.4831607,3.4926674],[-76.4831603,3.4926584],[-76.4831603,3.4926584],[-76.4831599,3.4926494],[-76.4831599,3.4926493],[-76.4831595,3.4926403],[-76.4831595,3.4926403],[-76.4831591,3.4926313],[-76.4831591,3.4926312],[-76.4831586,3.4926222],[-76.4831586,3.4926222],[-76.4831582,3.4926133],[-76.4831581,3.4926133],[-76.483158,3.4926109],[-76.4831577,3.4926043],[-76.4831577,3.4926042],[-76.4831575,3.4926006],[-76.4831573,3.4925969],[-76.4831572,3.4925952],[-76.4831572,3.4925952],[-76.4831568,3.4925862],[-76.4831568,3.4925862],[-76.4831563,3.4925771],[-76.4831563,3.4925771],[-76.4831558,3.4925681],[-76.4831558,3.4925681],[-76.4831554,3.4925591],[-76.4831554,3.492559],[-76.4831549,3.49255],[-76.4831549,3.49255],[-76.4831546,3.492541],[-76.4831546,3.4925409],[-76.483154,3.4925319],[-76.483154,3.4925319],[-76.483154,3.4925313],[-76.4831536,3.4925229],[-76.4831536,3.4925228],[-76.4831537,3.4925192],[-76.4831537,3.4925192],[-76.4831526,3.4925049],[-76.4831493,3.4924416],[-76.4831411,3.4922971],[-76.4831334,3.4921708],[-76.4831263,3.4920625],[-76.4831227,3.4920084],[-76.4831152,3.4919001],[-76.483108,3.4918009],[-76.4830984,3.4916747],[-76.4830891,3.4915575],[-76.4830762,3.4914043],[-76.4830618,3.4912422],[-76.4830521,3.4911376],[-76.4830517,3.4911341],[-76.4830396,3.4910081],[-76.4830306,3.4909181],[-76.4830233,3.4908461],[-76.4830071,3.4906933],[-76.4829942,3.4905764],[-76.4829841,3.4904865],[-76.4829747,3.4904057],[-76.4829564,3.490253],[-76.4829454,3.4901633],[-76.4829317,3.4900556],[-76.482919,3.489957],[-76.4829102,3.4898907],[-76.482906,3.4898457],[-76.4828986,3.4897829],[-76.4828868,3.4897024],[-76.482879,3.4896578],[-76.4828723,3.4896223],[-76.4828591,3.4895604],[-76.4828422,3.48949],[-76.4828307,3.4894463],[-76.4828132,3.4893856],[-76.4827997,3.4893424],[-76.4827765,3.489274],[-76.4827545,3.4892146],[-76.4827311,3.4891558],[-76.4827062,3.4890977],[-76.4826798,3.4890402],[-76.482656,3.4889915],[-76.4826226,3.4889274],[-76.4826008,3.4888878],[-76.4825551,3.4888099],[-76.4825263,3.4887641],[-76.4824915,3.4887113],[-76.4824606,3.4886669],[-76.4824216,3.4886136],[-76.4823498,3.4884881],[-76.4822514,3.4883155],[-76.4821046,3.4880561],[-76.4820602,3.4879774],[-76.482016,3.4878987],[-76.4819497,3.4877805],[-76.4819409,3.4877647],[-76.4818967,3.4876859],[-76.4818177,3.4875439],[-76.4818045,3.4875202],[-76.4817569,3.4874347],[-76.4816396,3.4869238],[-76.481516,3.4858858],[-76.4814908,3.4856744],[-76.4814909,3.4849871],[-76.481437,3.4843088],[-76.481329,3.4837391],[-76.4811401,3.4830879],[-76.4808432,3.4826809],[-76.4804652,3.4823463],[-76.4800871,3.482139],[-76.4795743,3.4818579],[-76.4795563,3.4818579],[-76.4795473,3.4818488],[-76.4795293,3.4818488],[-76.4795203,3.4818398],[-76.4795023,3.4818398],[-76.4794933,3.4818307],[-76.4794843,3.4818307],[-76.4794753,3.4818217],[-76.4794663,3.4818217],[-76.4794573,3.4818126],[-76.4794393,3.4818126],[-76.4794303,3.4818036],[-76.4794213,3.4818036],[-76.4794123,3.4817945],[-76.4794033,3.4817945],[-76.4794033,3.4817855],[-76.4793853,3.4817855],[-76.4793763,3.4817764],[-76.4793673,3.4817764],[-76.4793583,3.4817674],[-76.4793493,3.4817674],[-76.4793403,3.4817583],[-76.4793313,3.4817583],[-76.4793313,3.4817493],[-76.4793223,3.4817493],[-76.4793133,3.4817403],[-76.4793043,3.4817403],[-76.4792953,3.4817312],[-76.4792863,3.4817312],[-76.4792593,3.4817041],[-76.4792503,3.4817041],[-76.4792413,3.481695],[-76.4792324,3.481695],[-76.4792324,3.481686],[-76.4792234,3.481686],[-76.4792054,3.4816679],[-76.4791964,3.4816679],[-76.4791964,3.4816589],[-76.4791874,3.4816589],[-76.4791694,3.4816408],[-76.4791604,3.4816408],[-76.4791604,3.4816317],[-76.4791514,3.4816317],[-76.4791154,3.4815955],[-76.4791064,3.4815955],[-76.4791064,3.4815865],[-76.4790974,3.4815775],[-76.4790884,3.4815775],[-76.4790794,3.4815684],[-76.4790794,3.4815594],[-76.4790704,3.4815503],[-76.4790614,3.4815503],[-76.4790614,3.4815413],[-76.4790524,3.4815322],[-76.4790434,3.4815322],[-76.4790344,3.4815232],[-76.4790344,3.4815141],[-76.4790254,3.4815051],[-76.4790164,3.4815051],[-76.4790164,3.4814961],[-76.4790074,3.481487],[-76.4789984,3.481487],[-76.4789984,3.481478],[-76.4789804,3.4814599],[-76.4789804,3.4814508],[-76.4789714,3.4814508],[-76.4789714,3.4814418],[-76.4789354,3.4814056],[-76.4789354,3.4813966],[-76.4789174,3.4813785],[-76.4789174,3.4813694],[-76.4788994,3.4813513],[-76.4788994,3.4813423],[-76.4788904,3.4813423],[-76.4788904,3.4813333],[-76.4788814,3.4813242],[-76.4788814,3.4813152],[-76.4788724,3.4813061],[-76.4788724,3.4812971],[-76.4788634,3.4812971],[-76.4788634,3.481288],[-76.4788544,3.481279],[-76.4788544,3.48127],[-76.4788454,3.4812609],[-76.4788454,3.4812519],[-76.4788364,3.4812428],[-76.4788364,3.4812338],[-76.4788274,3.4812338],[-76.4788274,3.4812247],[-76.4788184,3.4812157],[-76.4788184,3.4812066],[-76.4788094,3.4811976],[-76.4788094,3.4811795],[-76.4788004,3.4811705],[-76.4788004,3.4811614],[-76.4787824,3.4811433],[-76.4787824,3.4811252],[-76.4787734,3.4811162],[-76.4787734,3.4810981],[-76.4787644,3.4810891],[-76.4787644,3.481071],[-76.4787554,3.4810619],[-76.4787554,3.4810439],[-76.4787464,3.4810348],[-76.4787464,3.4810258],[-76.4787374,3.4810167],[-76.4787374,3.4809986],[-76.4787285,3.4809896],[-76.4787285,3.4809625],[-76.4787195,3.4809534],[-76.4787195,3.4809263],[-76.4787105,3.4809172],[-76.4787105,3.4808811],[-76.4787015,3.480872],[-76.4787015,3.4808359],[-76.4786925,3.4808268],[-76.4786925,3.4807635],[-76.4786835,3.4807545],[-76.4786835,3.480664],[-76.4784766,3.4797416],[-76.4784767,3.4785298],[-76.4784727,3.4785238],[-76.4784713,3.4784695],[-76.4784681,3.4784062],[-76.4784634,3.4783432],[-76.4784591,3.4782982],[-76.4784519,3.4782353],[-76.4784416,3.4781637],[-76.4784342,3.4781191],[-76.4784207,3.478048],[-76.4784073,3.4779861],[-76.4783947,3.4779333],[-76.4783833,3.4778897],[-76.4783661,3.4778287],[-76.4783474,3.4777683],[-76.4783273,3.4777082],[-76.4783057,3.4776488],[-76.4782826,3.4775899],[-76.4782582,3.4775315],[-76.4782246,3.4774575],[-76.4782009,3.4774087],[-76.4781637,3.4773365],[-76.4781241,3.4772655],[-76.4780824,3.4771957],[-76.4780483,3.4771425],[-76.4780131,3.47709],[-76.4779924,3.4770604],[-76.4779551,3.4770093],[-76.4779278,3.4769734],[-76.4778827,3.476917],[-76.4778445,3.4768717],[-76.4776929,3.4766975],[-76.4772287,3.4761642],[-76.4769651,3.475916],[-76.4763442,3.4752829],[-76.4763352,3.4752739],[-76.4763262,3.4752739],[-76.4762902,3.4752377],[-76.4762812,3.4752377],[-76.4762812,3.4752287],[-76.4762722,3.4752196],[-76.4762632,3.4752196],[-76.4762632,3.4752106],[-76.4762542,3.4752015],[-76.4762452,3.4752015],[-76.4762362,3.4751925],[-76.4762362,3.4751834],[-76.4762272,3.4751834],[-76.4762092,3.4751654],[-76.4762092,3.4751563],[-76.4762002,3.4751563],[-76.4761912,3.4751473],[-76.4761912,3.4751382],[-76.4761822,3.4751382],[-76.4761732,3.4751292],[-76.4761732,3.4751201],[-76.4761642,3.4751111],[-76.4761552,3.4751111],[-76.4761552,3.475102],[-76.4761462,3.475093],[-76.4761372,3.475093],[-76.4761282,3.475084],[-76.4761282,3.4750749],[-76.4761193,3.4750659],[-76.4761103,3.4750659],[-76.4761103,3.4750568],[-76.4761013,3.4750478],[-76.4761013,3.4750387],[-76.4760923,3.4750387],[-76.4760833,3.4750297],[-76.4760833,3.4750206],[-76.4760473,3.4749845],[-76.4760473,3.4749754],[-76.4760383,3.4749754],[-76.4760383,3.4749664],[-76.4760203,3.4749483],[-76.4760203,3.4749392],[-76.4760113,3.4749392],[-76.4760023,3.4749302],[-76.4760023,3.4749212],[-76.4759933,3.4749121],[-76.4759933,3.4749031],[-76.4759843,3.4749031],[-76.4759753,3.474894],[-76.4759753,3.474885],[-76.4759663,3.4748759],[-76.4759663,3.4748669],[-76.4759573,3.4748669],[-76.4759573,3.4748578],[-76.4759393,3.4748398],[-76.4759393,3.4748307],[-76.4759303,3.4748307],[-76.4759303,3.4748217],[-76.4759213,3.4748126],[-76.4759213,3.4748036],[-76.4759123,3.4747945],[-76.4759123,3.4747855],[-76.4759033,3.4747765],[-76.4758943,3.4747765],[-76.4758943,3.4747674],[-76.4758853,3.4747584],[-76.4758853,3.4747493],[-76.4758763,3.4747403],[-76.4758763,3.4747312],[-76.4758673,3.4747312],[-76.4758673,3.4747222],[-76.4758583,3.4747131],[-76.4758583,3.4747041],[-76.4758493,3.4746951],[-76.4758493,3.474686],[-76.4758313,3.4746679],[-76.4758313,3.4746589],[-76.4758223,3.4746498],[-76.4758223,3.4746408],[-76.4758133,3.4746317],[-76.4758133,3.4746227],[-76.4758043,3.4746137],[-76.4758043,3.4746046],[-76.4757953,3.4746046],[-76.4757953,3.4745865],[-76.4757863,3.4745775],[-76.4757863,3.4745684],[-76.4757773,3.4745594],[-76.4757773,3.4745504],[-76.4757683,3.4745413],[-76.4757683,3.4745323],[-76.4757593,3.4745323],[-76.4757593,3.4745142],[-76.4757503,3.4745051],[-76.4757503,3.4744961],[-76.4757413,3.474487],[-76.4757413,3.474469],[-76.4757323,3.4744599],[-76.4757323,3.4744509],[-76.4757233,3.4744418],[-76.4757233,3.4744328],[-76.4757143,3.4744237],[-76.4757143,3.4744147],[-76.4757053,3.4744056],[-76.4757053,3.4743876],[-76.4756964,3.4743785],[-76.4756964,3.4743604],[-76.4756874,3.4743514],[-76.4756874,3.4743333],[-76.4756784,3.4743243],[-76.4756784,3.4743152],[-76.4756694,3.4743062],[-76.4756694,3.4742881],[-76.4756604,3.474279],[-76.4756604,3.4742609],[-76.4756514,3.4742519],[-76.4756514,3.4742338],[-76.4756424,3.4742248],[-76.4756424,3.4741976],[-76.4756334,3.4741886],[-76.4756334,3.4741705],[-76.4756244,3.4741615],[-76.4756244,3.4741343],[-76.4756154,3.4741253],[-76.4756154,3.4741072],[-76.4756064,3.4740982],[-76.4756064,3.474062],[-76.4755974,3.4740529],[-76.4755974,3.4740258],[-76.4755884,3.4740168],[-76.4755884,3.4739716],[-76.4755794,3.4739625],[-76.4755794,3.4739263],[-76.4755704,3.4739173],[-76.4755704,3.473863],[-76.4755614,3.473854],[-76.4755614,3.4737816],[-76.4755524,3.4737726],[-76.4755524,3.473655],[-76.4755434,3.473646],[-76.4755435,3.4734651],[-76.4755525,3.4734561],[-76.4755525,3.4733385],[-76.4755615,3.4733295],[-76.4755616,3.4725698],[-76.4756114,3.471321],[-76.4756157,3.4712133],[-76.4756157,3.4711048],[-76.4756247,3.4710958],[-76.4756248,3.4707883],[-76.4756158,3.4707792],[-76.4756158,3.4706345],[-76.4756068,3.4706255],[-76.4756068,3.4705351],[-76.4755978,3.470526],[-76.4755978,3.4704537],[-76.4755888,3.4704446],[-76.4755888,3.4703904],[-76.4755798,3.4703813],[-76.4755798,3.4703271],[-76.4755708,3.470318],[-76.4755708,3.4702728],[-76.4755618,3.4702638],[-76.4755619,3.4702185],[-76.4755529,3.4702095],[-76.4755529,3.4701733],[-76.4755439,3.4701643],[-76.4755439,3.4701281],[-76.4755349,3.4701191],[-76.4755349,3.4700919],[-76.4755259,3.4700829],[-76.4755259,3.4700558],[-76.4755169,3.4700467],[-76.4755169,3.4700105],[-76.4755079,3.4700015],[-76.4755079,3.4699744],[-76.4754989,3.4699653],[-76.4754989,3.4699499],[-76.4754989,3.4699382],[-76.4754899,3.4699291],[-76.4754899,3.469902],[-76.4754809,3.469893],[-76.4754809,3.4698749],[-76.4754719,3.4698658],[-76.4754719,3.4698387],[-76.4754629,3.4698297],[-76.4754629,3.4698206],[-76.4754539,3.4698116],[-76.4754539,3.4697844],[-76.4754449,3.4697754],[-76.4754449,3.4697573],[-76.4754359,3.4697483],[-76.4754359,3.4697211],[-76.4754269,3.4697121],[-76.4754269,3.469694],[-76.4754179,3.469685],[-76.4754179,3.4696669],[-76.4754089,3.4696578],[-76.4754089,3.4696397],[-76.4753999,3.4696397],[-76.4753999,3.4696217],[-76.4753909,3.4696126],[-76.4753909,3.4695945],[-76.4753819,3.4695855],[-76.4753819,3.4695674],[-76.4753729,3.4695584],[-76.4753729,3.4695403],[-76.4753639,3.4695312],[-76.4753639,3.4695222],[-76.4753549,3.4695131],[-76.4753549,3.4695041],[-76.4753459,3.469495],[-76.475346,3.469477],[-76.475337,3.4694679],[-76.475337,3.4694498],[-76.475328,3.4694408],[-76.475328,3.4694317],[-76.475319,3.4694227],[-76.475319,3.4694046],[-76.475301,3.4693865],[-76.475301,3.4693684],[-76.475292,3.4693594],[-76.475292,3.4693503],[-76.475283,3.4693413],[-76.475283,3.4693232],[-76.475274,3.4693142],[-76.475274,3.4693051],[-76.475265,3.4692961],[-76.475265,3.469287],[-76.475256,3.469278],[-76.475256,3.469269],[-76.475247,3.4692599],[-76.475247,3.4692509],[-76.475238,3.4692418],[-76.475238,3.4692237],[-76.475229,3.4692147],[-76.475229,3.4692056],[-76.47522,3.4692056],[-76.4748961,3.4686359],[-76.4748783,3.4685957],[-76.4748604,3.4685632],[-76.4748599,3.4685623],[-76.4758687,3.4682672],[-76.4758701,3.4682668],[-76.479612,3.46709],[-76.4797721,3.4670441],[-76.4802437,3.4668941],[-76.48047,3.4668222],[-76.4809506,3.4666629],[-76.4816595,3.4664312],[-76.4820609,3.4663044],[-76.4831951,3.4659194],[-76.4835917,3.4657842],[-76.4843775,3.4655332],[-76.4843968,3.4655268],[-76.4843972,3.4655266],[-76.4849577,3.4673348],[-76.4850657,3.4676423],[-76.4857494,3.4698218],[-76.4859214,3.4703741],[-76.485945,3.4704502],[-76.485947,3.4704565],[-76.486125,3.4710282],[-76.4864871,3.4721912],[-76.486721,3.4728966],[-76.486856,3.4733579],[-76.487186,3.4744095],[-76.4877556,3.4762247],[-76.4878072,3.4763771],[-76.4878996,3.4766498],[-76.4880885,3.4772467],[-76.4882234,3.4776627],[-76.4882434,3.47772],[-76.4882864,3.4778435],[-76.4883328,3.4780125],[-76.4883584,3.4781058],[-76.4885293,3.4786484],[-76.4886463,3.4790102],[-76.4887362,3.4792905],[-76.4888802,3.4797427],[-76.4890151,3.4801949],[-76.4890978,3.4804859],[-76.4891411,3.480638],[-76.489267,3.4810269],[-76.489402,3.4815786],[-76.489411,3.4816147],[-76.4895639,3.482076],[-76.4898741,3.4828787],[-76.4899238,3.4830075],[-76.4900588,3.4832788],[-76.4901668,3.4834778],[-76.4902567,3.4836044],[-76.4903377,3.4837219],[-76.4904277,3.4838305],[-76.4905447,3.4839661],[-76.4906437,3.4840747],[-76.4907427,3.4841742],[-76.4908687,3.4842827],[-76.4909046,3.4843189],[-76.4909348,3.4843435],[-76.4910486,3.4844364],[-76.4912736,3.4845993],[-76.4913726,3.4846626],[-76.4914986,3.4847349],[-76.4916696,3.4848163],[-76.4918136,3.4848797],[-76.4919485,3.4849339],[-76.4920925,3.4849882],[-76.4922275,3.4850334],[-76.4923625,3.4850787],[-76.4925065,3.4851239],[-76.4926325,3.4851601],[-76.4928755,3.4852234],[-76.4939824,3.4854858],[-76.4942792,3.4855983],[-76.4945314,3.4856938],[-76.4947834,3.4858114],[-76.4950354,3.4859019],[-76.495267,3.4859877],[-76.4952686,3.4859882],[-76.4953773,3.4860285],[-76.4957463,3.486119],[-76.4970692,3.4863452],[-76.4972042,3.4863904],[-76.4986666,3.4868478],[-76.4988241,3.486897],[-76.4995891,3.4871322],[-76.499626,3.4871435],[-76.4996305,3.4871449],[-76.499661,3.4871549],[-76.5003773,3.4873878],[-76.500667,3.4874849],[-76.5009291,3.487582],[-76.501405,3.4877484],[-76.5019293,3.4879425],[-76.5024052,3.4881227],[-76.5026673,3.4882059],[-76.5028441,3.4882689],[-76.502949,3.4883062],[-76.5031603,3.4883928],[-76.5031905,3.4884052],[-76.5031087,3.4884743],[-76.503046,3.4885632],[-76.5030428,3.4885687],[-76.503019,3.4886097],[-76.5029146,3.4888275],[-76.5028142,3.4890654],[-76.5026978,3.4892832],[-76.5025693,3.4896018],[-76.502481,3.4898237],[-76.5023967,3.4900778],[-76.5023531,3.4901808],[-76.5023126,3.4902768],[-76.5022859,3.4903189],[-76.5022363,3.4904223],[-76.5022357,3.4904233],[-76.5020211,3.4906459],[-76.5018389,3.4907978],[-76.5017062,3.4908925],[-76.5016984,3.490897],[-76.5016907,3.4909017],[-76.501683,3.4909064],[-76.5016754,3.4909113],[-76.5016712,3.490914],[-76.5016679,3.4909162],[-76.5016604,3.4909213],[-76.501653,3.4909264],[-76.5016457,3.4909317],[-76.5016385,3.490937],[-76.5016361,3.4909388],[-76.5015659,3.4910001],[-76.5014478,3.4911617],[-76.5012353,3.4914522],[-76.5010757,3.491725],[-76.5009194,3.4919841],[-76.5008068,3.4921152],[-76.5007965,3.4921272],[-76.5007755,3.4921578],[-76.5006803,3.4922994],[-76.5006539,3.4923403],[-76.5005964,3.4924295],[-76.5004898,3.4925788],[-76.5003831,3.4927548],[-76.5002742,3.4929405],[-76.5002048,3.4930503],[-76.5000723,3.4932681],[-76.4999518,3.4934455],[-76.4999339,3.4934779],[-76.4996989,3.4939013],[-76.4992814,3.4946031],[-76.4991409,3.494841],[-76.4991297,3.494856],[-76.4990991,3.4948969],[-76.4990041,3.4950166],[-76.4989734,3.4950653],[-76.4989317,3.4951314],[-76.4989067,3.4951702],[-76.4988479,3.4952616],[-76.498823,3.4953033],[-76.4988145,3.4953175],[-76.4987908,3.4953572],[-76.4986803,3.4954912],[-76.4985965,3.4955945],[-76.498547,3.4956825],[-76.498467,3.4958394],[-76.4984169,3.4959527],[-76.498406,3.4959772],[-76.4983336,3.4961494],[-76.4982784,3.4962776],[-76.4982554,3.4963383],[-76.498187,3.4965188],[-76.4981199,3.4966769],[-76.4980879,3.4967522],[-76.4980823,3.4967632],[-76.4980737,3.4967798],[-76.4979698,3.4969818],[-76.4978945,3.4971092],[-76.4978681,3.4971538],[-76.4978213,3.4972273],[-76.4977478,3.4973426],[-76.4977252,3.4973782],[-76.4977181,3.4973888],[-76.4976712,3.4974596],[-76.4976603,3.4974753],[-76.4976582,3.4974784],[-76.4976385,3.497507],[-76.4976249,3.4975267],[-76.4976022,3.4975596],[-76.4975921,3.4975743],[-76.4975901,3.4975771],[-76.4975835,3.4975852],[-76.497575,3.4975956],[-76.4975596,3.4976144],[-76.4975529,3.4976226],[-76.4974954,3.4976927],[-76.497495,3.4976932],[-76.4974641,3.4977309],[-76.497462,3.4977348],[-76.4974602,3.497738],[-76.4974303,3.4977932],[-76.4974216,3.4978092],[-76.4974101,3.4978303],[-76.4973867,3.4979244],[-76.4973858,3.497928],[-76.497382,3.4979349],[-76.4973716,3.4979826],[-76.4973436,3.4980889],[-76.4973337,3.4981259],[-76.4973296,3.4981414],[-76.4973259,3.4981552],[-76.4973025,3.4982421],[-76.497301,3.4982502],[-76.4972996,3.4982574],[-76.4972996,3.4982575],[-76.4972982,3.4982646],[-76.4972982,3.4982647],[-76.4972966,3.4982727],[-76.4972966,3.4982728],[-76.4972953,3.4982798],[-76.4972952,3.4982799],[-76.4972934,3.4982897],[-76.4972928,3.4982924],[-76.4972928,3.4982926],[-76.4972906,3.4983042],[-76.4972905,3.4983043],[-76.4972887,3.4983139],[-76.4972887,3.498314],[-76.4972863,3.4983261],[-76.4972863,3.4983262],[-76.4972841,3.4983378],[-76.4972841,3.4983379],[-76.4972819,3.4983489],[-76.4972819,3.498349],[-76.4972762,3.4983788],[-76.4972761,3.4983791],[-76.4972709,3.4984063],[-76.4972708,3.4984066],[-76.4972657,3.498433],[-76.4972657,3.4984332],[-76.4972596,3.4984647],[-76.4972595,3.4984651],[-76.4972542,3.498493],[-76.4972541,3.4984934],[-76.4972494,3.4985175],[-76.4972494,3.4985177],[-76.4972486,3.4985217],[-76.4972485,3.4985228],[-76.4972485,3.4985229],[-76.4972483,3.4985256],[-76.4972483,3.4985256],[-76.4972335,3.4987123],[-76.4972335,3.4987124],[-76.4972269,3.4988705],[-76.4972269,3.4988706],[-76.4972271,3.4988716],[-76.4972269,3.4988742],[-76.4972444,3.4990345],[-76.4972701,3.4992338],[-76.4973132,3.4995111],[-76.4973153,3.4995385],[-76.4973167,3.4995656],[-76.4973174,3.4995927],[-76.4973175,3.4996162],[-76.4973175,3.4996162],[-76.4973169,3.4996433],[-76.4973169,3.4996433],[-76.4973138,3.4996974],[-76.4973138,3.4996975],[-76.4973112,3.4997245],[-76.4973112,3.4997245],[-76.4973042,3.4997782],[-76.4973042,3.4997783],[-76.4972997,3.499805],[-76.4972997,3.4998051],[-76.4972946,3.4998316],[-76.4972945,3.4998316],[-76.4972887,3.4998581],[-76.4972887,3.4998581],[-76.4972753,3.4999107],[-76.4972675,3.4999366],[-76.4972592,3.4999625],[-76.4972205,3.500086],[-76.4971407,3.500294],[-76.4971105,3.5003591],[-76.4971057,3.5003803],[-76.4971057,3.5003804],[-76.4971019,3.500398],[-76.4971018,3.500398],[-76.4971018,3.5003981],[-76.4970521,3.5004768],[-76.4969619,3.5005601],[-76.4968327,3.5006238],[-76.4965597,3.5006286],[-76.4963695,3.5006874],[-76.4963305,3.5007437],[-76.4963013,3.5008613],[-76.4963015,3.5008642],[-76.4963013,3.5008649],[-76.4963086,3.5009703],[-76.4963646,3.5011197],[-76.4964402,3.5012299],[-76.4965986,3.5013622],[-76.4966839,3.5014479],[-76.4967375,3.5014994],[-76.4968085,3.5016041],[-76.4968146,3.5016173],[-76.4968257,3.501641],[-76.4968343,3.5017038],[-76.4968407,3.5017418],[-76.4968427,3.5017676],[-76.4968408,3.5018193],[-76.4968408,3.5018194],[-76.4968408,3.5018218],[-76.4968408,3.501823],[-76.4968413,3.5018472],[-76.4968309,3.5018999],[-76.4968309,3.5018999],[-76.4968062,3.5019479],[-76.496755,3.5019873],[-76.4967036,3.5020035],[-76.4966768,3.5020072],[-76.4965162,3.5020102],[-76.4962941,3.5019565],[-76.4961117,3.5018807],[-76.4960152,3.5018553],[-76.4959911,3.501849],[-76.4959085,3.5018433],[-76.4958704,3.5018407],[-76.495796,3.5018341],[-76.495666,3.5018428],[-76.4955316,3.501889],[-76.4955013,3.5018994],[-76.495404,3.5019459],[-76.4953193,3.5019865],[-76.4951632,3.5020822],[-76.4950462,3.5021867],[-76.4950155,3.5022176],[-76.4949119,3.5023304],[-76.4948642,3.5024697],[-76.4948648,3.5024717],[-76.4948642,3.5024734],[-76.4948945,3.5025779],[-76.4949899,3.5026258],[-76.4953062,3.5025213],[-76.4954622,3.5025083],[-76.4956226,3.5025606],[-76.4956439,3.5027579],[-76.4956439,3.502758],[-76.4956052,3.5028487],[-76.4952672,3.5031143],[-76.4951545,3.5032754],[-76.4950158,3.5034931],[-76.4949532,3.5036156],[-76.4949148,3.5037019],[-76.4948819,3.5037626],[-76.4947904,3.5039241],[-76.4947167,3.5040156],[-76.4946084,3.5040896],[-76.4945174,3.5040765],[-76.4944575,3.5040034],[-76.4944575,3.5040034],[-76.4944957,3.5038668],[-76.4945261,3.5036796],[-76.494526,3.5036765],[-76.4945261,3.5036759],[-76.4945261,3.5036759],[-76.4945217,3.5035409],[-76.4944654,3.5033972],[-76.4943961,3.5033537],[-76.494266,3.503364],[-76.4942423,3.5033986],[-76.4942186,3.5034246],[-76.4941776,3.503468],[-76.4941452,3.5034961],[-76.4941021,3.5035113],[-76.4940676,3.5035286],[-76.4940537,3.5036018],[-76.4940537,3.5036018],[-76.493993,3.5037107],[-76.493954,3.5038413],[-76.4939541,3.5038447],[-76.493954,3.503845],[-76.4939583,3.5040279],[-76.4940016,3.5042674],[-76.4941619,3.5046593],[-76.4943478,3.5048995],[-76.4943629,3.504958],[-76.4943773,3.5050181],[-76.4943779,3.5050208],[-76.4944304,3.5051596],[-76.4944219,3.5053044],[-76.4944219,3.5053045],[-76.4943829,3.5054438],[-76.4942529,3.505544],[-76.4940752,3.5055614],[-76.4939105,3.5055483],[-76.4938173,3.5055336],[-76.4937285,3.5055178],[-76.4935759,3.5054786],[-76.4935758,3.5054786],[-76.4935754,3.5054787],[-76.4931684,3.5055319],[-76.4931617,3.5055331],[-76.4928726,3.5055874],[-76.4928158,3.5056007],[-76.4926068,3.5056497],[-76.4925801,3.5056559],[-76.4923153,3.5057279],[-76.4917513,3.5058812],[-76.4913773,3.5055924],[-76.4913773,3.5055923]]]}},{"type":"Feature","properties":{"comuna":4,"nombre":"Comuna 4","shape_leng":11375.095,"shape_area":4519035.877},"geometry":{"type":"Polygon","coordinates":[[[-76.5179074,3.4536632],[-76.5179164,3.4536631],[-76.5179254,3.4536631],[-76.5179344,3.4536632],[-76.5179434,3.4536633],[-76.5179523,3.4536636],[-76.5179613,3.4536639],[-76.5179703,3.4536643],[-76.5179793,3.4536648],[-76.517986,3.4536652],[-76.5180364,3.4536666],[-76.518102,3.4536772],[-76.5181355,3.4536842],[-76.5181382,3.4536847],[-76.518147,3.4536863],[-76.5181558,3.4536882],[-76.5181646,3.45369],[-76.5181734,3.453692],[-76.518175,3.4536924],[-76.5181822,3.4536941],[-76.5181865,3.4536951],[-76.5181997,3.4536984],[-76.518242,3.4537089],[-76.5182772,3.4537218],[-76.5182857,3.4537248],[-76.5182942,3.4537279],[-76.5183026,3.4537311],[-76.518311,3.4537343],[-76.5183194,3.4537376],[-76.5183277,3.453741],[-76.518336,3.4537444],[-76.5183443,3.453748],[-76.5183525,3.4537516],[-76.5183608,3.4537553],[-76.5183689,3.4537591],[-76.5183771,3.453763],[-76.5183852,3.4537669],[-76.5183932,3.4537709],[-76.5184013,3.453775],[-76.5184093,3.4537791],[-76.5184172,3.4537834],[-76.5184252,3.4537877],[-76.518433,3.453792],[-76.5184408,3.4537964],[-76.5184486,3.453801],[-76.5184564,3.4538056],[-76.5184685,3.453813],[-76.5184763,3.4538176],[-76.5184839,3.4538223],[-76.5184916,3.453827],[-76.5184992,3.4538319],[-76.5185004,3.4538327],[-76.5185246,3.4538474],[-76.5185771,3.4538834],[-76.5185937,3.4538957],[-76.518634,3.45393],[-76.5187022,3.4539933],[-76.5187442,3.4540426],[-76.5187584,3.4540615],[-76.5187609,3.4540647],[-76.5187666,3.4540717],[-76.5187723,3.4540787],[-76.5187779,3.4540858],[-76.5187834,3.4540929],[-76.5187888,3.4541001],[-76.5187943,3.4541073],[-76.5187997,3.4541146],[-76.5188049,3.454122],[-76.5188101,3.4541293],[-76.5188153,3.4541367],[-76.5188205,3.4541442],[-76.5188299,3.4541582],[-76.5188659,3.4542271],[-76.5188956,3.4542769],[-76.5189192,3.4543332],[-76.5189463,3.4544035],[-76.5189719,3.4544785],[-76.518993,3.4545328],[-76.5190518,3.454637],[-76.5191902,3.4552459],[-76.5194244,3.4561776],[-76.5197561,3.457325],[-76.5200391,3.4583107],[-76.5202342,3.4589482],[-76.5204684,3.4597573],[-76.520605,3.4602133],[-76.5207416,3.4605566],[-76.5208475,3.4608658],[-76.5209949,3.4612171],[-76.5211295,3.4616939],[-76.5213151,3.4623001],[-76.5212712,3.4623099],[-76.5210642,3.4623461],[-76.5207402,3.4624546],[-76.5206412,3.4624998],[-76.5205332,3.4625721],[-76.5204342,3.4626716],[-76.5202992,3.4627982],[-76.5202092,3.4628886],[-76.5201552,3.4629519],[-76.5200742,3.4630605],[-76.5200022,3.4631509],[-76.5199572,3.4632413],[-76.5199122,3.4633589],[-76.5198762,3.4634855],[-76.5198582,3.463594],[-76.5198492,3.4636844],[-76.5198132,3.4637929],[-76.5197682,3.4639015],[-76.5197322,3.4639738],[-76.5196961,3.4640552],[-76.5196421,3.4641818],[-76.5195971,3.4642813],[-76.5195602,3.4643343],[-76.5195341,3.4643717],[-76.5194441,3.4644621],[-76.5193991,3.4645073],[-76.5193451,3.4645616],[-76.5192641,3.464643],[-76.5192011,3.4647153],[-76.5191436,3.4647859],[-76.5191201,3.4648148],[-76.5190391,3.4649233],[-76.5190121,3.4649685],[-76.5189851,3.4650499],[-76.5189311,3.4651946],[-76.5188681,3.4653303],[-76.5187781,3.4655292],[-76.5186971,3.4656829],[-76.5186341,3.4658367],[-76.5185711,3.4659181],[-76.5185351,3.4660175],[-76.5184811,3.466108],[-76.5184451,3.4661893],[-76.5183911,3.4662888],[-76.518346,3.4663792],[-76.518274,3.4664878],[-76.518211,3.4665963],[-76.518148,3.4667138],[-76.518085,3.4668766],[-76.51804,3.4669761],[-76.518004,3.4670756],[-76.517959,3.467175],[-76.517905,3.4672745],[-76.517878,3.4673378],[-76.517806,3.4674825],[-76.517743,3.4676272],[-76.517698,3.4677447],[-76.517644,3.4678894],[-76.517599,3.4679889],[-76.517536,3.4681336],[-76.5175,3.468215],[-76.5174293,3.4683806],[-76.5173919,3.4684682],[-76.5173559,3.4685315],[-76.5173199,3.4685948],[-76.5172839,3.4686762],[-76.5172479,3.4687937],[-76.5171939,3.4689384],[-76.5171129,3.4690922],[-76.5170589,3.4692007],[-76.5170139,3.4692821],[-76.5169689,3.4693725],[-76.5169239,3.469472],[-76.5168879,3.4695715],[-76.5168249,3.46968],[-76.5167529,3.4697794],[-76.5167342,3.4698143],[-76.5166899,3.469897],[-76.5166449,3.4699874],[-76.5166257,3.470014],[-76.5165729,3.4700869],[-76.5164919,3.4702135],[-76.5164289,3.4702949],[-76.5163658,3.4704215],[-76.5163118,3.47053],[-76.5162308,3.4706657],[-76.5161408,3.4708013],[-76.5160148,3.4709641],[-76.5159428,3.4710726],[-76.5158348,3.4712354],[-76.5157358,3.4713529],[-76.5156728,3.4714343],[-76.5155558,3.4715699],[-76.5154478,3.4717056],[-76.5153488,3.4718322],[-76.5152408,3.4719678],[-76.5150968,3.4721487],[-76.5149708,3.4723295],[-76.5148628,3.4724833],[-76.5147548,3.4726189],[-76.5147101,3.4727012],[-76.5147007,3.4727184],[-76.5146467,3.4727817],[-76.5146017,3.472854],[-76.5145567,3.4729173],[-76.5144847,3.473053],[-76.5144217,3.4731615],[-76.5142464,3.4734119],[-76.5140821,3.4736895],[-76.5139344,3.4739694],[-76.5138817,3.4740748],[-76.5138187,3.4741562],[-76.5137467,3.4742557],[-76.5137348,3.4742681],[-76.5136413,3.4743664],[-76.5135487,3.4744637],[-76.5134497,3.4745631],[-76.5133687,3.4746355],[-76.5132877,3.4747169],[-76.5131977,3.4748163],[-76.5130896,3.4749429],[-76.5130266,3.4750334],[-76.5129636,3.4751238],[-76.5129006,3.4752142],[-76.5128196,3.4753137],[-76.5127746,3.4753679],[-76.5127296,3.4754312],[-76.5126846,3.4754945],[-76.5126216,3.475594],[-76.5125586,3.4756844],[-76.5124956,3.4757839],[-76.5124416,3.4758653],[-76.5123786,3.4759557],[-76.5123336,3.4760462],[-76.5122796,3.4761366],[-76.5122256,3.476218],[-76.5121536,3.4763265],[-76.5120816,3.476435],[-76.5120738,3.4764451],[-76.5120186,3.4765164],[-76.5119847,3.476564],[-76.5119736,3.4765797],[-76.5118836,3.4766701],[-76.5118116,3.4767515],[-76.5117396,3.476851],[-76.5116585,3.4769324],[-76.5115865,3.4770047],[-76.5114965,3.4771132],[-76.5114425,3.4772127],[-76.5113615,3.4773212],[-76.5112895,3.4774297],[-76.5112265,3.4775111],[-76.5111925,3.477558],[-76.5111545,3.4776106],[-76.5110915,3.4776919],[-76.5110375,3.4777914],[-76.5109745,3.4778999],[-76.5109205,3.4779813],[-76.5108575,3.4780718],[-76.5108426,3.4781016],[-76.5108215,3.4781441],[-76.5107765,3.4782164],[-76.5107315,3.4783159],[-76.5106865,3.4783973],[-76.5106235,3.4785149],[-76.5105335,3.4786415],[-76.5104344,3.4787952],[-76.5103714,3.4788856],[-76.5102994,3.478976],[-76.5102454,3.4790484],[-76.5101644,3.4791569],[-76.5101014,3.4792292],[-76.5100294,3.4793287],[-76.5099754,3.4794011],[-76.5099304,3.4794644],[-76.5098674,3.4795457],[-76.5098134,3.4796181],[-76.5097504,3.4796904],[-76.5097144,3.4797537],[-76.5096784,3.4798351],[-76.5096514,3.4799165],[-76.5095884,3.4800431],[-76.5095254,3.4801607],[-76.5094714,3.4802782],[-76.5094174,3.4803687],[-76.5093723,3.4804591],[-76.5093273,3.4805405],[-76.5092643,3.4806399],[-76.5091923,3.4807485],[-76.5091383,3.4808389],[-76.5091023,3.4808931],[-76.509051,3.4809963],[-76.5090507,3.4809965],[-76.5089745,3.4810682],[-76.5087668,3.4812745],[-76.5086021,3.4814196],[-76.5085713,3.4814538],[-76.5083998,3.4816017],[-76.508154,3.4818008],[-76.5079502,3.4819328],[-76.5078963,3.4819511],[-76.5078063,3.4819873],[-76.5077163,3.4820415],[-76.5076533,3.4820777],[-76.5073673,3.4821931],[-76.5070739,3.4822792],[-76.5069783,3.4823037],[-76.5068309,3.4823248],[-76.5066537,3.4823693],[-76.5064151,3.4824842],[-76.5062623,3.4825631],[-76.5060722,3.4826779],[-76.5059422,3.4827842],[-76.5057636,3.482889],[-76.5055779,3.4829923],[-76.5053836,3.4830957],[-76.5051693,3.4831861],[-76.5050578,3.4832205],[-76.5048903,3.4832712],[-76.5048093,3.4833074],[-76.5047106,3.4833497],[-76.5046006,3.4833942],[-76.5044992,3.4834401],[-76.5044049,3.4834861],[-76.504292,3.4835392],[-76.5042348,3.4835808],[-76.5041963,3.4836138],[-76.5041253,3.4836871],[-76.5040712,3.4838228],[-76.5040352,3.4838951],[-76.5039812,3.4840307],[-76.5039827,3.4841099],[-76.5039636,3.484242],[-76.5039274,3.4843875],[-76.5039274,3.4845196],[-76.5039426,3.4846746],[-76.5039503,3.4847684],[-76.5039452,3.4848266],[-76.503954,3.4850747],[-76.5039521,3.485335],[-76.5039631,3.4854415],[-76.5039451,3.4855229],[-76.5039281,3.4855998],[-76.5039352,3.4857104],[-76.5039423,3.4859545],[-76.5038994,3.4863134],[-76.5038892,3.4864749],[-76.503891,3.4864815],[-76.5039,3.4865719],[-76.503909,3.4866533],[-76.503909,3.4868523],[-76.503918,3.4869698],[-76.5039241,3.4871056],[-76.5038993,3.4872011],[-76.5038969,3.4873447],[-76.5038779,3.4874691],[-76.5038445,3.4875624],[-76.5038064,3.4876581],[-76.5037492,3.4879189],[-76.5036183,3.4881151],[-76.5035587,3.4881749],[-76.5034229,3.4882449],[-76.5033509,3.4882811],[-76.5032954,3.4883327],[-76.503204,3.4883939],[-76.5031905,3.4884052],[-76.5031603,3.4883928],[-76.502949,3.4883062],[-76.5028441,3.4882689],[-76.5026673,3.4882059],[-76.5024052,3.4881227],[-76.5019293,3.4879425],[-76.501405,3.4877484],[-76.5009291,3.487582],[-76.500667,3.4874849],[-76.5003773,3.4873878],[-76.499661,3.4871549],[-76.4996305,3.4871449],[-76.499626,3.4871435],[-76.4995891,3.4871322],[-76.4988241,3.486897],[-76.4986666,3.4868478],[-76.4972042,3.4863904],[-76.4970692,3.4863452],[-76.4957463,3.486119],[-76.4953773,3.4860285],[-76.4952686,3.4859882],[-76.4955124,3.4855221],[-76.4962325,3.484238],[-76.496266,3.4841722],[-76.4964215,3.4838673],[-76.4968355,3.4832523],[-76.4969976,3.4830172],[-76.4971506,3.4827912],[-76.4977086,3.4821039],[-76.4978976,3.4818869],[-76.4982757,3.4814257],[-76.4985621,3.4811135],[-76.4985656,3.4811097],[-76.4986987,3.4809646],[-76.4988697,3.4808199],[-76.4989687,3.4807385],[-76.4990677,3.4806481],[-76.4991757,3.4805667],[-76.4993827,3.480413],[-76.4995447,3.4802864],[-76.4996797,3.480196],[-76.4998186,3.4800923],[-76.5001443,3.479849],[-76.5003924,3.4796637],[-76.5006968,3.4794364],[-76.5008408,3.479355],[-76.5013628,3.4789572],[-76.5016418,3.4787492],[-76.5018938,3.4785412],[-76.5026228,3.4779896],[-76.5027578,3.4778902],[-76.5028298,3.4778269],[-76.5029288,3.4777274],[-76.5030728,3.4775646],[-76.5032619,3.4773295],[-76.5035139,3.4770583],[-76.5040449,3.4764614],[-76.5044409,3.4760364],[-76.5044336,3.4760256],[-76.504072,3.4754848],[-76.503928,3.4752134],[-76.503874,3.4751049],[-76.5037751,3.4748607],[-76.5037481,3.4747522],[-76.5036581,3.4744719],[-76.5036221,3.4743181],[-76.5035861,3.4742277],[-76.5035231,3.4739926],[-76.5034962,3.4739112],[-76.5034512,3.4737393],[-76.5033882,3.4735223],[-76.5033162,3.4732691],[-76.5032263,3.4729525],[-76.5031363,3.472627],[-76.5030938,3.4724728],[-76.5028844,3.4717136],[-76.502867,3.471626],[-76.5028664,3.4716231],[-76.5028761,3.4716197],[-76.5030464,3.4715598],[-76.5036404,3.4713881],[-76.5037124,3.4713609],[-76.5038564,3.4713157],[-76.5050443,3.4709632],[-76.5052063,3.4708818],[-76.5054313,3.4708095],[-76.5058183,3.4706919],[-76.5060883,3.4706106],[-76.5061693,3.4705925],[-76.5061671,3.4705874],[-76.5059714,3.4701403],[-76.5059264,3.4700408],[-76.5057554,3.4696158],[-76.5056475,3.4693806],[-76.5055935,3.4692721],[-76.5054405,3.4689013],[-76.505408,3.468836],[-76.5053955,3.4688109],[-76.5052875,3.4685396],[-76.5052516,3.4684672],[-76.5051256,3.4681688],[-76.5050986,3.4681055],[-76.5049726,3.467807],[-76.5049366,3.4677347],[-76.5048017,3.4674091],[-76.5047117,3.4671649],[-76.5045767,3.4668393],[-76.5045407,3.466767],[-76.5044238,3.4664866],[-76.5043878,3.4663962],[-76.5043068,3.4662424],[-76.5042528,3.4661158],[-76.5042348,3.4660616],[-76.5040369,3.4656003],[-76.5040009,3.4655189],[-76.5037416,3.4649259],[-76.5037399,3.4649221],[-76.503695,3.4648135],[-76.503641,3.4646869],[-76.503389,3.4640991],[-76.5033261,3.4639725],[-76.5030021,3.4632128],[-76.5028222,3.4628239],[-76.5027682,3.4626883],[-76.5026062,3.4623175],[-76.5025343,3.4621456],[-76.5023003,3.4615849],[-76.5022193,3.4614312],[-76.5021564,3.4612774],[-76.5016885,3.4601922],[-76.5016273,3.4600564],[-76.5017504,3.4600168],[-76.5019359,3.4599561],[-76.5021328,3.4598946],[-76.5023918,3.4598138],[-76.502642,3.4597294],[-76.503167,3.4595676],[-76.5034059,3.4594938],[-76.503447,3.4594815],[-76.5036124,3.4594235],[-76.5037007,3.4593945],[-76.503951,3.4593136],[-76.5042747,3.4592108],[-76.5043413,3.4591897],[-76.5045862,3.4591123],[-76.5047227,3.459071],[-76.5051882,3.4589216],[-76.5055426,3.4588108],[-76.5057027,3.4587572],[-76.5059083,3.4586887],[-76.5059354,3.4586781],[-76.5063187,3.4585595],[-76.5064114,3.4585287],[-76.5065077,3.4585006],[-76.5066083,3.4584663],[-76.5066737,3.4584452],[-76.5066742,3.4584451],[-76.5066984,3.4584373],[-76.5068979,3.4583749],[-76.507149,3.4583002],[-76.5074229,3.4582246],[-76.5077274,3.4581349],[-76.5081255,3.4580127],[-76.5085883,3.4578695],[-76.5089235,3.4577649],[-76.5092901,3.4576502],[-76.5095368,3.457571],[-76.5100618,3.4574049],[-76.5102377,3.4573487],[-76.5103201,3.4573222],[-76.5103241,3.4573209],[-76.510638,3.45722],[-76.5106573,3.4572138],[-76.5107163,3.4571948],[-76.5109499,3.4571201],[-76.5113559,3.4569927],[-76.5118354,3.4568397],[-76.5123017,3.456689],[-76.5126115,3.4565894],[-76.5126289,3.4565838],[-76.5127681,3.4565391],[-76.5132345,3.4563892],[-76.5137008,3.4562438],[-76.5141672,3.4560948],[-76.5146335,3.4559458],[-76.5150999,3.4558029],[-76.5152436,3.4557568],[-76.5154104,3.4557032],[-76.5155636,3.4556539],[-76.5156144,3.4556394],[-76.5157404,3.4556034],[-76.5158218,3.455577],[-76.5158859,3.4555553],[-76.5160681,3.4554777],[-76.5160764,3.4554741],[-76.5160846,3.4554704],[-76.5160927,3.4554665],[-76.5161009,3.4554627],[-76.516109,3.4554586],[-76.516117,3.4554546],[-76.5161249,3.4554504],[-76.5161329,3.4554461],[-76.5161407,3.4554417],[-76.5161459,3.4554388],[-76.5161524,3.4554349],[-76.5161601,3.4554301],[-76.5161677,3.4554253],[-76.5161753,3.4554205],[-76.5161829,3.4554156],[-76.5161904,3.4554106],[-76.5161978,3.4554055],[-76.5162053,3.4554004],[-76.5162126,3.4553952],[-76.51622,3.45539],[-76.5162273,3.4553847],[-76.5162345,3.4553793],[-76.5162417,3.4553739],[-76.5162488,3.4553684],[-76.5162559,3.4553628],[-76.516263,3.4553572],[-76.51627,3.4553515],[-76.516277,3.4553458],[-76.5162839,3.45534],[-76.5162907,3.4553342],[-76.5162976,3.4553283],[-76.5163043,3.4553223],[-76.516311,3.4553163],[-76.5163177,3.4553102],[-76.5163243,3.455304],[-76.5163309,3.4552978],[-76.5163374,3.4552916],[-76.5163438,3.4552853],[-76.5163502,3.4552789],[-76.5163565,3.4552725],[-76.5163628,3.455266],[-76.5163691,3.4552595],[-76.51638,3.4552478],[-76.5163975,3.4552298],[-76.5164549,3.4551599],[-76.5164549,3.4551599],[-76.5164601,3.4551526],[-76.5164673,3.4551421],[-76.5165452,3.4550256],[-76.5165811,3.4549718],[-76.5165995,3.4549381],[-76.5167931,3.454584],[-76.5169415,3.4543172],[-76.5169454,3.4543091],[-76.5169492,3.4543009],[-76.5169532,3.4542928],[-76.5169572,3.4542847],[-76.5169614,3.4542767],[-76.5169655,3.4542686],[-76.5169698,3.4542607],[-76.5169706,3.454259],[-76.516974,3.4542527],[-76.5169783,3.4542448],[-76.5169827,3.4542368],[-76.5169871,3.454229],[-76.5169916,3.4542212],[-76.5169962,3.4542134],[-76.5170008,3.4542056],[-76.5170055,3.4541979],[-76.5170102,3.4541902],[-76.517015,3.4541825],[-76.5170197,3.4541749],[-76.5170247,3.4541673],[-76.5170296,3.4541597],[-76.5170346,3.4541522],[-76.5170396,3.4541447],[-76.5170447,3.4541372],[-76.5170499,3.4541298],[-76.5170551,3.4541225],[-76.5170603,3.4541151],[-76.5170657,3.4541078],[-76.517071,3.4541006],[-76.5170764,3.4540934],[-76.5170819,3.4540862],[-76.5170875,3.454079],[-76.517093,3.4540719],[-76.5170986,3.4540648],[-76.5171043,3.4540578],[-76.51711,3.4540508],[-76.5171116,3.454049],[-76.5171158,3.4540439],[-76.5171216,3.454037],[-76.517125,3.4540331],[-76.5171275,3.4540301],[-76.5171334,3.4540234],[-76.5171394,3.4540166],[-76.5171454,3.4540099],[-76.5171514,3.4540031],[-76.5171576,3.4539966],[-76.5171638,3.4539899],[-76.5171699,3.4539834],[-76.5171762,3.4539769],[-76.5171825,3.4539704],[-76.5171889,3.4539641],[-76.5171953,3.4539577],[-76.5172017,3.4539514],[-76.5172082,3.4539451],[-76.5172147,3.4539389],[-76.5172249,3.4539295],[-76.5172315,3.4539234],[-76.5172384,3.4539175],[-76.5172452,3.4539116],[-76.5172521,3.4539058],[-76.517259,3.4539],[-76.517266,3.4538943],[-76.517273,3.4538887],[-76.5172801,3.4538831],[-76.5172872,3.4538776],[-76.5172944,3.4538722],[-76.5173016,3.4538668],[-76.5173089,3.4538615],[-76.5173163,3.4538562],[-76.5173236,3.453851],[-76.5173311,3.453846],[-76.5173385,3.4538409],[-76.5173461,3.4538359],[-76.5173537,3.4538311],[-76.5173613,3.4538262],[-76.5173689,3.4538214],[-76.5173766,3.4538167],[-76.5173843,3.4538121],[-76.5173921,3.4538075],[-76.5173999,3.4538031],[-76.5174077,3.4537986],[-76.5174156,3.4537943],[-76.5174236,3.45379],[-76.5174316,3.4537858],[-76.5174395,3.4537817],[-76.5174476,3.4537777],[-76.5174557,3.4537737],[-76.5174638,3.4537697],[-76.5174719,3.4537659],[-76.5174779,3.4537632],[-76.5174992,3.4537523],[-76.517549,3.4537339],[-76.5175527,3.4537326],[-76.5175552,3.4537317],[-76.5175637,3.4537287],[-76.5175722,3.4537258],[-76.5175808,3.4537229],[-76.5175893,3.4537202],[-76.5175979,3.4537175],[-76.517604,3.4537156],[-76.5176409,3.453704],[-76.5176672,3.4536969],[-76.5176681,3.4536968],[-76.517676,3.4536947],[-76.5176848,3.4536925],[-76.5176935,3.4536903],[-76.5177023,3.4536882],[-76.5177111,3.4536862],[-76.5177198,3.4536843],[-76.5177286,3.4536825],[-76.5177375,3.4536807],[-76.5177463,3.453679],[-76.5177551,3.4536775],[-76.5177641,3.453676],[-76.5177729,3.4536746],[-76.5177819,3.4536733],[-76.5177907,3.453672],[-76.5177996,3.4536708],[-76.5178086,3.4536697],[-76.5178176,3.4536687],[-76.5178265,3.4536678],[-76.5178354,3.453667],[-76.5178444,3.4536662],[-76.5178534,3.4536655],[-76.5178624,3.4536649],[-76.5178714,3.4536644],[-76.5178804,3.453664],[-76.5178894,3.4536637],[-76.5178984,3.4536634],[-76.5179074,3.4536632]]]}},{"type":"Feature","properties":{"comuna":5,"nombre":"Comuna 5","shape_leng":8438.864,"shape_area":4199641.926},"geometry":{"type":"Polygon","coordinates":[[[-76.5016218,3.4600582],[-76.5016273,3.4600564],[-76.5016885,3.4601922],[-76.5021564,3.4612774],[-76.5022193,3.4614312],[-76.5023003,3.4615849],[-76.5025343,3.4621456],[-76.5026062,3.4623175],[-76.5027682,3.4626883],[-76.5028222,3.4628239],[-76.5030021,3.4632128],[-76.5033261,3.4639725],[-76.503389,3.4640991],[-76.503641,3.4646869],[-76.503695,3.4648135],[-76.5037399,3.4649221],[-76.5037416,3.4649259],[-76.5040009,3.4655189],[-76.5040369,3.4656003],[-76.5042348,3.4660616],[-76.5042528,3.4661158],[-76.5043068,3.4662424],[-76.5043878,3.4663962],[-76.5044238,3.4664866],[-76.5045407,3.466767],[-76.5045767,3.4668393],[-76.5047117,3.4671649],[-76.5048017,3.4674091],[-76.5049366,3.4677347],[-76.5049726,3.467807],[-76.5050986,3.4681055],[-76.5051256,3.4681688],[-76.5052516,3.4684672],[-76.5052875,3.4685396],[-76.5053955,3.4688109],[-76.505408,3.468836],[-76.5054405,3.4689013],[-76.5055935,3.4692721],[-76.5056475,3.4693806],[-76.5057554,3.4696158],[-76.5059264,3.4700408],[-76.5059714,3.4701403],[-76.5061671,3.4705874],[-76.5061693,3.4705925],[-76.5060883,3.4706106],[-76.5058183,3.4706919],[-76.5054313,3.4708095],[-76.5052063,3.4708818],[-76.5050443,3.4709632],[-76.5038564,3.4713157],[-76.5037124,3.4713609],[-76.5036404,3.4713881],[-76.5030464,3.4715598],[-76.5028761,3.4716197],[-76.5028664,3.4716231],[-76.502867,3.471626],[-76.5028844,3.4717136],[-76.5030938,3.4724728],[-76.5031363,3.472627],[-76.5032263,3.4729525],[-76.5033162,3.4732691],[-76.5033882,3.4735223],[-76.5034512,3.4737393],[-76.5034962,3.4739112],[-76.5035231,3.4739926],[-76.5035861,3.4742277],[-76.5036221,3.4743181],[-76.5036581,3.4744719],[-76.5037481,3.4747522],[-76.5037751,3.4748607],[-76.503874,3.4751049],[-76.503928,3.4752134],[-76.504072,3.4754848],[-76.5044336,3.4760256],[-76.5044409,3.4760364],[-76.5040449,3.4764614],[-76.5035139,3.4770583],[-76.5032619,3.4773295],[-76.5030728,3.4775646],[-76.5029288,3.4777274],[-76.5028298,3.4778269],[-76.5027578,3.4778902],[-76.5026228,3.4779896],[-76.5018938,3.4785412],[-76.5016418,3.4787492],[-76.5013628,3.4789572],[-76.5008408,3.479355],[-76.5006968,3.4794364],[-76.5003924,3.4796637],[-76.5001443,3.479849],[-76.4998186,3.4800923],[-76.4996797,3.480196],[-76.4995447,3.4802864],[-76.4993827,3.480413],[-76.4991757,3.4805667],[-76.4990677,3.4806481],[-76.4989687,3.4807385],[-76.4988697,3.4808199],[-76.4986987,3.4809646],[-76.4985656,3.4811097],[-76.4985621,3.4811135],[-76.4982757,3.4814257],[-76.4978976,3.4818869],[-76.4977086,3.4821039],[-76.4971506,3.4827912],[-76.4969976,3.4830172],[-76.4968355,3.4832523],[-76.4964215,3.4838673],[-76.496266,3.4841722],[-76.4962325,3.484238],[-76.4955124,3.4855221],[-76.4952686,3.4859882],[-76.495267,3.4859877],[-76.4950354,3.4859019],[-76.4947834,3.4858114],[-76.4945314,3.4856938],[-76.4942792,3.4855983],[-76.4939824,3.4854858],[-76.4928755,3.4852234],[-76.4926325,3.4851601],[-76.4925065,3.4851239],[-76.4923625,3.4850787],[-76.4922275,3.4850334],[-76.4920925,3.4849882],[-76.4919485,3.4849339],[-76.4918136,3.4848797],[-76.4916696,3.4848163],[-76.4914986,3.4847349],[-76.4913726,3.4846626],[-76.4912736,3.4845993],[-76.4910486,3.4844364],[-76.4909348,3.4843435],[-76.4909046,3.4843189],[-76.4908687,3.4842827],[-76.4907427,3.4841742],[-76.4906437,3.4840747],[-76.4905447,3.4839661],[-76.4904277,3.4838305],[-76.4903377,3.4837219],[-76.4902567,3.4836044],[-76.4901668,3.4834778],[-76.4900588,3.4832788],[-76.4899238,3.4830075],[-76.4898741,3.4828787],[-76.4895639,3.482076],[-76.489411,3.4816147],[-76.489402,3.4815786],[-76.489267,3.4810269],[-76.4891411,3.480638],[-76.4890978,3.4804859],[-76.4890151,3.4801949],[-76.4888802,3.4797427],[-76.4887362,3.4792905],[-76.4886463,3.4790102],[-76.4885293,3.4786484],[-76.4883584,3.4781058],[-76.4883328,3.4780125],[-76.4882864,3.4778435],[-76.4882434,3.47772],[-76.4882234,3.4776627],[-76.4880885,3.4772467],[-76.4878996,3.4766498],[-76.4878072,3.4763771],[-76.4877556,3.4762247],[-76.487186,3.4744095],[-76.486856,3.4733579],[-76.486721,3.4728966],[-76.4864871,3.4721912],[-76.486125,3.4710282],[-76.485947,3.4704565],[-76.485945,3.4704502],[-76.4859214,3.4703741],[-76.4857494,3.4698218],[-76.4850657,3.4676423],[-76.4849577,3.4673348],[-76.4843972,3.4655266],[-76.4844127,3.4655215],[-76.4845841,3.4654644],[-76.4852162,3.465264],[-76.4858938,3.465048],[-76.4872901,3.4645978],[-76.4873094,3.4645917],[-76.4886887,3.4641536],[-76.4887295,3.4641408],[-76.4887485,3.4641349],[-76.4896415,3.4638544],[-76.490067,3.4637199],[-76.4903848,3.4636193],[-76.4908842,3.4634592],[-76.4915938,3.4632315],[-76.4921589,3.4630533],[-76.4923757,3.462989],[-76.4924852,3.4629543],[-76.4929376,3.4628092],[-76.4933339,3.462684],[-76.4937994,3.4625333],[-76.4939998,3.46247],[-76.4942273,3.462401],[-76.4943586,3.4623592],[-76.4946298,3.4622713],[-76.4947602,3.4622291],[-76.4948109,3.4622133],[-76.4948564,3.4621993],[-76.4949955,3.4621597],[-76.4953517,3.4620432],[-76.4957078,3.4619312],[-76.4960639,3.4618173],[-76.4962719,3.4617509],[-76.49642,3.4617035],[-76.496777,3.4615906],[-76.497134,3.4614785],[-76.4974919,3.4613647],[-76.4977867,3.461272],[-76.4978611,3.4612482],[-76.4980134,3.4612012],[-76.4981481,3.4611581],[-76.4983625,3.46109],[-76.4984386,3.4610663],[-76.4985313,3.4610355],[-76.498646,3.4609977],[-76.4988988,3.4609186],[-76.4991403,3.4608413],[-76.4993993,3.4607578],[-76.4994982,3.4607292],[-76.4996924,3.4606677],[-76.4998963,3.4606026],[-76.500097,3.4605392],[-76.5002594,3.4604879],[-76.5003874,3.4604486],[-76.5005429,3.4604009],[-76.500885,3.4602937],[-76.5011327,3.4602146],[-76.5014617,3.4601117],[-76.5015728,3.4600739],[-76.5016218,3.4600582]]]}},{"type":"Feature","properties":{"comuna":7,"nombre":"Comuna 7","shape_leng":12476.059,"shape_area":5263568.349},"geometry":{"type":"Polygon","coordinates":[[[-76.4744915,3.4651722],[-76.4744915,3.4651541],[-76.4745005,3.4651541],[-76.4745005,3.4651451],[-76.4745095,3.465136],[-76.4745095,3.465127],[-76.4745185,3.465118],[-76.4745185,3.4651089],[-76.4745275,3.4650999],[-76.4745275,3.4650818],[-76.4745455,3.4650637],[-76.4745455,3.4650546],[-76.4745545,3.4650456],[-76.4745545,3.4650366],[-76.4745635,3.4650275],[-76.4745635,3.4650094],[-76.4745815,3.4649914],[-76.4745815,3.4649823],[-76.4745905,3.4649733],[-76.4745905,3.4649642],[-76.4745995,3.4649552],[-76.4745995,3.4649461],[-76.4746085,3.4649371],[-76.4746085,3.4649281],[-76.4746175,3.4649281],[-76.4746175,3.46491],[-76.4746265,3.4649009],[-76.4746265,3.4648919],[-76.4746355,3.4648828],[-76.4746355,3.4648738],[-76.4746535,3.4648557],[-76.4746535,3.4648467],[-76.4746625,3.4648376],[-76.4746625,3.4648286],[-76.474664,3.4648271],[-76.4746715,3.4648195],[-76.4746715,3.4648105],[-76.4746895,3.4647924],[-76.4746895,3.4647834],[-76.4746985,3.4647743],[-76.4746985,3.4647653],[-76.4747075,3.4647562],[-76.4747075,3.4647472],[-76.4747255,3.4647291],[-76.4747256,3.4647201],[-76.4747346,3.464711],[-76.4747346,3.464702],[-76.4747436,3.4646929],[-76.4747436,3.4646839],[-76.4747526,3.4646839],[-76.4747526,3.4646749],[-76.4747616,3.4646658],[-76.4747616,3.4646568],[-76.4747706,3.4646477],[-76.4747706,3.4646387],[-76.4747752,3.4646341],[-76.4747976,3.4646116],[-76.4747976,3.4646025],[-76.4748066,3.4645935],[-76.4748066,3.4645844],[-76.4748156,3.4645844],[-76.4748156,3.4645754],[-76.4748246,3.4645663],[-76.4748246,3.4645573],[-76.4748336,3.4645483],[-76.4748336,3.4645392],[-76.4748426,3.4645392],[-76.4748426,3.4645302],[-76.4748606,3.4645121],[-76.4748606,3.464503],[-76.4748696,3.464494],[-76.4748696,3.464485],[-76.4748786,3.464485],[-76.4748786,3.4644759],[-76.4748876,3.4644669],[-76.4748876,3.4644578],[-76.4748966,3.4644488],[-76.4749056,3.4644488],[-76.4749056,3.4644397],[-76.4749146,3.4644307],[-76.4749146,3.4644217],[-76.4749236,3.4644126],[-76.4749236,3.4644036],[-76.4749326,3.4644036],[-76.4749326,3.4643945],[-76.4749506,3.4643764],[-76.4749506,3.4643674],[-76.4749686,3.4643493],[-76.4749686,3.4643403],[-76.4749956,3.4643131],[-76.4749956,3.4643041],[-76.4750226,3.464277],[-76.4750226,3.4642679],[-76.4750496,3.4642408],[-76.4750496,3.4642318],[-76.4750766,3.4642046],[-76.4750766,3.4641956],[-76.4751036,3.4641685],[-76.4751036,3.4641594],[-76.4751396,3.4641233],[-76.4751396,3.4641142],[-76.4751666,3.4640871],[-76.4751666,3.464078],[-76.4751756,3.464078],[-76.4751846,3.464069],[-76.4751846,3.46406],[-76.4751936,3.4640509],[-76.4751936,3.4640419],[-76.4752026,3.4640419],[-76.4752116,3.4640328],[-76.4752116,3.4640238],[-76.4752206,3.4640147],[-76.4752296,3.4640147],[-76.4752296,3.4640057],[-76.4752656,3.4639695],[-76.4752656,3.4639605],[-76.4752746,3.4639605],[-76.4752746,3.4639514],[-76.4753106,3.4639153],[-76.4753106,3.4639062],[-76.4753196,3.4639062],[-76.4753286,3.4638972],[-76.4753286,3.4638881],[-76.4753376,3.4638791],[-76.4753466,3.4638791],[-76.4753466,3.4638701],[-76.4753628,3.4638538],[-76.4753826,3.4638339],[-76.4753826,3.4638249],[-76.4753916,3.4638249],[-76.4754006,3.4638158],[-76.4754006,3.4638068],[-76.4754096,3.4637977],[-76.4754186,3.4637977],[-76.4754276,3.4637887],[-76.4754276,3.4637796],[-76.4754366,3.4637706],[-76.4754456,3.4637706],[-76.4754456,3.4637616],[-76.4754546,3.4637525],[-76.4754636,3.4637525],[-76.4754636,3.4637435],[-76.4754996,3.4637073],[-76.4755086,3.4637073],[-76.4755086,3.4636983],[-76.4755626,3.463644],[-76.4755716,3.463644],[-76.4755716,3.463635],[-76.4759504,3.4632703],[-76.4759824,3.4632395],[-76.4762197,3.463011],[-76.4763634,3.4628555],[-76.4765707,3.4626313],[-76.4768497,3.4622537],[-76.4770117,3.4620345],[-76.4770117,3.4620164],[-76.4770207,3.4620073],[-76.4770207,3.4619983],[-76.4770387,3.4619802],[-76.4770387,3.4619712],[-76.4770477,3.4619621],[-76.4770477,3.461944],[-76.4770567,3.461935],[-76.4770568,3.4619259],[-76.4770658,3.4619169],[-76.4770658,3.4619079],[-76.4770748,3.4619079],[-76.4770748,3.4618898],[-76.4770838,3.4618807],[-76.4770838,3.4618717],[-76.4770928,3.4618626],[-76.4770928,3.4618446],[-76.4771018,3.4618355],[-76.4771018,3.4618265],[-76.4771108,3.4618174],[-76.4771108,3.4618147],[-76.4771108,3.4618084],[-76.4771198,3.4617993],[-76.4771198,3.4617813],[-76.4771288,3.4617722],[-76.4771288,3.4617541],[-76.4771378,3.4617451],[-76.4771378,3.461727],[-76.4771468,3.461718],[-76.4771468,3.4616999],[-76.4771558,3.4616908],[-76.4771558,3.4616727],[-76.4771648,3.4616637],[-76.4771648,3.4616546],[-76.4771738,3.4616456],[-76.4771738,3.4616185],[-76.4771828,3.4616094],[-76.4771828,3.4615913],[-76.4771918,3.4615823],[-76.4771918,3.4615552],[-76.4772008,3.4615461],[-76.4772008,3.46151],[-76.4772098,3.4615009],[-76.4772098,3.4614738],[-76.4772188,3.4614647],[-76.4772188,3.4614286],[-76.4772278,3.4614195],[-76.4772278,3.4613743],[-76.4772316,3.4613705],[-76.4772368,3.4613653],[-76.4772368,3.4613291],[-76.4772458,3.4613201],[-76.4772458,3.4613083],[-76.4772458,3.4612568],[-76.4772548,3.4612477],[-76.4772548,3.4611392],[-76.4772638,3.4611301],[-76.4772639,3.4609221],[-76.4772549,3.4609131],[-76.4772549,3.4608046],[-76.4772459,3.4607955],[-76.4772459,3.4607356],[-76.4772459,3.4607322],[-76.4772369,3.4607232],[-76.4772369,3.460678],[-76.4772279,3.4606689],[-76.4772279,3.4606237],[-76.4772189,3.4606147],[-76.4772189,3.4605785],[-76.4772099,3.4605694],[-76.4772099,3.4605423],[-76.4772009,3.4605333],[-76.4772009,3.4604971],[-76.4771919,3.4604881],[-76.4771919,3.46047],[-76.4771829,3.4604609],[-76.4771829,3.4604428],[-76.4771739,3.4604338],[-76.4771739,3.4604067],[-76.4771649,3.4603976],[-76.4771649,3.4603795],[-76.4771559,3.4603705],[-76.4771559,3.4603524],[-76.4771469,3.4603434],[-76.4771469,3.4603253],[-76.4771379,3.4603162],[-76.4771379,3.4602981],[-76.4771289,3.4602891],[-76.4771289,3.460271],[-76.4771199,3.460271],[-76.4771199,3.4602529],[-76.4771109,3.4602439],[-76.4771109,3.4602348],[-76.4771019,3.4602258],[-76.4771019,3.4602077],[-76.477093,3.4601987],[-76.477093,3.4601806],[-76.4768939,3.4597546],[-76.4768797,3.4597243],[-76.476814,3.4595837],[-76.476805,3.4595746],[-76.476805,3.4595565],[-76.476796,3.4595475],[-76.476796,3.4595294],[-76.476787,3.4595204],[-76.476787,3.4595113],[-76.4767781,3.4595023],[-76.4767781,3.4594842],[-76.4767691,3.4594751],[-76.4767691,3.4594571],[-76.4767601,3.459448],[-76.4767601,3.4594299],[-76.4767511,3.4594209],[-76.4767511,3.4594028],[-76.4767421,3.4593938],[-76.4767421,3.4593666],[-76.4767331,3.4593576],[-76.4767331,3.4593485],[-76.4767241,3.4593395],[-76.4767241,3.4593214],[-76.4767151,3.4593124],[-76.4767151,3.4592943],[-76.4767061,3.4592852],[-76.4767061,3.4592671],[-76.4766971,3.4592581],[-76.4766971,3.45924],[-76.4766881,3.459231],[-76.4766881,3.4592038],[-76.4766791,3.4591948],[-76.4766791,3.4591857],[-76.4766701,3.4591767],[-76.4766701,3.4591586],[-76.4766611,3.4591496],[-76.4766611,3.4591315],[-76.4766521,3.4591224],[-76.4766521,3.4590953],[-76.4766431,3.4590863],[-76.4766431,3.4590682],[-76.4766341,3.4590591],[-76.4766341,3.459041],[-76.4766251,3.459032],[-76.4766251,3.4590139],[-76.4766161,3.4590049],[-76.4766161,3.4589868],[-76.4766071,3.4589777],[-76.4766071,3.4589597],[-76.4765981,3.4589506],[-76.4765981,3.4589325],[-76.4765891,3.4589235],[-76.4765891,3.4588963],[-76.4765801,3.4588873],[-76.4765801,3.4588692],[-76.4765711,3.4588602],[-76.4765711,3.458833],[-76.4765621,3.458824],[-76.4765621,3.458815],[-76.4765531,3.4588059],[-76.4765531,3.4587878],[-76.4765442,3.4587788],[-76.4765442,3.4587516],[-76.4765352,3.4587426],[-76.4765352,3.4587245],[-76.4765268,3.4587161],[-76.4765262,3.4587155],[-76.4765262,3.4586883],[-76.4765172,3.4586793],[-76.4765172,3.4586612],[-76.4765082,3.4586522],[-76.4765082,3.458625],[-76.4764992,3.458616],[-76.4764992,3.4585979],[-76.4764902,3.4585889],[-76.4764902,3.4585708],[-76.4764812,3.4585617],[-76.4764812,3.4585346],[-76.4764722,3.4585256],[-76.4764722,3.4585075],[-76.4764632,3.4584984],[-76.4764632,3.4584713],[-76.4764542,3.4584622],[-76.4764542,3.4584351],[-76.4764452,3.4584261],[-76.4764452,3.458408],[-76.4764362,3.4583989],[-76.4764362,3.4583809],[-76.4764272,3.4583718],[-76.4764272,3.4583447],[-76.4764182,3.4583356],[-76.4764182,3.4583085],[-76.4764092,3.4582995],[-76.4764092,3.4582814],[-76.4764002,3.4582723],[-76.4764003,3.4576394],[-76.4764003,3.4575038],[-76.4764003,3.4574647],[-76.4764003,3.4573475],[-76.4764004,3.4571455],[-76.4764004,3.4571454],[-76.4764004,3.4571419],[-76.4763824,3.4564727],[-76.4763815,3.4564646],[-76.4763662,3.456329],[-76.4763015,3.4557583],[-76.4762475,3.4556226],[-76.4762102,3.4553543],[-76.4761966,3.4552568],[-76.4761846,3.4551704],[-76.4759417,3.4546278],[-76.4758087,3.4543039],[-76.4757078,3.454058],[-76.4755998,3.4535245],[-76.4755999,3.4533468],[-76.4755999,3.4532206],[-76.475744,3.452054],[-76.4758161,3.4513215],[-76.4758161,3.4513179],[-76.4758161,3.4513034],[-76.4758251,3.4512944],[-76.4758251,3.4512908],[-76.4758251,3.4512673],[-76.4758341,3.4512582],[-76.4758341,3.4512546],[-76.4758341,3.4512401],[-76.4758431,3.4512311],[-76.4758431,3.4512275],[-76.4758431,3.451213],[-76.4758521,3.451204],[-76.4758521,3.4512003],[-76.4758521,3.4511768],[-76.4758611,3.4511768],[-76.4758611,3.4511732],[-76.4758611,3.4511497],[-76.4758701,3.4511407],[-76.4758701,3.451137],[-76.4758701,3.4511045],[-76.4758791,3.4510955],[-76.4758791,3.4510918],[-76.4758791,3.4510593],[-76.4758881,3.4510502],[-76.4758881,3.4510466],[-76.4758881,3.451005],[-76.4758971,3.450996],[-76.4758971,3.4509923],[-76.4758971,3.4509327],[-76.4759061,3.4509236],[-76.4759061,3.45092],[-76.4759061,3.4508151],[-76.4759151,3.4508061],[-76.4759151,3.4508024],[-76.4759151,3.4506975],[-76.4759151,3.4506939],[-76.4759061,3.4506849],[-76.4759062,3.4505709],[-76.4759062,3.4505673],[-76.4758972,3.4505583],[-76.4758972,3.4504986],[-76.4758972,3.450495],[-76.4758918,3.4504895],[-76.4758906,3.4504818],[-76.4758892,3.4504729],[-76.4758891,3.4504727],[-76.4758882,3.4504627],[-76.4758882,3.4504407],[-76.4758792,3.4504317],[-76.4758792,3.4503955],[-76.4758702,3.4503864],[-76.4758702,3.4503503],[-76.4758612,3.4503412],[-76.4758612,3.4503231],[-76.4758522,3.4503141],[-76.4758522,3.450296],[-76.4758432,3.450287],[-76.4758432,3.4502598],[-76.4758342,3.4502508],[-76.4758342,3.4502327],[-76.4758252,3.4502236],[-76.4758252,3.4502056],[-76.4758162,3.4501965],[-76.4758162,3.4501784],[-76.4758072,3.4501694],[-76.4758072,3.4501513],[-76.4757982,3.4501513],[-76.4757982,3.4501332],[-76.4757892,3.4501242],[-76.4757892,3.4501061],[-76.4756944,3.4499736],[-76.4756733,3.4499443],[-76.4757315,3.4499022],[-76.4757597,3.4498818],[-76.4758789,3.4497956],[-76.475978,3.4497239],[-76.4759846,3.4497191],[-76.4760217,3.4496923],[-76.4760589,3.4496653],[-76.4760905,3.4496425],[-76.4760964,3.4496382],[-76.4762214,3.4495664],[-76.476278,3.4495276],[-76.476406,3.4494827],[-76.4764214,3.4494783],[-76.4765727,3.4494349],[-76.4766451,3.4493975],[-76.47665,3.449395],[-76.4766828,3.4493781],[-76.4767782,3.4493118],[-76.4767871,3.4493037],[-76.4767905,3.4493007],[-76.4767924,3.449299],[-76.4768661,3.4492061],[-76.4768968,3.4491674],[-76.4769141,3.4491457],[-76.4769685,3.449063],[-76.4769688,3.4490626],[-76.4769695,3.4490614],[-76.4769709,3.4490594],[-76.4769743,3.4490542],[-76.477071,3.4489073],[-76.4771362,3.4487984],[-76.4771842,3.4487305],[-76.4772411,3.4486911],[-76.4773247,3.4486236],[-76.4774156,3.4485502],[-76.4776798,3.4483675],[-76.4777833,3.4483083],[-76.4779166,3.4482321],[-76.478223,3.4480799],[-76.4784432,3.4479762],[-76.4784638,3.4479665],[-76.4784647,3.4479661],[-76.4784689,3.4479659],[-76.4786002,3.4479132],[-76.4789473,3.4477812],[-76.4790559,3.447753],[-76.4791188,3.4477367],[-76.4792545,3.4476735],[-76.4793961,3.4475938],[-76.4794098,3.4475864],[-76.4794182,3.4475818],[-76.4800996,3.4472128],[-76.4801542,3.4471584],[-76.4802352,3.4470771],[-76.4802623,3.4469776],[-76.4802803,3.4469324],[-76.4803163,3.44686],[-76.4803793,3.4467606],[-76.4804153,3.4467153],[-76.4804603,3.4466701],[-76.4805323,3.4465888],[-76.4808383,3.4462361],[-76.4808563,3.446209],[-76.4809373,3.4461005],[-76.4809823,3.4459739],[-76.4811263,3.4456031],[-76.4811624,3.4455036],[-76.4812884,3.4451781],[-76.4813334,3.4450424],[-76.4813784,3.4449339],[-76.4813964,3.4448977],[-76.4814144,3.4448616],[-76.4814324,3.4448344],[-76.4814504,3.4448164],[-76.4814684,3.4447983],[-76.4814864,3.4447802],[-76.4815134,3.4447711],[-76.4815314,3.4447531],[-76.4815854,3.444735],[-76.4816214,3.444735],[-76.4816484,3.4447259],[-76.4817204,3.4447169],[-76.4821344,3.4446446],[-76.4822514,3.4446265],[-76.4823324,3.4446175],[-76.4824674,3.4445904],[-76.4825124,3.4445904],[-76.4826204,3.4445723],[-76.4835383,3.4445091],[-76.4837941,3.4444963],[-76.4838522,3.4444934],[-76.4840812,3.4444819],[-76.4841009,3.4443709],[-76.4841015,3.44436],[-76.4841061,3.4443254],[-76.4841076,3.4442542],[-76.4841257,3.4442481],[-76.4841675,3.444234],[-76.4843281,3.4441798],[-76.4844064,3.4441534],[-76.4844407,3.4441419],[-76.4844464,3.4441399],[-76.4845485,3.4441055],[-76.4846246,3.4440798],[-76.484635,3.4440763],[-76.484696,3.4440557],[-76.4847806,3.4440272],[-76.4848242,3.4440124],[-76.4848676,3.4439978],[-76.4849469,3.443971],[-76.4850336,3.4439418],[-76.4850362,3.4439408],[-76.4850713,3.4439279],[-76.4851371,3.4439037],[-76.4852624,3.4438577],[-76.4853214,3.443836],[-76.4854123,3.4438026],[-76.4855948,3.4437356],[-76.4856827,3.4437033],[-76.4859058,3.4436213],[-76.4859773,3.443595],[-76.4862115,3.443509],[-76.4862122,3.4435087],[-76.4862465,3.4434968],[-76.4865259,3.4433997],[-76.4866158,3.4433684],[-76.4868581,3.4432842],[-76.4869289,3.4433249],[-76.4871083,3.4434279],[-76.4873645,3.4435118],[-76.4874807,3.4435537],[-76.4876327,3.4436256],[-76.4877608,3.4436945],[-76.4879157,3.4437723],[-76.4880646,3.4438262],[-76.4883268,3.4439011],[-76.4884609,3.443961],[-76.4886158,3.4440508],[-76.4888213,3.4441466],[-76.4890447,3.4442425],[-76.4892443,3.4443443],[-76.4893665,3.4443742],[-76.4894827,3.4443772],[-76.4896555,3.4443503],[-76.4899296,3.4442635],[-76.4901292,3.4441917],[-76.4903199,3.4441198],[-76.4905093,3.4440532],[-76.4908169,3.4439335],[-76.4908588,3.4439208],[-76.490398,3.4449256],[-76.4903719,3.4449814],[-76.4901216,3.4455291],[-76.4899387,3.4459292],[-76.4898043,3.4462205],[-76.4897916,3.4462483],[-76.4897346,3.4463818],[-76.4896076,3.4465791],[-76.4894326,3.4468615],[-76.4893727,3.4469582],[-76.4892741,3.4471105],[-76.4888798,3.4477203],[-76.4887104,3.4480181],[-76.4877285,3.4497551],[-76.4876476,3.4498985],[-76.4872876,3.4505365],[-76.4872303,3.4506421],[-76.4867668,3.4514969],[-76.4867485,3.4515307],[-76.4863934,3.4522959],[-76.4864162,3.4522967],[-76.4866586,3.4523051],[-76.4870129,3.4523199],[-76.4875223,3.4523497],[-76.4879136,3.4523646],[-76.4882015,3.4524017],[-76.4885928,3.4524759],[-76.4893753,3.4525873],[-76.4898108,3.4526467],[-76.4900078,3.4526579],[-76.490064,3.4526579],[-76.490065,3.4526579],[-76.49008,3.4526579],[-76.4907647,3.4527612],[-76.4909799,3.4527937],[-76.4911149,3.4528118],[-76.4912049,3.4528118],[-76.4913669,3.4528208],[-76.4915288,3.4528118],[-76.4916908,3.4528028],[-76.4918528,3.4527937],[-76.4922308,3.4527757],[-76.4926898,3.4527396],[-76.4927551,3.4527259],[-76.4927886,3.4527215],[-76.492992,3.4527102],[-76.4933627,3.4526834],[-76.4938284,3.4526581],[-76.4942673,3.4526373],[-76.4945699,3.4526164],[-76.4949139,3.4525986],[-76.4951245,3.4525897],[-76.4954864,3.4525778],[-76.4954992,3.4525776],[-76.4955082,3.4525774],[-76.4955172,3.4525773],[-76.4955262,3.4525772],[-76.4955352,3.4525771],[-76.4955442,3.452577],[-76.4955532,3.4525769],[-76.4955622,3.4525768],[-76.4955712,3.4525767],[-76.4955802,3.4525766],[-76.4955892,3.4525766],[-76.4955982,3.4525765],[-76.4956072,3.4525764],[-76.4956162,3.4525764],[-76.4956252,3.4525763],[-76.4956342,3.4525763],[-76.4956432,3.4525763],[-76.4956522,3.4525762],[-76.4956612,3.4525762],[-76.4956653,3.4525762],[-76.4956702,3.4525762],[-76.4956792,3.4525762],[-76.4956882,3.4525762],[-76.4956972,3.4525762],[-76.4957062,3.4525762],[-76.4957152,3.4525762],[-76.4957242,3.4525762],[-76.4957332,3.4525762],[-76.4957422,3.4525763],[-76.4957512,3.4525763],[-76.4957602,3.4525764],[-76.4957692,3.4525764],[-76.4957782,3.4525765],[-76.4957872,3.4525765],[-76.4957962,3.4525766],[-76.4958052,3.4525767],[-76.4958142,3.4525767],[-76.4958232,3.4525768],[-76.4958322,3.4525769],[-76.4958412,3.452577],[-76.4958502,3.4525771],[-76.4958592,3.4525772],[-76.4958682,3.4525774],[-76.4958772,3.4525775],[-76.4958862,3.4525776],[-76.4958951,3.4525778],[-76.4959041,3.4525779],[-76.4959131,3.452578],[-76.4959221,3.4525782],[-76.4959311,3.4525784],[-76.4959401,3.4525785],[-76.4959491,3.4525787],[-76.4959581,3.4525789],[-76.4959671,3.4525791],[-76.4959761,3.4525793],[-76.4959851,3.4525795],[-76.4959941,3.4525797],[-76.4960031,3.4525799],[-76.4960121,3.4525801],[-76.4960211,3.4525803],[-76.4960301,3.4525805],[-76.4960391,3.4525808],[-76.4960481,3.452581],[-76.4960571,3.4525813],[-76.4960661,3.4525815],[-76.4960751,3.4525818],[-76.4960841,3.4525821],[-76.4960931,3.4525823],[-76.4961021,3.4525826],[-76.4961111,3.4525829],[-76.4961201,3.4525832],[-76.4961291,3.4525835],[-76.4961381,3.4525838],[-76.496147,3.4525841],[-76.496156,3.4525844],[-76.496165,3.4525847],[-76.496174,3.4525851],[-76.496183,3.4525854],[-76.496192,3.4525857],[-76.496201,3.4525861],[-76.49621,3.4525864],[-76.496219,3.4525837],[-76.4963577,3.4525859],[-76.4965055,3.4525953],[-76.4965151,3.4525953],[-76.4965865,3.4525953],[-76.4967108,3.4526072],[-76.4967755,3.4526134],[-76.4972255,3.4526496],[-76.4973986,3.4526615],[-76.4976214,3.4526768],[-76.4977114,3.4526858],[-76.4981126,3.4527183],[-76.4984236,3.4527435],[-76.4984944,3.4527492],[-76.4985578,3.45275],[-76.4986166,3.4527508],[-76.4990277,3.4527563],[-76.4991783,3.4527583],[-76.4993763,3.4527583],[-76.4995923,3.4527674],[-76.4997993,3.4527674],[-76.5005102,3.4527855],[-76.5008972,3.4527946],[-76.5014642,3.4528489],[-76.5015395,3.4528558],[-76.5016622,3.452867],[-76.5017162,3.452867],[-76.5018781,3.4528942],[-76.503552,3.4532018],[-76.504011,3.4532833],[-76.5043259,3.4533195],[-76.5045419,3.4533285],[-76.5047489,3.4533376],[-76.5051539,3.4533467],[-76.5052558,3.4533569],[-76.5055139,3.4533829],[-76.5065038,3.4535276],[-76.5088784,3.4538872],[-76.5094915,3.4539801],[-76.509527,3.4539849],[-76.5095362,3.4540454],[-76.5095455,3.4541157],[-76.5095981,3.4544117],[-76.5096355,3.4546222],[-76.5096894,3.4548479],[-76.5096895,3.4548483],[-76.5096929,3.4548636],[-76.5097104,3.4549438],[-76.5097325,3.4550481],[-76.5097355,3.4550906],[-76.5097713,3.455265],[-76.509817,3.4554456],[-76.5098795,3.4556925],[-76.5099245,3.4558702],[-76.5099505,3.4559646],[-76.5099901,3.4561081],[-76.5102803,3.4571613],[-76.5102859,3.4571841],[-76.510306,3.4572654],[-76.5103201,3.4573222],[-76.5102377,3.4573487],[-76.5100618,3.4574049],[-76.5095368,3.457571],[-76.5092901,3.4576502],[-76.5089235,3.4577649],[-76.5085883,3.4578695],[-76.5081255,3.4580127],[-76.5077274,3.4581349],[-76.5074229,3.4582246],[-76.507149,3.4583002],[-76.5068979,3.4583749],[-76.5066984,3.4584373],[-76.5066742,3.4584451],[-76.5066737,3.4584452],[-76.5066083,3.4584663],[-76.5065077,3.4585006],[-76.5064114,3.4585287],[-76.5063187,3.4585595],[-76.5059354,3.4586781],[-76.5059083,3.4586887],[-76.5057027,3.4587572],[-76.5055426,3.4588108],[-76.5051882,3.4589216],[-76.5047227,3.459071],[-76.5045862,3.4591123],[-76.5043413,3.4591897],[-76.5042747,3.4592108],[-76.503951,3.4593136],[-76.5037007,3.4593945],[-76.5036124,3.4594235],[-76.503447,3.4594815],[-76.5034059,3.4594938],[-76.503167,3.4595676],[-76.502642,3.4597294],[-76.5023918,3.4598138],[-76.5021328,3.4598946],[-76.5019359,3.4599561],[-76.5017504,3.4600168],[-76.5016273,3.4600564],[-76.5016218,3.4600582],[-76.5015728,3.4600739],[-76.5014617,3.4601117],[-76.5011327,3.4602146],[-76.500885,3.4602937],[-76.5005429,3.4604009],[-76.5003874,3.4604486],[-76.5002594,3.4604879],[-76.500097,3.4605392],[-76.4998963,3.4606026],[-76.4996924,3.4606677],[-76.4994982,3.4607292],[-76.4993993,3.4607578],[-76.4991403,3.4608413],[-76.4988988,3.4609186],[-76.498646,3.4609977],[-76.4985313,3.4610355],[-76.4984386,3.4610663],[-76.4983625,3.46109],[-76.4981481,3.4611581],[-76.4980134,3.4612012],[-76.4978611,3.4612482],[-76.4977867,3.461272],[-76.4974919,3.4613647],[-76.497134,3.4614785],[-76.496777,3.4615906],[-76.49642,3.4617035],[-76.4962719,3.4617509],[-76.4960639,3.4618173],[-76.4957078,3.4619312],[-76.4953517,3.4620432],[-76.4949955,3.4621597],[-76.4948564,3.4621993],[-76.4948109,3.4622133],[-76.4947602,3.4622291],[-76.4946298,3.4622713],[-76.4943586,3.4623592],[-76.4942273,3.462401],[-76.4939998,3.46247],[-76.4937994,3.4625333],[-76.4933339,3.462684],[-76.4929376,3.4628092],[-76.4924852,3.4629543],[-76.4923757,3.462989],[-76.4921589,3.4630533],[-76.4915938,3.4632315],[-76.4908842,3.4634592],[-76.4903848,3.4636193],[-76.490067,3.4637199],[-76.4896415,3.4638544],[-76.4887485,3.4641349],[-76.4887295,3.4641408],[-76.4886887,3.4641536],[-76.4873094,3.4645917],[-76.4872901,3.4645978],[-76.4858938,3.465048],[-76.4852162,3.465264],[-76.4845841,3.4654644],[-76.4844127,3.4655215],[-76.4843972,3.4655266],[-76.4843968,3.4655268],[-76.4843775,3.4655332],[-76.4835917,3.4657842],[-76.4831951,3.4659194],[-76.4820609,3.4663044],[-76.4816595,3.4664312],[-76.4809506,3.4666629],[-76.48047,3.4668222],[-76.4802437,3.4668941],[-76.4797721,3.4670441],[-76.479612,3.46709],[-76.4758701,3.4682668],[-76.4758687,3.4682672],[-76.4748599,3.4685623],[-76.4748434,3.4685324],[-76.4748281,3.4685047],[-76.4745776,3.4680509],[-76.4744912,3.4678943],[-76.4744475,3.4678036],[-76.474359,3.4676198],[-76.474276,3.4674693],[-76.4742599,3.4674347],[-76.4741867,3.4672779],[-76.4741821,3.467268],[-76.4740796,3.4670506],[-76.4740258,3.4669255],[-76.4739844,3.4668292],[-76.4739248,3.4666259],[-76.4739179,3.4665003],[-76.473913,3.4664105],[-76.4739312,3.4663035],[-76.4739487,3.4662012],[-76.4739904,3.4660636],[-76.4740061,3.4660402],[-76.4741273,3.4658602],[-76.4742404,3.4656808],[-76.4743565,3.4654797],[-76.4743655,3.4654616],[-76.4743745,3.4654525],[-76.4743745,3.4654345],[-76.4743835,3.4654254],[-76.4743835,3.4654073],[-76.4743925,3.4653983],[-76.4743925,3.4653892],[-76.4744015,3.4653802],[-76.4744015,3.4653621],[-76.4744105,3.4653531],[-76.4744105,3.465344],[-76.4744195,3.465335],[-76.4744195,3.4653259],[-76.4744285,3.4653169],[-76.4744285,3.4652988],[-76.4744375,3.4652898],[-76.4744375,3.4652807],[-76.4744465,3.4652717],[-76.4744465,3.4652536],[-76.4744645,3.4652355],[-76.4744645,3.4652265],[-76.4744735,3.4652174],[-76.4744735,3.4651993],[-76.4744825,3.4651903],[-76.4744825,3.4651812],[-76.4744915,3.4651722]]]}},{"type":"Feature","properties":{"comuna":8,"nombre":"Comuna 8","shape_leng":12187.367,"shape_area":5270329.5},"geometry":{"type":"Polygon","coordinates":[[[-76.5088784,3.4538872],[-76.5065038,3.4535276],[-76.5055139,3.4533829],[-76.5052558,3.4533569],[-76.5051539,3.4533467],[-76.5047489,3.4533376],[-76.5045419,3.4533285],[-76.5043259,3.4533195],[-76.504011,3.4532833],[-76.503552,3.4532018],[-76.5018781,3.4528942],[-76.5017162,3.452867],[-76.5016622,3.452867],[-76.5015395,3.4528558],[-76.5014642,3.4528489],[-76.5008972,3.4527946],[-76.5005102,3.4527855],[-76.4997993,3.4527674],[-76.4995923,3.4527674],[-76.4993763,3.4527583],[-76.4991783,3.4527583],[-76.4990277,3.4527563],[-76.4986166,3.4527508],[-76.4985578,3.45275],[-76.4984944,3.4527492],[-76.4984236,3.4527435],[-76.4981126,3.4527183],[-76.4977114,3.4526858],[-76.4976214,3.4526768],[-76.4973986,3.4526615],[-76.4972255,3.4526496],[-76.4967755,3.4526134],[-76.4967108,3.4526072],[-76.4965865,3.4525953],[-76.4965151,3.4525953],[-76.4965055,3.4525953],[-76.4963577,3.4525859],[-76.496219,3.4525837],[-76.49621,3.4525864],[-76.496201,3.4525861],[-76.496192,3.4525857],[-76.496183,3.4525854],[-76.496174,3.4525851],[-76.496165,3.4525847],[-76.496156,3.4525844],[-76.496147,3.4525841],[-76.4961381,3.4525838],[-76.4961291,3.4525835],[-76.4961201,3.4525832],[-76.4961111,3.4525829],[-76.4961021,3.4525826],[-76.4960931,3.4525823],[-76.4960841,3.4525821],[-76.4960751,3.4525818],[-76.4960661,3.4525815],[-76.4960571,3.4525813],[-76.4960481,3.452581],[-76.4960391,3.4525808],[-76.4960301,3.4525805],[-76.4960211,3.4525803],[-76.4960121,3.4525801],[-76.4960031,3.4525799],[-76.4959941,3.4525797],[-76.4959851,3.4525795],[-76.4959761,3.4525793],[-76.4959671,3.4525791],[-76.4959581,3.4525789],[-76.4959491,3.4525787],[-76.4959401,3.4525785],[-76.4959311,3.4525784],[-76.4959221,3.4525782],[-76.4959131,3.452578],[-76.4959041,3.4525779],[-76.4958951,3.4525778],[-76.4958862,3.4525776],[-76.4958772,3.4525775],[-76.4958682,3.4525774],[-76.4958592,3.4525772],[-76.4958502,3.4525771],[-76.4958412,3.452577],[-76.4958322,3.4525769],[-76.4958232,3.4525768],[-76.4958142,3.4525767],[-76.4958052,3.4525767],[-76.4957962,3.4525766],[-76.4957872,3.4525765],[-76.4957782,3.4525765],[-76.4957692,3.4525764],[-76.4957602,3.4525764],[-76.4957512,3.4525763],[-76.4957422,3.4525763],[-76.4957332,3.4525762],[-76.4957242,3.4525762],[-76.4957152,3.4525762],[-76.4957062,3.4525762],[-76.4956972,3.4525762],[-76.4956882,3.4525762],[-76.4956792,3.4525762],[-76.4956702,3.4525762],[-76.4956653,3.4525762],[-76.4956612,3.4525762],[-76.4956522,3.4525762],[-76.4956432,3.4525763],[-76.4956342,3.4525763],[-76.4956252,3.4525763],[-76.4956162,3.4525764],[-76.4956072,3.4525764],[-76.4955982,3.4525765],[-76.4955892,3.4525766],[-76.4955802,3.4525766],[-76.4955712,3.4525767],[-76.4955622,3.4525768],[-76.4955532,3.4525769],[-76.4955442,3.452577],[-76.4955352,3.4525771],[-76.4955262,3.4525772],[-76.4955172,3.4525773],[-76.4955082,3.4525774],[-76.4954992,3.4525776],[-76.4954864,3.4525778],[-76.4951245,3.4525897],[-76.4949139,3.4525986],[-76.4945699,3.4526164],[-76.4942673,3.4526373],[-76.4938284,3.4526581],[-76.4933627,3.4526834],[-76.492992,3.4527102],[-76.4927886,3.4527215],[-76.4927551,3.4527259],[-76.4926898,3.4527396],[-76.4922308,3.4527757],[-76.4918528,3.4527937],[-76.4916908,3.4528028],[-76.4915288,3.4528118],[-76.4913669,3.4528208],[-76.4912049,3.4528118],[-76.4911149,3.4528118],[-76.4909799,3.4527937],[-76.4907647,3.4527612],[-76.49008,3.4526579],[-76.490065,3.4526579],[-76.490064,3.4526579],[-76.4900078,3.4526579],[-76.4898108,3.4526467],[-76.4893753,3.4525873],[-76.4885928,3.4524759],[-76.4882015,3.4524017],[-76.4879136,3.4523646],[-76.4875223,3.4523497],[-76.4870129,3.4523199],[-76.4866586,3.4523051],[-76.4864162,3.4522967],[-76.4863934,3.4522959],[-76.4867485,3.4515307],[-76.4867668,3.4514969],[-76.4872303,3.4506421],[-76.4872876,3.4505365],[-76.4876476,3.4498985],[-76.4877285,3.4497551],[-76.4887104,3.4480181],[-76.4888798,3.4477203],[-76.4892741,3.4471105],[-76.4893727,3.4469582],[-76.4894326,3.4468615],[-76.4896076,3.4465791],[-76.4897346,3.4463818],[-76.4897916,3.4462483],[-76.4898043,3.4462205],[-76.4899387,3.4459292],[-76.4901216,3.4455291],[-76.4903719,3.4449814],[-76.490398,3.4449256],[-76.4908588,3.4439208],[-76.4908596,3.4439206],[-76.4908702,3.4439174],[-76.4910414,3.4438654],[-76.4911554,3.4438156],[-76.4925522,3.4433279],[-76.4932486,3.4430846],[-76.4932162,3.4429468],[-76.4931714,3.4427906],[-76.4931423,3.4427181],[-76.4930291,3.4423804],[-76.4930159,3.4423101],[-76.4930165,3.4423099],[-76.49341,3.4421766],[-76.4934703,3.4421562],[-76.4935105,3.4421422],[-76.4944134,3.4418298],[-76.4956483,3.4413893],[-76.4956524,3.4413879],[-76.495555,3.4411202],[-76.4954913,3.4409447],[-76.4953117,3.4404508],[-76.4960302,3.4401987],[-76.4961676,3.4401482],[-76.4974885,3.4396835],[-76.497499,3.4396798],[-76.4977446,3.4403966],[-76.4977396,3.4404423],[-76.4977269,3.4405572],[-76.4977216,3.4405948],[-76.4977141,3.4406733],[-76.4977036,3.4407847],[-76.497694,3.4408564],[-76.4976733,3.4410443],[-76.4976389,3.4412899],[-76.497623,3.4414067],[-76.4976022,3.4415599],[-76.4975807,3.4417172],[-76.4975685,3.4418709],[-76.4975685,3.441897],[-76.4975611,3.4419641],[-76.497549,3.4421154],[-76.4975415,3.442183],[-76.4975249,3.4423316],[-76.4975206,3.4423696],[-76.4974784,3.4428104],[-76.4974694,3.4428647],[-76.4979943,3.4429421],[-76.4981448,3.4429616],[-76.4981463,3.4429618],[-76.4981474,3.4429455],[-76.4981533,3.4429099],[-76.4981533,3.4428606],[-76.4981568,3.4428114],[-76.4981587,3.4427829],[-76.4981623,3.4427833],[-76.4987888,3.4428607],[-76.4991883,3.44291],[-76.4993592,3.4429372],[-76.4994672,3.4429462],[-76.4997282,3.4429734],[-76.5003222,3.4430458],[-76.5004571,3.4430639],[-76.5006461,3.4430911],[-76.5009341,3.4431273],[-76.5010241,3.4431363],[-76.5014111,3.4431906],[-76.501528,3.4431997],[-76.501897,3.4432449],[-76.502023,3.443263],[-76.502554,3.4433354],[-76.5026848,3.4433532],[-76.5026804,3.4433392],[-76.5026792,3.4433354],[-76.5025991,3.4430806],[-76.502494,3.4427737],[-76.5023126,3.4422854],[-76.5021413,3.4417664],[-76.5020903,3.4416199],[-76.5019599,3.4412457],[-76.5017717,3.4407249],[-76.501658,3.4403832],[-76.501587,3.440162],[-76.5015868,3.4401616],[-76.5016251,3.4401487],[-76.5026809,3.439791],[-76.5028607,3.4397194],[-76.5049232,3.4390037],[-76.505004,3.4389757],[-76.5054339,3.4388262],[-76.5059288,3.4386541],[-76.5069815,3.4382823],[-76.5074846,3.4381101],[-76.5078906,3.437982],[-76.5081174,3.4379104],[-76.5082573,3.4378707],[-76.5083503,3.4378443],[-76.50836,3.4378415],[-76.5084121,3.4378267],[-76.5083761,3.4376766],[-76.5083538,3.4375888],[-76.508332,3.4375301],[-76.508233,3.4371412],[-76.5081971,3.4370236],[-76.508128,3.4367458],[-76.5080981,3.4366257],[-76.5080833,3.436566],[-76.5080711,3.4365172],[-76.5079362,3.4360198],[-76.5079272,3.4359655],[-76.5096945,3.435506],[-76.5095458,3.434888],[-76.5112594,3.4344218],[-76.5112632,3.4344207],[-76.511392,3.434555],[-76.511509,3.4346726],[-76.511617,3.4347811],[-76.5118329,3.4349982],[-76.5119409,3.4351248],[-76.5120939,3.4353328],[-76.5121299,3.435369],[-76.5122378,3.4355137],[-76.5124448,3.4358755],[-76.5130117,3.4366171],[-76.5130139,3.4366165],[-76.5132111,3.4365687],[-76.5132727,3.4365538],[-76.5136596,3.4364724],[-76.5138666,3.4364363],[-76.5140196,3.4364182],[-76.5142806,3.436373],[-76.5148656,3.4362916],[-76.5156215,3.4361922],[-76.515855,3.4361557],[-76.5160265,3.436129],[-76.5165394,3.4360566],[-76.5167914,3.4360205],[-76.5179973,3.4358578],[-76.5190772,3.4357132],[-76.5193112,3.435677],[-76.5193805,3.4356683],[-76.5193799,3.4356749],[-76.5193583,3.4359007],[-76.5190816,3.4383918],[-76.5188488,3.4405274],[-76.5186532,3.4423215],[-76.5185891,3.4430041],[-76.5184929,3.44374],[-76.5184025,3.4445563],[-76.5183918,3.4447264],[-76.518381,3.4448966],[-76.5180782,3.4476648],[-76.5179727,3.4487547],[-76.5179415,3.449077],[-76.5179804,3.4502049],[-76.5181267,3.4513425],[-76.5181853,3.451676],[-76.5183414,3.4522448],[-76.5184877,3.4527499],[-76.5185564,3.4529887],[-76.5186682,3.4533775],[-76.5189951,3.4543877],[-76.5190518,3.454637],[-76.518993,3.4545328],[-76.5189719,3.4544785],[-76.5189463,3.4544035],[-76.5189192,3.4543332],[-76.5188956,3.4542769],[-76.5188659,3.4542271],[-76.5188299,3.4541582],[-76.5188205,3.4541442],[-76.5188153,3.4541367],[-76.5188101,3.4541293],[-76.5188049,3.454122],[-76.5187997,3.4541146],[-76.5187943,3.4541073],[-76.5187888,3.4541001],[-76.5187834,3.4540929],[-76.5187779,3.4540858],[-76.5187723,3.4540787],[-76.5187666,3.4540717],[-76.5187609,3.4540647],[-76.5187584,3.4540615],[-76.5187442,3.4540426],[-76.5187022,3.4539933],[-76.518634,3.45393],[-76.5185937,3.4538957],[-76.5185771,3.4538834],[-76.5185246,3.4538474],[-76.5185004,3.4538327],[-76.5184992,3.4538319],[-76.5184916,3.453827],[-76.5184839,3.4538223],[-76.5184763,3.4538176],[-76.5184685,3.453813],[-76.5184564,3.4538056],[-76.5184486,3.453801],[-76.5184408,3.4537964],[-76.518433,3.453792],[-76.5184252,3.4537877],[-76.5184172,3.4537834],[-76.5184093,3.4537791],[-76.5184013,3.453775],[-76.5183932,3.4537709],[-76.5183852,3.4537669],[-76.5183771,3.453763],[-76.5183689,3.4537591],[-76.5183608,3.4537553],[-76.5183525,3.4537516],[-76.5183443,3.453748],[-76.518336,3.4537444],[-76.5183277,3.453741],[-76.5183194,3.4537376],[-76.518311,3.4537343],[-76.5183026,3.4537311],[-76.5182942,3.4537279],[-76.5182857,3.4537248],[-76.5182772,3.4537218],[-76.518242,3.4537089],[-76.5181997,3.4536984],[-76.5181865,3.4536951],[-76.5181822,3.4536941],[-76.518175,3.4536924],[-76.5181734,3.453692],[-76.5181646,3.45369],[-76.5181558,3.4536882],[-76.518147,3.4536863],[-76.5181382,3.4536847],[-76.5181355,3.4536842],[-76.518102,3.4536772],[-76.5180364,3.4536666],[-76.517986,3.4536652],[-76.5179793,3.4536648],[-76.5179703,3.4536643],[-76.5179613,3.4536639],[-76.5179523,3.4536636],[-76.5179434,3.4536633],[-76.5179344,3.4536632],[-76.5179254,3.4536631],[-76.5179164,3.4536631],[-76.5179074,3.4536632],[-76.5178984,3.4536634],[-76.5178894,3.4536637],[-76.5178804,3.453664],[-76.5178714,3.4536644],[-76.5178624,3.4536649],[-76.5178534,3.4536655],[-76.5178444,3.4536662],[-76.5178354,3.453667],[-76.5178265,3.4536678],[-76.5178176,3.4536687],[-76.5178086,3.4536697],[-76.5177996,3.4536708],[-76.5177907,3.453672],[-76.5177819,3.4536733],[-76.5177729,3.4536746],[-76.5177641,3.453676],[-76.5177551,3.4536775],[-76.5177463,3.453679],[-76.5177375,3.4536807],[-76.5177286,3.4536825],[-76.5177198,3.4536843],[-76.5177111,3.4536862],[-76.5177023,3.4536882],[-76.5176935,3.4536903],[-76.5176848,3.4536925],[-76.517676,3.4536947],[-76.5176681,3.4536968],[-76.5176672,3.4536969],[-76.5176409,3.453704],[-76.517604,3.4537156],[-76.5175979,3.4537175],[-76.5175893,3.4537202],[-76.5175808,3.4537229],[-76.5175722,3.4537258],[-76.5175637,3.4537287],[-76.5175552,3.4537317],[-76.5175527,3.4537326],[-76.517549,3.4537339],[-76.5174992,3.4537523],[-76.5174779,3.4537632],[-76.5174719,3.4537659],[-76.5174638,3.4537697],[-76.5174557,3.4537737],[-76.5174476,3.4537777],[-76.5174395,3.4537817],[-76.5174316,3.4537858],[-76.5174236,3.45379],[-76.5174156,3.4537943],[-76.5174077,3.4537986],[-76.5173999,3.4538031],[-76.5173921,3.4538075],[-76.5173843,3.4538121],[-76.5173766,3.4538167],[-76.5173689,3.4538214],[-76.5173613,3.4538262],[-76.5173537,3.4538311],[-76.5173461,3.4538359],[-76.5173385,3.4538409],[-76.5173311,3.453846],[-76.5173236,3.453851],[-76.5173163,3.4538562],[-76.5173089,3.4538615],[-76.5173016,3.4538668],[-76.5172944,3.4538722],[-76.5172872,3.4538776],[-76.5172801,3.4538831],[-76.517273,3.4538887],[-76.517266,3.4538943],[-76.517259,3.4539],[-76.5172521,3.4539058],[-76.5172452,3.4539116],[-76.5172384,3.4539175],[-76.5172315,3.4539234],[-76.5172249,3.4539295],[-76.5172147,3.4539389],[-76.5172082,3.4539451],[-76.5172017,3.4539514],[-76.5171953,3.4539577],[-76.5171889,3.4539641],[-76.5171825,3.4539704],[-76.5171762,3.4539769],[-76.5171699,3.4539834],[-76.5171638,3.4539899],[-76.5171576,3.4539966],[-76.5171514,3.4540031],[-76.5171454,3.4540099],[-76.5171394,3.4540166],[-76.5171334,3.4540234],[-76.5171275,3.4540301],[-76.517125,3.4540331],[-76.5171216,3.454037],[-76.5171158,3.4540439],[-76.5171116,3.454049],[-76.51711,3.4540508],[-76.5171043,3.4540578],[-76.5170986,3.4540648],[-76.517093,3.4540719],[-76.5170875,3.454079],[-76.5170819,3.4540862],[-76.5170764,3.4540934],[-76.517071,3.4541006],[-76.5170657,3.4541078],[-76.5170603,3.4541151],[-76.5170551,3.4541225],[-76.5170499,3.4541298],[-76.5170447,3.4541372],[-76.5170396,3.4541447],[-76.5170346,3.4541522],[-76.5170296,3.4541597],[-76.5170247,3.4541673],[-76.5170197,3.4541749],[-76.517015,3.4541825],[-76.5170102,3.4541902],[-76.5170055,3.4541979],[-76.5170008,3.4542056],[-76.5169962,3.4542134],[-76.5169916,3.4542212],[-76.5169871,3.454229],[-76.5169827,3.4542368],[-76.5169783,3.4542448],[-76.516974,3.4542527],[-76.5169706,3.454259],[-76.5169698,3.4542607],[-76.5169655,3.4542686],[-76.5169614,3.4542767],[-76.5169572,3.4542847],[-76.5169532,3.4542928],[-76.5169492,3.4543009],[-76.5169454,3.4543091],[-76.5169415,3.4543172],[-76.5167931,3.454584],[-76.5165995,3.4549381],[-76.5165811,3.4549718],[-76.5165452,3.4550256],[-76.5164673,3.4551421],[-76.5164601,3.4551526],[-76.5164549,3.4551599],[-76.5164549,3.4551599],[-76.5163975,3.4552298],[-76.51638,3.4552478],[-76.5163691,3.4552595],[-76.5163628,3.455266],[-76.5163565,3.4552725],[-76.5163502,3.4552789],[-76.5163438,3.4552853],[-76.5163374,3.4552916],[-76.5163309,3.4552978],[-76.5163243,3.455304],[-76.5163177,3.4553102],[-76.516311,3.4553163],[-76.5163043,3.4553223],[-76.5162976,3.4553283],[-76.5162907,3.4553342],[-76.5162839,3.45534],[-76.516277,3.4553458],[-76.51627,3.4553515],[-76.516263,3.4553572],[-76.5162559,3.4553628],[-76.5162488,3.4553684],[-76.5162417,3.4553739],[-76.5162345,3.4553793],[-76.5162273,3.4553847],[-76.51622,3.45539],[-76.5162126,3.4553952],[-76.5162053,3.4554004],[-76.5161978,3.4554055],[-76.5161904,3.4554106],[-76.5161829,3.4554156],[-76.5161753,3.4554205],[-76.5161677,3.4554253],[-76.5161601,3.4554301],[-76.5161524,3.4554349],[-76.5161459,3.4554388],[-76.5161407,3.4554417],[-76.5161329,3.4554461],[-76.5161249,3.4554504],[-76.516117,3.4554546],[-76.516109,3.4554586],[-76.5161009,3.4554627],[-76.5160927,3.4554665],[-76.5160846,3.4554704],[-76.5160764,3.4554741],[-76.5160681,3.4554777],[-76.5158859,3.4555553],[-76.5158218,3.455577],[-76.5157404,3.4556034],[-76.5156144,3.4556394],[-76.5155636,3.4556539],[-76.5154104,3.4557032],[-76.5152436,3.4557568],[-76.5150999,3.4558029],[-76.5146335,3.4559458],[-76.5141672,3.4560948],[-76.5137008,3.4562438],[-76.5132345,3.4563892],[-76.5127681,3.4565391],[-76.5126289,3.4565838],[-76.5126115,3.4565894],[-76.5123017,3.456689],[-76.5118354,3.4568397],[-76.5113559,3.4569927],[-76.5109499,3.4571201],[-76.5107163,3.4571948],[-76.5106573,3.4572138],[-76.510638,3.45722],[-76.5103241,3.4573209],[-76.5103201,3.4573222],[-76.510306,3.4572654],[-76.5102859,3.4571841],[-76.5102803,3.4571613],[-76.5099901,3.4561081],[-76.5099505,3.4559646],[-76.5099245,3.4558702],[-76.5098795,3.4556925],[-76.509817,3.4554456],[-76.5097713,3.455265],[-76.5097355,3.4550906],[-76.5097325,3.4550481],[-76.5097104,3.4549438],[-76.5096929,3.4548636],[-76.5096895,3.4548483],[-76.5096894,3.4548479],[-76.5096355,3.4546222],[-76.5095981,3.4544117],[-76.5095455,3.4541157],[-76.5095362,3.4540454],[-76.509527,3.4539849],[-76.5094915,3.4539801],[-76.5088784,3.4538872]]]}},{"type":"Feature","properties":{"comuna":12,"nombre":"Comuna 12","shape_leng":8256.293,"shape_area":2329232.553},"geometry":{"type":"Polygon","coordinates":[[[-76.4928407,3.4399797],[-76.4933294,3.4390097],[-76.4935794,3.4385352],[-76.4948063,3.4360077],[-76.4953003,3.4350612],[-76.4957514,3.4341968],[-76.4958801,3.4339523],[-76.4967045,3.432386],[-76.4972229,3.4313924],[-76.4979415,3.430052],[-76.4981121,3.4297338],[-76.4985747,3.4289005],[-76.4986712,3.4287398],[-76.4987798,3.428559],[-76.4990067,3.4281814],[-76.499109,3.4280111],[-76.4993761,3.4277227],[-76.499743,3.4273782],[-76.4997607,3.4273613],[-76.5001975,3.4269455],[-76.5009471,3.4262324],[-76.501597,3.4256155],[-76.5018123,3.4254232],[-76.5022111,3.4250546],[-76.5024307,3.4248475],[-76.5026018,3.4246861],[-76.5027058,3.4245872],[-76.5027302,3.424564],[-76.502812,3.4246501],[-76.5028984,3.4247256],[-76.50315,3.4248955],[-76.5032176,3.4249559],[-76.5034,3.4251254],[-76.5034158,3.42514],[-76.5034167,3.4251409],[-76.5036796,3.4254353],[-76.5037668,3.4255297],[-76.5040213,3.4258052],[-76.5045809,3.426413],[-76.5048248,3.426687],[-76.5049751,3.426856],[-76.5049762,3.4268573],[-76.5051652,3.4270575],[-76.5053541,3.4272475],[-76.5055251,3.4274283],[-76.5056241,3.4275278],[-76.5056421,3.4275459],[-76.5056916,3.4276002],[-76.5057411,3.4276545],[-76.5058221,3.4278082],[-76.505912,3.4279619],[-76.50593,3.4279891],[-76.505993,3.4279258],[-76.506083,3.4278715],[-76.507055,3.4274737],[-76.507154,3.4274285],[-76.5073989,3.4272967],[-76.5074498,3.4274773],[-76.5075881,3.4278464],[-76.507703,3.4280745],[-76.5077928,3.4281701],[-76.5078378,3.4282153],[-76.5079548,3.428351],[-76.5084118,3.4289108],[-76.508518,3.4290409],[-76.5085307,3.4290564],[-76.5087017,3.4292554],[-76.5087467,3.4293096],[-76.5087916,3.4293639],[-76.5089446,3.4295267],[-76.5091606,3.4297438],[-76.5092866,3.4298523],[-76.5094935,3.4300241],[-76.5096735,3.4301869],[-76.5098085,3.4303136],[-76.5098805,3.4303678],[-76.5100514,3.4304944],[-76.5101324,3.4305578],[-76.5102314,3.4306301],[-76.5103394,3.4307115],[-76.5104056,3.4307495],[-76.5103954,3.4307686],[-76.5100784,3.4313626],[-76.5100514,3.4314259],[-76.5098984,3.4317062],[-76.5098714,3.4317695],[-76.5098444,3.4318057],[-76.5097993,3.4318871],[-76.5097813,3.4319414],[-76.5097377,3.432029],[-76.5097363,3.4320318],[-76.5098083,3.4320499],[-76.5099523,3.4321042],[-76.5101863,3.4321856],[-76.5106992,3.4323303],[-76.5108072,3.4323665],[-76.5108792,3.4324027],[-76.5113921,3.4326921],[-76.5114551,3.4327283],[-76.5116531,3.432873],[-76.5117251,3.4329273],[-76.510862,3.4340022],[-76.51087,3.4340106],[-76.5112632,3.4344207],[-76.5112594,3.4344218],[-76.5095458,3.434888],[-76.5096945,3.435506],[-76.5079272,3.4359655],[-76.5079362,3.4360198],[-76.5080711,3.4365172],[-76.5080833,3.436566],[-76.5080981,3.4366257],[-76.508128,3.4367458],[-76.5081971,3.4370236],[-76.508233,3.4371412],[-76.508332,3.4375301],[-76.5083538,3.4375888],[-76.5083761,3.4376766],[-76.5084121,3.4378267],[-76.50836,3.4378415],[-76.5083503,3.4378443],[-76.5082573,3.4378707],[-76.5081174,3.4379104],[-76.5078906,3.437982],[-76.5074846,3.4381101],[-76.5069815,3.4382823],[-76.5059288,3.4386541],[-76.5054339,3.4388262],[-76.505004,3.4389757],[-76.5049232,3.4390037],[-76.5028607,3.4397194],[-76.5026809,3.439791],[-76.5016251,3.4401487],[-76.5015868,3.4401616],[-76.501587,3.440162],[-76.501658,3.4403832],[-76.5017717,3.4407249],[-76.5019599,3.4412457],[-76.5020903,3.4416199],[-76.5021413,3.4417664],[-76.5023126,3.4422854],[-76.502494,3.4427737],[-76.5025991,3.4430806],[-76.5026792,3.4433354],[-76.5026804,3.4433392],[-76.5026848,3.4433532],[-76.502554,3.4433354],[-76.502023,3.443263],[-76.501897,3.4432449],[-76.501528,3.4431997],[-76.5014111,3.4431906],[-76.5010241,3.4431363],[-76.5009341,3.4431273],[-76.5006461,3.4430911],[-76.5004571,3.4430639],[-76.5003222,3.4430458],[-76.4997282,3.4429734],[-76.4994672,3.4429462],[-76.4993592,3.4429372],[-76.4991883,3.44291],[-76.4987888,3.4428607],[-76.4981623,3.4427833],[-76.4981587,3.4427829],[-76.4981568,3.4428114],[-76.4981533,3.4428606],[-76.4981533,3.4429099],[-76.4981474,3.4429455],[-76.4981463,3.4429618],[-76.4981448,3.4429616],[-76.4979943,3.4429421],[-76.4974694,3.4428647],[-76.4974784,3.4428104],[-76.4975206,3.4423696],[-76.4975249,3.4423316],[-76.4975415,3.442183],[-76.497549,3.4421154],[-76.4975611,3.4419641],[-76.4975685,3.441897],[-76.4975685,3.4418709],[-76.4975807,3.4417172],[-76.4976022,3.4415599],[-76.497623,3.4414067],[-76.4976389,3.4412899],[-76.4976733,3.4410443],[-76.497694,3.4408564],[-76.4977036,3.4407847],[-76.4977141,3.4406733],[-76.4977216,3.4405948],[-76.4977269,3.4405572],[-76.4977396,3.4404423],[-76.4977446,3.4403966],[-76.497499,3.4396798],[-76.4974885,3.4396835],[-76.4961676,3.4401482],[-76.4960302,3.4401987],[-76.4953117,3.4404508],[-76.4954913,3.4409447],[-76.495555,3.4411202],[-76.4956524,3.4413879],[-76.4956483,3.4413893],[-76.4944134,3.4418298],[-76.4935105,3.4421422],[-76.4934703,3.4421562],[-76.49341,3.4421766],[-76.4930165,3.4423099],[-76.4930159,3.4423101],[-76.4930291,3.4423804],[-76.4931423,3.4427181],[-76.4931714,3.4427906],[-76.4932162,3.4429468],[-76.4932486,3.4430846],[-76.4925522,3.4433279],[-76.4911554,3.4438156],[-76.4910414,3.4438654],[-76.4908702,3.4439174],[-76.4908596,3.4439206],[-76.4908588,3.4439208],[-76.4908169,3.4439335],[-76.4909694,3.4436199],[-76.4916726,3.4422548],[-76.4919706,3.4416681],[-76.4924116,3.4408179],[-76.4928407,3.4399797]]]}},{"type":"Feature","properties":{"comuna":9,"nombre":"Comuna 9","shape_leng":7983.967,"shape_area":2899420.966},"geometry":{"type":"Polygon","coordinates":[[[-76.5185891,3.4430041],[-76.5186532,3.4423215],[-76.5188488,3.4405274],[-76.5190816,3.4383918],[-76.5193583,3.4359007],[-76.5193799,3.4356749],[-76.5193805,3.4356683],[-76.5195272,3.4356499],[-76.5201032,3.4355686],[-76.5203642,3.4355324],[-76.5209941,3.435442],[-76.5210632,3.4354325],[-76.5215161,3.4353697],[-76.521822,3.4353155],[-76.522164,3.4352432],[-76.522236,3.4352251],[-76.522308,3.435207],[-76.522605,3.4351075],[-76.522848,3.4350171],[-76.523091,3.4349086],[-76.523325,3.4348001],[-76.5236219,3.4346373],[-76.5237749,3.4345379],[-76.5239729,3.4344113],[-76.5241439,3.4342847],[-76.5242339,3.4342218],[-76.5250889,3.4336246],[-76.525356,3.4334391],[-76.5255839,3.433281],[-76.5259348,3.4330368],[-76.5262588,3.4328108],[-76.5265558,3.4326028],[-76.5268618,3.4323858],[-76.5272038,3.4321507],[-76.5274382,3.4319867],[-76.5280857,3.4321055],[-76.5287157,3.4320965],[-76.5288294,3.4320883],[-76.5288416,3.4320875],[-76.5289316,3.4320875],[-76.5290936,3.4320875],[-76.5292466,3.4320875],[-76.5294086,3.4320784],[-76.5295526,3.4320785],[-76.5296426,3.4320785],[-76.5297956,3.4320785],[-76.5298136,3.4321418],[-76.5298405,3.4322955],[-76.5298585,3.4323407],[-76.5298611,3.4323415],[-76.5310374,3.4327206],[-76.5312264,3.4327749],[-76.5316764,3.4329106],[-76.5319913,3.4330191],[-76.5323693,3.4331367],[-76.5325133,3.4331819],[-76.5328662,3.4332867],[-76.5330802,3.4333538],[-76.5332468,3.433407],[-76.5336471,3.4335347],[-76.5338001,3.433589],[-76.5342771,3.4337427],[-76.5343309,3.4338066],[-76.5343338,3.4338101],[-76.5343761,3.4338603],[-76.534493,3.4339779],[-76.5346519,3.4341375],[-76.534844,3.4343306],[-76.5348997,3.4343761],[-76.5352759,3.4346833],[-76.5353929,3.4348009],[-76.5355099,3.4349003],[-76.5358069,3.4351807],[-76.5359868,3.4353435],[-76.5363018,3.435651],[-76.5365268,3.43585],[-76.5370397,3.4363293],[-76.5371207,3.4364016],[-76.5372737,3.4365554],[-76.5376876,3.4369352],[-76.5378136,3.4370438],[-76.5386037,3.4377815],[-76.537778,3.4387493],[-76.5375151,3.4390575],[-76.5368942,3.4397855],[-76.5360503,3.4405539],[-76.5354129,3.4409381],[-76.5350305,3.4411142],[-76.5347119,3.4412743],[-76.5343295,3.4414664],[-76.5342584,3.4415004],[-76.5342575,3.4415009],[-76.5341622,3.4415465],[-76.533724,3.4417626],[-76.5332699,3.4419867],[-76.5331877,3.4420177],[-76.5331425,3.4420347],[-76.5329752,3.4420907],[-76.5326087,3.4422028],[-76.5322582,3.4423149],[-76.5320112,3.4423869],[-76.5318758,3.4424189],[-76.5317483,3.4424509],[-76.5313739,3.442547],[-76.5311509,3.442579],[-76.5309119,3.442603],[-76.5308701,3.442609],[-76.5308676,3.4426093],[-76.5308003,3.442619],[-76.5297408,3.4426829],[-76.5296834,3.4426861],[-76.5295974,3.4426909],[-76.5288167,3.4426989],[-76.5285538,3.4426749],[-76.5277572,3.4426508],[-76.5271279,3.4426027],[-76.5261002,3.4425546],[-76.5260046,3.4425546],[-76.5260046,3.442575],[-76.5260046,3.4428028],[-76.5260051,3.4428123],[-76.5260057,3.4428214],[-76.5260063,3.4428304],[-76.526007,3.4428394],[-76.5260078,3.4428484],[-76.5260087,3.4428574],[-76.5260097,3.4428664],[-76.5260107,3.4428754],[-76.5260118,3.4428844],[-76.526013,3.4428933],[-76.5260143,3.4429023],[-76.5260157,3.4429112],[-76.5260171,3.4429201],[-76.5260186,3.442929],[-76.5260202,3.4429379],[-76.5260219,3.4429468],[-76.5260237,3.4429557],[-76.5260255,3.4429646],[-76.5260274,3.4429734],[-76.5260294,3.4429822],[-76.5260315,3.442991],[-76.5260336,3.4429998],[-76.5260358,3.4430086],[-76.5260382,3.4430173],[-76.5260405,3.443026],[-76.526043,3.4430347],[-76.5260455,3.4430434],[-76.5260482,3.443052],[-76.5260508,3.4430607],[-76.5260536,3.4430693],[-76.5260565,3.4430779],[-76.5260594,3.4430864],[-76.5260624,3.4430949],[-76.5260654,3.4431034],[-76.5260686,3.4431119],[-76.5260718,3.4431204],[-76.5260751,3.4431288],[-76.5260785,3.4431372],[-76.5260819,3.4431455],[-76.5260855,3.4431538],[-76.5260891,3.4431621],[-76.5260927,3.4431704],[-76.5260965,3.4431786],[-76.5261003,3.4431868],[-76.5261042,3.4431949],[-76.5261082,3.4432031],[-76.5261639,3.4433552],[-76.5264586,3.4442198],[-76.5266099,3.4446441],[-76.5266498,3.4448122],[-76.5266528,3.4448232],[-76.5266553,3.4448319],[-76.5266577,3.4448406],[-76.5266601,3.4448493],[-76.5266625,3.444858],[-76.5266649,3.4448667],[-76.5266673,3.4448754],[-76.5266697,3.4448841],[-76.5266722,3.4448928],[-76.5266746,3.4449016],[-76.526677,3.4449103],[-76.5266794,3.444919],[-76.5266817,3.4449277],[-76.5266841,3.4449364],[-76.5266865,3.4449452],[-76.5266889,3.4449539],[-76.5266913,3.4449626],[-76.5266937,3.4449713],[-76.526696,3.44498],[-76.5266984,3.4449888],[-76.5267008,3.4449975],[-76.5267031,3.4450062],[-76.5267055,3.4450149],[-76.5267078,3.4450237],[-76.5267102,3.4450324],[-76.5267125,3.4450411],[-76.5267149,3.4450499],[-76.5267172,3.4450586],[-76.5267196,3.4450673],[-76.5267219,3.4450761],[-76.5267243,3.4450848],[-76.5267266,3.4450935],[-76.5267289,3.4451023],[-76.5267312,3.445111],[-76.5267336,3.4451197],[-76.5267359,3.4451285],[-76.5267382,3.4451372],[-76.5267405,3.445146],[-76.5267428,3.4451547],[-76.5267451,3.4451634],[-76.5267474,3.4451722],[-76.5267497,3.4451809],[-76.526752,3.4451897],[-76.5267543,3.4451984],[-76.5267566,3.4452072],[-76.5267589,3.4452159],[-76.5267612,3.4452246],[-76.5267634,3.4452334],[-76.5267657,3.4452421],[-76.526768,3.4452509],[-76.5267703,3.4452596],[-76.5267725,3.4452684],[-76.5267748,3.4452772],[-76.526777,3.4452859],[-76.5267793,3.4452947],[-76.5267816,3.4453034],[-76.5267838,3.4453122],[-76.5267861,3.4453209],[-76.5267883,3.4453297],[-76.5267905,3.4453384],[-76.5267928,3.4453472],[-76.526795,3.445356],[-76.5267972,3.4453647],[-76.5267995,3.4453735],[-76.5268017,3.4453823],[-76.5268039,3.445391],[-76.5268061,3.4453998],[-76.5268083,3.4454085],[-76.5268106,3.4454173],[-76.5268128,3.4454261],[-76.526815,3.4454348],[-76.5268172,3.4454436],[-76.5268194,3.4454524],[-76.5268216,3.4454612],[-76.5268238,3.4454699],[-76.5268259,3.4454787],[-76.5268281,3.4454875],[-76.5268303,3.4454962],[-76.5268325,3.445505],[-76.5268347,3.4455138],[-76.5268368,3.4455226],[-76.526839,3.4455313],[-76.5268412,3.4455401],[-76.5268433,3.4455489],[-76.5268455,3.4455577],[-76.5268477,3.4455665],[-76.5268498,3.4455752],[-76.526852,3.445584],[-76.5268541,3.4455928],[-76.5268563,3.4456016],[-76.5268584,3.4456104],[-76.5268605,3.4456192],[-76.5268627,3.4456279],[-76.5268648,3.4456367],[-76.5268927,3.4458569],[-76.5269041,3.4459092],[-76.5269285,3.446021],[-76.5270081,3.4463772],[-76.5271595,3.4468696],[-76.5272232,3.4471137],[-76.5274382,3.4477222],[-76.5275856,3.4481064],[-76.5277927,3.4487829],[-76.5278086,3.4488269],[-76.5282127,3.4499509],[-76.5282537,3.4501179],[-76.5275335,3.4503513],[-76.52655,3.4506607],[-76.5260036,3.4508603],[-76.5248909,3.4512396],[-76.5241359,3.4514592],[-76.5231623,3.4517885],[-76.5230898,3.4518145],[-76.5224669,3.4520381],[-76.5220795,3.4521578],[-76.5216423,3.4522676],[-76.5208178,3.4524572],[-76.5197945,3.4526967],[-76.5187067,3.4529533],[-76.5185564,3.4529887],[-76.5184877,3.4527499],[-76.5183414,3.4522448],[-76.5181853,3.451676],[-76.5181267,3.4513425],[-76.5179804,3.4502049],[-76.5179415,3.449077],[-76.5179727,3.4487547],[-76.5180782,3.4476648],[-76.518381,3.4448966],[-76.5183918,3.4447264],[-76.5184025,3.4445563],[-76.5184929,3.44374],[-76.5185891,3.4430041]]]}},{"type":"Feature","properties":{"comuna":13,"nombre":"Comuna 13","shape_leng":9978.487,"shape_area":4740295.297},"geometry":{"type":"Polygon","coordinates":[[[-76.4869289,3.4433249],[-76.4868581,3.4432842],[-76.4866158,3.4433684],[-76.4865259,3.4433997],[-76.4862465,3.4434968],[-76.4862122,3.4435087],[-76.4862115,3.443509],[-76.4859773,3.443595],[-76.4859058,3.4436213],[-76.4856827,3.4437033],[-76.4855948,3.4437356],[-76.4854123,3.4438026],[-76.4853214,3.443836],[-76.4852624,3.4438577],[-76.4851371,3.4439037],[-76.4850713,3.4439279],[-76.4850362,3.4439408],[-76.4850336,3.4439418],[-76.4849469,3.443971],[-76.4848676,3.4439978],[-76.4848242,3.4440124],[-76.4847806,3.4440272],[-76.484696,3.4440557],[-76.484635,3.4440763],[-76.4846246,3.4440798],[-76.4845485,3.4441055],[-76.4844464,3.4441399],[-76.4844407,3.4441419],[-76.4844064,3.4441534],[-76.4843281,3.4441798],[-76.4841675,3.444234],[-76.4841257,3.4442481],[-76.4841076,3.4442542],[-76.4841083,3.4442234],[-76.4841104,3.4441791],[-76.4841157,3.4440685],[-76.4841255,3.4440239],[-76.4841256,3.4440237],[-76.4841377,3.443969],[-76.4841524,3.4438362],[-76.4841487,3.4437146],[-76.4841304,3.4434491],[-76.484125,3.4428879],[-76.4840866,3.4413658],[-76.4840683,3.441104],[-76.4840647,3.4406173],[-76.4840592,3.4405301],[-76.4840574,3.4405027],[-76.48405,3.440385],[-76.4840317,3.440208],[-76.4840339,3.4401785],[-76.4840464,3.4400163],[-76.4840428,3.4395075],[-76.4840171,3.4390502],[-76.4840099,3.4383091],[-76.4840099,3.4376491],[-76.4839696,3.437037],[-76.4839697,3.4366609],[-76.4839697,3.4362738],[-76.4839405,3.4354995],[-76.4839295,3.4350902],[-76.4839101,3.4347137],[-76.4839091,3.4346185],[-76.4839025,3.4339572],[-76.4838872,3.4329846],[-76.4838643,3.4320968],[-76.483856,3.4317567],[-76.4838387,3.43104],[-76.4838337,3.4308309],[-76.4838107,3.4298428],[-76.4837878,3.4287157],[-76.4837955,3.4281368],[-76.4838801,3.4278898],[-76.4840798,3.4274729],[-76.4841179,3.4273882],[-76.484295,3.4269944],[-76.4845795,3.4263311],[-76.4846087,3.426263],[-76.4847022,3.4260449],[-76.484902,3.4255355],[-76.4852938,3.4246632],[-76.485509,3.4241306],[-76.4856139,3.4238802],[-76.4857712,3.4235049],[-76.4858933,3.4232426],[-76.4860148,3.4229713],[-76.4860869,3.4228043],[-76.4862064,3.422527],[-76.4863798,3.4221212],[-76.4865874,3.4216235],[-76.4869342,3.420787],[-76.487119,3.4203736],[-76.4873915,3.4197419],[-76.4874848,3.419562],[-76.4875496,3.4195008],[-76.4876239,3.4194433],[-76.4877172,3.419407],[-76.4879225,3.419327],[-76.4880563,3.4194281],[-76.4880834,3.4194322],[-76.4883344,3.4194702],[-76.4884239,3.4194817],[-76.4885553,3.4194875],[-76.4887077,3.419476],[-76.488883,3.4194435],[-76.4890754,3.4193459],[-76.489283,3.4192272],[-76.4895535,3.4190607],[-76.4897518,3.4189395],[-76.4897863,3.4189184],[-76.4898882,3.4188561],[-76.4899723,3.4188072],[-76.4900741,3.4187361],[-76.4902379,3.4186427],[-76.4903795,3.4185849],[-76.490499,3.4185382],[-76.4906362,3.4184893],[-76.4907911,3.4184671],[-76.4909416,3.4184271],[-76.4910478,3.4183915],[-76.4912779,3.4183115],[-76.4915435,3.4182181],[-76.4918798,3.4180447],[-76.4921896,3.4178446],[-76.4923844,3.4176689],[-76.492526,3.4175266],[-76.4926544,3.4174021],[-76.492796,3.4172509],[-76.4928978,3.417073],[-76.4930217,3.4169352],[-76.4930325,3.4169255],[-76.4930368,3.4169217],[-76.4930392,3.4169195],[-76.493046,3.4169136],[-76.4930528,3.4169077],[-76.4930597,3.4169019],[-76.4930666,3.4168961],[-76.4930736,3.4168903],[-76.4930755,3.4168887],[-76.4930805,3.4168846],[-76.4930875,3.4168789],[-76.4930946,3.4168733],[-76.4931017,3.4168677],[-76.4931088,3.4168622],[-76.493116,3.4168567],[-76.4931232,3.4168513],[-76.4931304,3.4168459],[-76.4931377,3.4168406],[-76.493145,3.4168353],[-76.4931523,3.41683],[-76.4931597,3.4168249],[-76.4931671,3.4168197],[-76.4931745,3.4168146],[-76.493182,3.4168096],[-76.4931895,3.4168046],[-76.493197,3.4167996],[-76.4932046,3.4167947],[-76.4932121,3.4167899],[-76.4932198,3.4167851],[-76.4932274,3.4167803],[-76.4932351,3.4167756],[-76.4932428,3.416771],[-76.4932506,3.4167664],[-76.4932584,3.4167618],[-76.4932662,3.4167573],[-76.493274,3.4167529],[-76.4932875,3.4167461],[-76.4932956,3.4167421],[-76.4933037,3.4167382],[-76.4933119,3.4167344],[-76.4933201,3.4167307],[-76.4933283,3.416727],[-76.4933366,3.4167235],[-76.4933449,3.41672],[-76.4933532,3.4167166],[-76.4933616,3.4167132],[-76.49337,3.41671],[-76.4933784,3.4167068],[-76.4933869,3.4167037],[-76.4933954,3.4167007],[-76.4934039,3.4166977],[-76.4934124,3.4166948],[-76.493421,3.4166921],[-76.4934296,3.4166894],[-76.4934382,3.4166867],[-76.4934468,3.4166842],[-76.4934555,3.4166817],[-76.4934707,3.4166795],[-76.4934796,3.4166783],[-76.4934885,3.4166773],[-76.4934975,3.4166763],[-76.4935065,3.4166755],[-76.4935154,3.4166747],[-76.4935244,3.4166741],[-76.4935334,3.4166736],[-76.4935424,3.4166732],[-76.4935514,3.416673],[-76.4935604,3.4166728],[-76.4935694,3.4166728],[-76.4935784,3.4166728],[-76.4935874,3.416673],[-76.4935964,3.4166733],[-76.4936053,3.4166737],[-76.4936143,3.4166742],[-76.4936233,3.4166748],[-76.4936323,3.4166755],[-76.4936412,3.4166764],[-76.4936502,3.4166773],[-76.4937653,3.4166818],[-76.4939379,3.4166907],[-76.4941149,3.4166951],[-76.4943052,3.4166818],[-76.4944335,3.4166818],[-76.4944499,3.4166821],[-76.4947389,3.4166863],[-76.4947564,3.4166858],[-76.4947654,3.4166854],[-76.4947744,3.4166849],[-76.4947834,3.4166844],[-76.4947923,3.4166837],[-76.4948013,3.416683],[-76.4948103,3.4166823],[-76.4948192,3.4166814],[-76.4948282,3.4166805],[-76.4948371,3.4166795],[-76.4948461,3.4166785],[-76.494855,3.4166773],[-76.4948639,3.4166761],[-76.4948728,3.4166748],[-76.4948817,3.4166735],[-76.4948906,3.4166721],[-76.4948995,3.4166706],[-76.4949083,3.416669],[-76.4949172,3.4166673],[-76.494926,3.4166656],[-76.4949348,3.4166638],[-76.4949436,3.4166619],[-76.4949524,3.41666],[-76.4949612,3.416658],[-76.49497,3.4166559],[-76.4949787,3.4166537],[-76.4949874,3.4166515],[-76.4949961,3.4166492],[-76.4950048,3.4166468],[-76.4950135,3.4166444],[-76.4950221,3.4166419],[-76.4950306,3.4166369],[-76.4950384,3.4166323],[-76.4950461,3.4166277],[-76.4950464,3.4166275],[-76.4950538,3.4166231],[-76.4950615,3.4166184],[-76.4950692,3.4166137],[-76.4950769,3.416609],[-76.4950846,3.4166042],[-76.4950922,3.4165995],[-76.4950998,3.4165947],[-76.4951074,3.4165898],[-76.495115,3.416585],[-76.4951226,3.4165801],[-76.4951302,3.4165752],[-76.4951377,3.4165703],[-76.4951452,3.4165653],[-76.4951527,3.4165603],[-76.4951602,3.4165553],[-76.4951677,3.4165503],[-76.4951752,3.4165452],[-76.4951826,3.4165401],[-76.49519,3.416535],[-76.4951974,3.4165298],[-76.4952048,3.4165247],[-76.4952122,3.4165195],[-76.4952195,3.4165142],[-76.4952269,3.416509],[-76.4952342,3.4165037],[-76.4952415,3.4164984],[-76.4952487,3.4164931],[-76.495256,3.4164878],[-76.4952632,3.4164824],[-76.4952704,3.416477],[-76.4952776,3.4164716],[-76.4952848,3.4164661],[-76.495292,3.4164606],[-76.4952991,3.4164551],[-76.4953062,3.4164496],[-76.4953134,3.416444],[-76.4953204,3.4164385],[-76.4954222,3.4163578],[-76.4967583,3.4150555],[-76.4971751,3.4146493],[-76.4974361,3.4143961],[-76.4974991,3.4143328],[-76.4976341,3.4142062],[-76.4976598,3.4141804],[-76.4977961,3.4140434],[-76.4979761,3.4138716],[-76.4981741,3.4136817],[-76.4984621,3.4134195],[-76.4986871,3.4132025],[-76.4988851,3.4130035],[-76.4990921,3.4128136],[-76.4994251,3.4124972],[-76.4996141,3.4123163],[-76.4998931,3.412045],[-76.5001091,3.411819],[-76.5003431,3.4116019],[-76.5004871,3.4114573],[-76.500565,3.4115495],[-76.500622,3.4116169],[-76.50064,3.4116381],[-76.5010022,3.4120022],[-76.5012069,3.4122079],[-76.5013779,3.4123979],[-76.5014894,3.4125243],[-76.5016551,3.4127122],[-76.5017103,3.4127749],[-76.5017288,3.4127958],[-76.5017743,3.4128415],[-76.5017828,3.4128501],[-76.5018879,3.4129596],[-76.5020257,3.4131033],[-76.5020861,3.4131622],[-76.5026376,3.4137002],[-76.5028896,3.4139896],[-76.5030274,3.4141451],[-76.5032585,3.4144057],[-76.5034295,3.4145775],[-76.5035824,3.4147403],[-76.50372,3.4148786],[-76.5037714,3.4149302],[-76.5038757,3.4150421],[-76.5040413,3.4152196],[-76.5041228,3.4153015],[-76.5044642,3.4156447],[-76.5045028,3.4156951],[-76.5045518,3.4157591],[-76.5045542,3.4157623],[-76.5044462,3.4158798],[-76.5041132,3.4161963],[-76.5039152,3.4163953],[-76.503765,3.4165319],[-76.5037262,3.4165671],[-76.5032223,3.4170463],[-76.5032223,3.4170463],[-76.5030423,3.4172091],[-76.5030816,3.4172415],[-76.5031412,3.4172905],[-76.5033302,3.4174895],[-76.5034382,3.417598],[-76.5035366,3.4177029],[-76.5037351,3.4179145],[-76.5039961,3.4181949],[-76.504116,3.4183155],[-76.504158,3.4183577],[-76.504383,3.4185929],[-76.504419,3.4186381],[-76.5045124,3.4187383],[-76.5049499,3.4192079],[-76.5050759,3.4193345],[-76.5053722,3.4196396],[-76.5054448,3.4197143],[-76.5055258,3.4198017],[-76.5056877,3.4199766],[-76.5057417,3.4200309],[-76.506321,3.420647],[-76.506475,3.4208107],[-76.5065454,3.4208856],[-76.5065356,3.4208949],[-76.5065161,3.4209134],[-76.5064774,3.4209501],[-76.5064521,3.4209742],[-76.5060109,3.421393],[-76.5047888,3.4225934],[-76.5045834,3.4227952],[-76.5037424,3.4236003],[-76.503487,3.4238448],[-76.5027302,3.424564],[-76.5027058,3.4245872],[-76.5026018,3.4246861],[-76.5024307,3.4248475],[-76.5022111,3.4250546],[-76.5018123,3.4254232],[-76.501597,3.4256155],[-76.5009471,3.4262324],[-76.5001975,3.4269455],[-76.4997607,3.4273613],[-76.499743,3.4273782],[-76.4993761,3.4277227],[-76.499109,3.4280111],[-76.4990067,3.4281814],[-76.4987798,3.428559],[-76.4986712,3.4287398],[-76.4985747,3.4289005],[-76.4981121,3.4297338],[-76.4979415,3.430052],[-76.4972229,3.4313924],[-76.4967045,3.432386],[-76.4958801,3.4339523],[-76.4957514,3.4341968],[-76.4953003,3.4350612],[-76.4948063,3.4360077],[-76.4935794,3.4385352],[-76.4933294,3.4390097],[-76.4928407,3.4399797],[-76.4924116,3.4408179],[-76.4919706,3.4416681],[-76.4916726,3.4422548],[-76.4909694,3.4436199],[-76.4908169,3.4439335],[-76.4905093,3.4440532],[-76.4903199,3.4441198],[-76.4901292,3.4441917],[-76.4899296,3.4442635],[-76.4896555,3.4443503],[-76.4894827,3.4443772],[-76.4893665,3.4443742],[-76.4892443,3.4443443],[-76.4890447,3.4442425],[-76.4888213,3.4441466],[-76.4886158,3.4440508],[-76.4884609,3.443961],[-76.4883268,3.4439011],[-76.4880646,3.4438262],[-76.4879157,3.4437723],[-76.4877608,3.4436945],[-76.4876327,3.4436256],[-76.4874807,3.4435537],[-76.4873645,3.4435118],[-76.4871083,3.4434279],[-76.4869289,3.4433249]]]}},{"type":"Feature","properties":{"comuna":11,"nombre":"Comuna 11","shape_leng":9668.874,"shape_area":3713816.247},"geometry":{"type":"Polygon","coordinates":[[[-76.5074498,3.4274773],[-76.5073989,3.4272967],[-76.507154,3.4274285],[-76.507055,3.4274737],[-76.506083,3.4278715],[-76.505993,3.4279258],[-76.50593,3.4279891],[-76.505912,3.4279619],[-76.5058221,3.4278082],[-76.5057411,3.4276545],[-76.5056916,3.4276002],[-76.5056421,3.4275459],[-76.5056241,3.4275278],[-76.5055251,3.4274283],[-76.5053541,3.4272475],[-76.5051652,3.4270575],[-76.5049762,3.4268573],[-76.5049751,3.426856],[-76.5048248,3.426687],[-76.5045809,3.426413],[-76.5040213,3.4258052],[-76.5037668,3.4255297],[-76.5036796,3.4254353],[-76.5034167,3.4251409],[-76.5034158,3.42514],[-76.5034,3.4251254],[-76.5032176,3.4249559],[-76.50315,3.4248955],[-76.5028984,3.4247256],[-76.502812,3.4246501],[-76.5027302,3.424564],[-76.503487,3.4238448],[-76.5037424,3.4236003],[-76.5045834,3.4227952],[-76.5047888,3.4225934],[-76.5060109,3.421393],[-76.5064521,3.4209742],[-76.5064774,3.4209501],[-76.5065161,3.4209134],[-76.5065356,3.4208949],[-76.5065454,3.4208856],[-76.5065457,3.4208853],[-76.5066608,3.4207761],[-76.5068527,3.4205883],[-76.5069672,3.4204764],[-76.5072668,3.4201832],[-76.5072704,3.4201797],[-76.5079486,3.4195139],[-76.5079606,3.4195021],[-76.5080082,3.4194566],[-76.5080154,3.4194497],[-76.5081281,3.4193419],[-76.5088737,3.4186609],[-76.5095036,3.4180279],[-76.5101256,3.417451],[-76.5115526,3.416088],[-76.5116607,3.4159848],[-76.5125937,3.4150874],[-76.5138214,3.4139162],[-76.5140131,3.4137333],[-76.5150679,3.4127162],[-76.5151016,3.4126837],[-76.5161861,3.4116581],[-76.5178248,3.4100797],[-76.5182225,3.4097026],[-76.5183392,3.4095919],[-76.518391,3.4095429],[-76.5194435,3.4085573],[-76.5207832,3.4072193],[-76.5215826,3.4063663],[-76.5216509,3.4061606],[-76.521708,3.4059524],[-76.5217795,3.4054571],[-76.5218009,3.4052131],[-76.5218295,3.4049116],[-76.5218581,3.4047178],[-76.5218795,3.4045527],[-76.521951,3.4042512],[-76.5220153,3.4039856],[-76.522051,3.4038277],[-76.5220868,3.4036769],[-76.5221063,3.4035826],[-76.522163,3.4037127],[-76.522306,3.4039615],[-76.5223445,3.4043484],[-76.52235,3.404564],[-76.5224435,3.4049067],[-76.5226074,3.4051374],[-76.5225879,3.4052936],[-76.522588,3.4052935],[-76.5225869,3.4053017],[-76.5225851,3.4053145],[-76.5225579,3.4055118],[-76.5225476,3.4055867],[-76.522302,3.4074859],[-76.5220191,3.4099693],[-76.5218323,3.4116094],[-76.5218272,3.4116543],[-76.5216062,3.4137426],[-76.5215678,3.4143884],[-76.5215672,3.4143978],[-76.5214556,3.4162741],[-76.5214096,3.4170477],[-76.5212581,3.4191237],[-76.5212535,3.4192531],[-76.5212426,3.4195647],[-76.521064,3.4210698],[-76.5209086,3.4223789],[-76.5209085,3.4223802],[-76.5206542,3.4245229],[-76.5206365,3.4246528],[-76.5205068,3.4256051],[-76.5205017,3.4256425],[-76.5201492,3.4290396],[-76.5201287,3.429122],[-76.5201276,3.4291263],[-76.5201111,3.4291927],[-76.519768,3.4323888],[-76.5197588,3.43244],[-76.5197567,3.4324512],[-76.519749,3.432494],[-76.5194419,3.4350983],[-76.519406,3.4354031],[-76.5193807,3.4356663],[-76.5193805,3.4356683],[-76.5193112,3.435677],[-76.5190772,3.4357132],[-76.5179973,3.4358578],[-76.5167914,3.4360205],[-76.5165394,3.4360566],[-76.5160265,3.436129],[-76.515855,3.4361557],[-76.5156215,3.4361922],[-76.5148656,3.4362916],[-76.5142806,3.436373],[-76.5140196,3.4364182],[-76.5138666,3.4364363],[-76.5136596,3.4364724],[-76.5132727,3.4365538],[-76.5132111,3.4365687],[-76.5130139,3.4366165],[-76.5130117,3.4366171],[-76.5124448,3.4358755],[-76.5122378,3.4355137],[-76.5121299,3.435369],[-76.5120939,3.4353328],[-76.5119409,3.4351248],[-76.5118329,3.4349982],[-76.511617,3.4347811],[-76.511509,3.4346726],[-76.511392,3.434555],[-76.5112632,3.4344207],[-76.51087,3.4340106],[-76.510862,3.4340022],[-76.5117251,3.4329273],[-76.5116531,3.432873],[-76.5114551,3.4327283],[-76.5113921,3.4326921],[-76.5108792,3.4324027],[-76.5108072,3.4323665],[-76.5106992,3.4323303],[-76.5101863,3.4321856],[-76.5099523,3.4321042],[-76.5098083,3.4320499],[-76.5097363,3.4320318],[-76.5097377,3.432029],[-76.5097813,3.4319414],[-76.5097993,3.4318871],[-76.5098444,3.4318057],[-76.5098714,3.4317695],[-76.5098984,3.4317062],[-76.5100514,3.4314259],[-76.5100784,3.4313626],[-76.5103954,3.4307686],[-76.5104056,3.4307495],[-76.5103394,3.4307115],[-76.5102314,3.4306301],[-76.5101324,3.4305578],[-76.5100514,3.4304944],[-76.5098805,3.4303678],[-76.5098085,3.4303136],[-76.5096735,3.4301869],[-76.5094935,3.4300241],[-76.5092866,3.4298523],[-76.5091606,3.4297438],[-76.5089446,3.4295267],[-76.5087916,3.4293639],[-76.5087467,3.4293096],[-76.5087017,3.4292554],[-76.5085307,3.4290564],[-76.508518,3.4290409],[-76.5084118,3.4289108],[-76.5079548,3.428351],[-76.5078378,3.4282153],[-76.5077928,3.4281701],[-76.507703,3.4280745],[-76.5075881,3.4278464],[-76.5074498,3.4274773]]]}},{"type":"Feature","properties":{"comuna":10,"nombre":"Comuna 10","shape_leng":9404.677,"shape_area":4297755.558},"geometry":{"type":"Polygon","coordinates":[[[-76.5201492,3.4290396],[-76.5205017,3.4256425],[-76.5205068,3.4256051],[-76.5206365,3.4246528],[-76.5206542,3.4245229],[-76.5209085,3.4223802],[-76.5209086,3.4223789],[-76.521064,3.4210698],[-76.5212426,3.4195647],[-76.5212535,3.4192531],[-76.5212581,3.4191237],[-76.5214096,3.4170477],[-76.5214556,3.4162741],[-76.5215672,3.4143978],[-76.5215678,3.4143884],[-76.5216062,3.4137426],[-76.5218272,3.4116543],[-76.5218323,3.4116094],[-76.5220191,3.4099693],[-76.522302,3.4074859],[-76.5225476,3.4055867],[-76.5225579,3.4055118],[-76.5242808,3.4056714],[-76.5245598,3.4057076],[-76.5249917,3.405789],[-76.5253517,3.4059157],[-76.5261346,3.4061599],[-76.5268095,3.406377],[-76.5269234,3.4064169],[-76.5269546,3.4064279],[-76.5270142,3.4064488],[-76.5270591,3.4064645],[-76.5277634,3.4067116],[-76.5284923,3.4069649],[-76.5285958,3.4070044],[-76.5292032,3.4072362],[-76.530166,3.4075438],[-76.5302974,3.4075757],[-76.530427,3.4076071],[-76.5309336,3.4077652],[-76.5316148,3.4079779],[-76.5316646,3.4079941],[-76.5319208,3.4080774],[-76.5325417,3.4082674],[-76.5331086,3.4084483],[-76.5334866,3.4085659],[-76.5342515,3.4088282],[-76.53444,3.4088842],[-76.5346474,3.4089458],[-76.5354033,3.409199],[-76.5364202,3.4095246],[-76.5364873,3.4095486],[-76.5369511,3.4097146],[-76.5374281,3.4098774],[-76.537842,3.4100131],[-76.538373,3.4101849],[-76.5387178,3.4102818],[-76.5387168,3.410285],[-76.5384629,3.4110621],[-76.5382199,3.4118218],[-76.5379499,3.4126357],[-76.5377699,3.4131963],[-76.5374098,3.4142906],[-76.5372388,3.4148151],[-76.5370768,3.4153034],[-76.5369222,3.4157869],[-76.5367528,3.4163163],[-76.5365951,3.4167997],[-76.5364743,3.4171701],[-76.5362218,3.417944],[-76.5358438,3.4190925],[-76.5354567,3.4202501],[-76.5352914,3.4207617],[-76.5352843,3.4207838],[-76.5351237,3.421281],[-76.5347888,3.4223209],[-76.5343436,3.4237036],[-76.5343387,3.4237189],[-76.5340346,3.4246631],[-76.5340133,3.424657],[-76.5335667,3.4245275],[-76.5333417,3.4244461],[-76.5332787,3.424428],[-76.5330717,3.4250791],[-76.5330447,3.4251333],[-76.5327837,3.4250519],[-76.5326307,3.4249977],[-76.5323968,3.4249253],[-76.5321088,3.4248258],[-76.5317938,3.4247263],[-76.5316228,3.424672],[-76.5315689,3.424654],[-76.5315599,3.4246992],[-76.5314875,3.4249125],[-76.5314248,3.4250971],[-76.5313888,3.4252327],[-76.5312538,3.4256306],[-76.5312178,3.4257301],[-76.5311638,3.4259019],[-76.5311008,3.4260737],[-76.5310288,3.4263089],[-76.5309568,3.426544],[-76.5308578,3.4268334],[-76.5308218,3.4269419],[-76.5307408,3.4271951],[-76.5306688,3.4274212],[-76.5306418,3.4274754],[-76.5305878,3.4274573],[-76.5302548,3.4273579],[-76.5302008,3.4273307],[-76.5301828,3.427394],[-76.5299668,3.4280451],[-76.5298138,3.4284973],[-76.5297688,3.4286601],[-76.5298048,3.4286782],[-76.5299668,3.4287324],[-76.5300747,3.4287686],[-76.5301647,3.4288048],[-76.5301917,3.4288138],[-76.5302097,3.4288319],[-76.5302367,3.42885],[-76.5302907,3.4289224],[-76.5302367,3.4289676],[-76.5300027,3.4291213],[-76.5296067,3.4293926],[-76.5294808,3.429483],[-76.5293818,3.4295553],[-76.5291568,3.4297091],[-76.5290488,3.4297814],[-76.5289498,3.4298537],[-76.5293097,3.4303602],[-76.5293631,3.4304406],[-76.5294537,3.4305772],[-76.5293151,3.4306741],[-76.5292617,3.4307115],[-76.5292351,3.4307301],[-76.5291228,3.4308086],[-76.5277876,3.4317424],[-76.5275154,3.4319327],[-76.5274382,3.4319867],[-76.5272038,3.4321507],[-76.5268618,3.4323858],[-76.5265558,3.4326028],[-76.5262588,3.4328108],[-76.5259348,3.4330368],[-76.5255839,3.433281],[-76.525356,3.4334391],[-76.5250889,3.4336246],[-76.5242339,3.4342218],[-76.5241439,3.4342847],[-76.5239729,3.4344113],[-76.5237749,3.4345379],[-76.5236219,3.4346373],[-76.523325,3.4348001],[-76.523091,3.4349086],[-76.522848,3.4350171],[-76.522605,3.4351075],[-76.522308,3.435207],[-76.522236,3.4352251],[-76.522164,3.4352432],[-76.521822,3.4353155],[-76.5215161,3.4353697],[-76.5210632,3.4354325],[-76.5209941,3.435442],[-76.5203642,3.4355324],[-76.5201032,3.4355686],[-76.5195272,3.4356499],[-76.5193805,3.4356683],[-76.5193807,3.4356663],[-76.519406,3.4354031],[-76.5194419,3.4350983],[-76.519749,3.432494],[-76.5197567,3.4324512],[-76.5197588,3.43244],[-76.519768,3.4323888],[-76.5201111,3.4291927],[-76.5201276,3.4291263],[-76.5201287,3.429122],[-76.5201492,3.4290396]]]}},{"type":"Feature","properties":{"comuna":20,"nombre":"Comuna 20","shape_leng":8776.502,"shape_area":2055660.565},"geometry":{"type":"Polygon","coordinates":[[[-76.5518619,3.4293161],[-76.5511418,3.4289687],[-76.5511623,3.4287373],[-76.5511524,3.4287283],[-76.5511466,3.4287214],[-76.5511416,3.4287139],[-76.5511375,3.4287059],[-76.5511343,3.4286974],[-76.5511321,3.4286886],[-76.5511309,3.4286797],[-76.5511307,3.4286706],[-76.5511316,3.4286616],[-76.5511307,3.4286514],[-76.55113,3.4286424],[-76.5511293,3.4286334],[-76.5511287,3.4286244],[-76.5511281,3.4286154],[-76.5511276,3.4286063],[-76.5511271,3.4285973],[-76.5511267,3.4285883],[-76.5511263,3.4285792],[-76.551126,3.4285702],[-76.5511257,3.4285612],[-76.5511255,3.4285521],[-76.5511254,3.4285431],[-76.5511252,3.428534],[-76.5511252,3.428525],[-76.5511252,3.4285159],[-76.5511252,3.4285069],[-76.5511253,3.4284979],[-76.5511254,3.4284888],[-76.5511242,3.4284757],[-76.5511237,3.4284667],[-76.5511234,3.4284576],[-76.5511234,3.4284486],[-76.5511238,3.4284395],[-76.5511243,3.4284305],[-76.5511252,3.4284215],[-76.5511263,3.4284125],[-76.5511277,3.4284036],[-76.5511294,3.4283947],[-76.5511313,3.4283859],[-76.5511335,3.4283771],[-76.551136,3.4283684],[-76.5511387,3.4283598],[-76.5511417,3.4283513],[-76.551145,3.4283428],[-76.5511485,3.4283345],[-76.5511533,3.4283239],[-76.5511571,3.4283157],[-76.5511609,3.4283076],[-76.5511649,3.4282994],[-76.5511689,3.4282914],[-76.551173,3.4282833],[-76.5511772,3.4282753],[-76.5511815,3.4282673],[-76.5511858,3.4282594],[-76.5511902,3.4282515],[-76.5511946,3.4282436],[-76.5511991,3.4282358],[-76.5512037,3.428228],[-76.5512084,3.4282155],[-76.5512104,3.4282067],[-76.5512115,3.4281977],[-76.5512115,3.4281887],[-76.5512106,3.4281797],[-76.5512087,3.4281708],[-76.5512059,3.4281623],[-76.5512022,3.428154],[-76.5511976,3.4281463],[-76.5511878,3.4281317],[-76.5511821,3.4281248],[-76.5511758,3.4281182],[-76.5511692,3.4281122],[-76.5511621,3.4281066],[-76.5511547,3.4281015],[-76.5511469,3.4280969],[-76.5511363,3.4280916],[-76.5511282,3.4280877],[-76.55112,3.4280838],[-76.5511118,3.4280801],[-76.5511036,3.4280765],[-76.5510953,3.4280729],[-76.551087,3.4280694],[-76.5510786,3.4280661],[-76.5510703,3.4280628],[-76.5510618,3.4280596],[-76.5510534,3.4280565],[-76.5510449,3.4280535],[-76.5510364,3.4280506],[-76.5507262,3.4279888],[-76.5507141,3.4279869],[-76.5507052,3.4279855],[-76.5506963,3.427984],[-76.5506874,3.4279827],[-76.5506785,3.4279813],[-76.5506696,3.4279799],[-76.5506607,3.4279786],[-76.5506518,3.4279772],[-76.5506429,3.4279759],[-76.550634,3.4279746],[-76.5506251,3.4279734],[-76.5506162,3.4279721],[-76.5506073,3.4279709],[-76.5505984,3.4279696],[-76.5505894,3.4279684],[-76.5505805,3.4279672],[-76.5505716,3.427966],[-76.5505627,3.4279649],[-76.5505537,3.4279637],[-76.5505448,3.4279626],[-76.5505359,3.4279615],[-76.5505269,3.4279604],[-76.550518,3.4279593],[-76.5505091,3.4279582],[-76.5505001,3.4279572],[-76.5504912,3.4279561],[-76.5504823,3.4279551],[-76.5504733,3.4279541],[-76.5504644,3.4279531],[-76.5504554,3.4279522],[-76.5504465,3.4279512],[-76.5504375,3.4279503],[-76.5504342,3.4279349],[-76.5504328,3.4279259],[-76.5504317,3.427917],[-76.5504311,3.4279079],[-76.5504308,3.4278989],[-76.5504309,3.4278899],[-76.5504314,3.4278808],[-76.5504279,3.4278638],[-76.5504261,3.427855],[-76.5504243,3.4278461],[-76.5504225,3.4278372],[-76.5504207,3.4278284],[-76.5504189,3.4278195],[-76.5504171,3.4278107],[-76.5504153,3.4278018],[-76.5504135,3.4277929],[-76.5504117,3.4277841],[-76.5504099,3.4277752],[-76.5504081,3.4277664],[-76.5504063,3.4277575],[-76.5504045,3.4277486],[-76.5504027,3.4277398],[-76.5504009,3.4277309],[-76.5503991,3.4277221],[-76.5503973,3.4277132],[-76.5503955,3.4277043],[-76.5503937,3.4276955],[-76.5503919,3.4276866],[-76.5503901,3.4276778],[-76.5503883,3.4276689],[-76.5503865,3.42766],[-76.5503847,3.4276512],[-76.5503829,3.4276423],[-76.5503811,3.4276334],[-76.5503793,3.4276246],[-76.5503775,3.4276157],[-76.5503758,3.4276069],[-76.550374,3.427598],[-76.5503722,3.4275891],[-76.5503704,3.4275803],[-76.5503686,3.4275714],[-76.5503668,3.4275626],[-76.550365,3.4275537],[-76.5503605,3.4275305],[-76.5502844,3.4271378],[-76.5502801,3.4271208],[-76.5502788,3.4271118],[-76.5502781,3.4271028],[-76.5502781,3.4270937],[-76.5502817,3.4270856],[-76.5502894,3.4270812],[-76.5502983,3.4270799],[-76.5503072,3.4270786],[-76.5503161,3.4270772],[-76.550325,3.4270756],[-76.5503338,3.427074],[-76.5503427,3.4270722],[-76.5503515,3.4270707],[-76.5503604,3.4270693],[-76.5503693,3.427068],[-76.5503783,3.427067],[-76.5503872,3.4270661],[-76.5503962,3.4270653],[-76.5504052,3.4270647],[-76.5504142,3.4270643],[-76.5504232,3.4270641],[-76.5504322,3.427064],[-76.5504412,3.4270641],[-76.5504501,3.4270644],[-76.5504591,3.4270648],[-76.5504681,3.4270654],[-76.5504771,3.4270661],[-76.550486,3.4270671],[-76.550495,3.4270678],[-76.550504,3.4270685],[-76.550513,3.4270691],[-76.5505219,3.4270696],[-76.5505309,3.42707],[-76.5505399,3.4270703],[-76.5505489,3.4270705],[-76.5505579,3.4270706],[-76.5505669,3.4270706],[-76.5505759,3.4270705],[-76.5505849,3.4270703],[-76.5505939,3.42707],[-76.5506029,3.4270697],[-76.5506119,3.4270692],[-76.5506209,3.4270687],[-76.5506299,3.4270682],[-76.5506388,3.4270676],[-76.5506478,3.427067],[-76.5506568,3.4270663],[-76.5506658,3.4270656],[-76.5506747,3.4270648],[-76.5506837,3.427064],[-76.5506926,3.4270631],[-76.5507016,3.4270622],[-76.5507106,3.4270613],[-76.5507195,3.4270603],[-76.5507284,3.4270592],[-76.5507374,3.4270581],[-76.5507463,3.427057],[-76.5507552,3.4270558],[-76.5507641,3.4270546],[-76.550773,3.4270533],[-76.5508948,3.427015],[-76.5509259,3.4269972],[-76.5509619,3.426961],[-76.5512139,3.4267259],[-76.5512769,3.4266354],[-76.5513489,3.4265631],[-76.5513939,3.4265179],[-76.5515649,3.4263551],[-76.5519068,3.4260477],[-76.5519968,3.4259753],[-76.5520238,3.4259482],[-76.5520328,3.4259391],[-76.5520688,3.4258939],[-76.5520868,3.4258577],[-76.5521138,3.4258125],[-76.5521318,3.4257673],[-76.5521408,3.4257402],[-76.5521446,3.4257305],[-76.5521483,3.4257222],[-76.5521519,3.4257139],[-76.5521555,3.4257056],[-76.5521589,3.4256973],[-76.5521624,3.4256889],[-76.5521658,3.4256805],[-76.5521691,3.4256721],[-76.5521723,3.4256637],[-76.5521755,3.4256552],[-76.5521787,3.4256468],[-76.5521817,3.4256383],[-76.5521848,3.4256297],[-76.5521877,3.4256212],[-76.5521906,3.4256126],[-76.5521934,3.425604],[-76.5521962,3.4255954],[-76.5521989,3.4255868],[-76.5522016,3.4255782],[-76.5522042,3.4255695],[-76.5522067,3.4255608],[-76.5522092,3.4255522],[-76.5522116,3.4255434],[-76.552214,3.4255347],[-76.5522163,3.425526],[-76.5522185,3.4255172],[-76.5522207,3.4255084],[-76.5522228,3.4254996],[-76.5522248,3.4254908],[-76.5522268,3.425482],[-76.5522287,3.4254732],[-76.5522306,3.4254643],[-76.5522324,3.4254555],[-76.5522341,3.4254466],[-76.5522358,3.4254377],[-76.5522374,3.4254288],[-76.5522398,3.4254146],[-76.5523028,3.4251433],[-76.5523568,3.4249805],[-76.5524288,3.4247906],[-76.5524545,3.4247159],[-76.552552,3.4245492],[-76.552647,3.4243738],[-76.5526517,3.4243637],[-76.5526555,3.4243555],[-76.5526593,3.4243473],[-76.5526631,3.4243391],[-76.5526669,3.4243309],[-76.5526707,3.4243227],[-76.5526726,3.4243183],[-76.5526744,3.4243144],[-76.5526781,3.4243062],[-76.5526818,3.424298],[-76.5526855,3.4242897],[-76.5526892,3.4242815],[-76.5526928,3.4242732],[-76.5526964,3.4242649],[-76.5527001,3.4242566],[-76.5527037,3.4242483],[-76.5527072,3.42424],[-76.5527108,3.4242317],[-76.5527143,3.4242234],[-76.5527179,3.4242151],[-76.5527214,3.4242068],[-76.5527249,3.4241985],[-76.5527284,3.4241901],[-76.5527318,3.4241818],[-76.5527353,3.4241734],[-76.5527387,3.4241651],[-76.5527421,3.4241567],[-76.5527455,3.4241483],[-76.5527489,3.4241399],[-76.5527522,3.4241315],[-76.5527556,3.4241231],[-76.5527589,3.4241147],[-76.5527622,3.4241063],[-76.5527655,3.4240979],[-76.5527688,3.4240895],[-76.552772,3.424081],[-76.5527753,3.4240726],[-76.5527785,3.4240642],[-76.5527817,3.4240557],[-76.5527849,3.4240473],[-76.552788,3.4240388],[-76.5527912,3.4240303],[-76.5527943,3.4240218],[-76.5527974,3.4240134],[-76.5528005,3.4240049],[-76.5528036,3.4239964],[-76.5528067,3.4239879],[-76.5528097,3.4239794],[-76.5528127,3.4239708],[-76.5528157,3.4239623],[-76.5528187,3.4239538],[-76.5528217,3.4239452],[-76.5528211,3.4239279],[-76.5528452,3.4237652],[-76.5529732,3.4227071],[-76.553083,3.4216674],[-76.5531378,3.4212386],[-76.5532201,3.4206231],[-76.5533329,3.4200274],[-76.553556,3.4195276],[-76.5537901,3.419003],[-76.5540888,3.4183691],[-76.5540998,3.4183484],[-76.5541082,3.4183324],[-76.5541166,3.4183164],[-76.5541249,3.4183003],[-76.5541332,3.4182842],[-76.5541413,3.4182681],[-76.5541495,3.418252],[-76.5541575,3.4182358],[-76.5541655,3.4182196],[-76.5541734,3.4182034],[-76.5541813,3.4181871],[-76.554189,3.4181708],[-76.5541968,3.4181544],[-76.5542044,3.4181381],[-76.554212,3.4181217],[-76.5542195,3.4181052],[-76.554227,3.4180888],[-76.5542344,3.4180723],[-76.5542417,3.4180558],[-76.554249,3.4180392],[-76.5542562,3.4180227],[-76.5542633,3.418006],[-76.5542704,3.4179894],[-76.5542774,3.4179727],[-76.5542843,3.4179561],[-76.5542912,3.4179393],[-76.554298,3.4179226],[-76.5543047,3.4179058],[-76.5543114,3.417889],[-76.554318,3.4178722],[-76.5543245,3.4178553],[-76.554331,3.4178385],[-76.5543374,3.4178215],[-76.5543437,3.4178046],[-76.55435,3.4177877],[-76.5543561,3.4177707],[-76.5543623,3.4177537],[-76.5543683,3.4177366],[-76.5543743,3.4177196],[-76.5543802,3.4177025],[-76.5543861,3.4176854],[-76.5543919,3.4176683],[-76.5543976,3.4176511],[-76.5544032,3.4176339],[-76.5544088,3.4176167],[-76.5544143,3.4175995],[-76.5544198,3.4175823],[-76.5544251,3.417565],[-76.5544304,3.4175477],[-76.5544357,3.4175304],[-76.5544408,3.4175131],[-76.5544459,3.4174958],[-76.554451,3.4174784],[-76.5544559,3.417461],[-76.5544608,3.4174436],[-76.5544656,3.4174262],[-76.5544704,3.4174087],[-76.554475,3.4173913],[-76.5544797,3.4173738],[-76.5544842,3.4173563],[-76.5544887,3.4173388],[-76.5544931,3.4173212],[-76.5544974,3.4173037],[-76.5545016,3.4172861],[-76.5545058,3.4172685],[-76.5545086,3.4172567],[-76.55451,3.4172509],[-76.554514,3.4172333],[-76.554518,3.4172156],[-76.5545219,3.417198],[-76.5545257,3.4171803],[-76.5545295,3.4171626],[-76.5545332,3.4171449],[-76.5545368,3.4171272],[-76.5546526,3.4165775],[-76.554751,3.4161139],[-76.5548203,3.4157873],[-76.5549115,3.4154403],[-76.5549801,3.4152404],[-76.5551752,3.4146029],[-76.5553381,3.4140334],[-76.5554367,3.4137049],[-76.5554689,3.4136127],[-76.5555951,3.4131308],[-76.5556524,3.412702],[-76.5556456,3.4123192],[-76.555642,3.4122528],[-76.555642,3.4119853],[-76.555642,3.4118775],[-76.5557075,3.4118806],[-76.5557534,3.4118944],[-76.5557832,3.4119048],[-76.5558349,3.4119359],[-76.5558704,3.4119763],[-76.555898,3.4120247],[-76.5559175,3.4120823],[-76.555937,3.4121077],[-76.5559622,3.4121307],[-76.5559897,3.4121446],[-76.5560322,3.4121659],[-76.5560459,3.4121694],[-76.55607,3.4121855],[-76.5560895,3.4122028],[-76.5561079,3.412227],[-76.5561457,3.4122651],[-76.5562088,3.4122939],[-76.5562593,3.4123077],[-76.5563075,3.4123089],[-76.5563522,3.4123031],[-76.5563821,3.4122824],[-76.5564039,3.4122535],[-76.5564486,3.4121521],[-76.5564807,3.4120622],[-76.5565037,3.4119999],[-76.5565381,3.4119596],[-76.5565633,3.4119411],[-76.5565863,3.4119331],[-76.5566138,3.4119331],[-76.5566299,3.4119411],[-76.5566585,3.4119596],[-76.5566746,3.411978],[-76.5566861,3.4120068],[-76.5566886,3.4120295],[-76.5567024,3.4120695],[-76.5567458,3.4121949],[-76.5567529,3.4122084],[-76.556793,3.4122834],[-76.5567986,3.412294],[-76.5568238,3.4123396],[-76.5568577,3.4124008],[-76.5568629,3.4124103],[-76.55687,3.4124189],[-76.5569743,3.4125452],[-76.5570015,3.4125773],[-76.5571115,3.4127074],[-76.5571633,3.4127643],[-76.557177,3.4127988],[-76.5571896,3.4128623],[-76.5571954,3.4129187],[-76.5572068,3.4129568],[-76.5572172,3.4130064],[-76.5572413,3.4130386],[-76.5572814,3.4130686],[-76.5573342,3.4131009],[-76.557372,3.4131182],[-76.5574466,3.4131528],[-76.5575292,3.413177],[-76.5575762,3.4131712],[-76.5576141,3.4131632],[-76.557637,3.413147],[-76.5576588,3.4131436],[-76.5576875,3.4131366],[-76.5577265,3.4131366],[-76.557777,3.4131366],[-76.5578492,3.4131413],[-76.5579146,3.4131401],[-76.5579456,3.4131424],[-76.5579685,3.4131401],[-76.5580121,3.413132],[-76.55805,3.4131274],[-76.5580764,3.413139],[-76.5580959,3.4131493],[-76.5581291,3.4131701],[-76.5581493,3.4131855],[-76.5581727,3.4132035],[-76.5582094,3.4132393],[-76.5582622,3.413313],[-76.5583299,3.4134035],[-76.5583655,3.4134324],[-76.5584435,3.413528],[-76.5584985,3.4135891],[-76.558541,3.4136502],[-76.5585696,3.4136941],[-76.5585811,3.4137344],[-76.558588,3.4137724],[-76.5586121,3.4138151],[-76.5586362,3.4138301],[-76.5586729,3.4138324],[-76.5587279,3.4138393],[-76.5587807,3.4138439],[-76.5588266,3.4138485],[-76.5588645,3.4138532],[-76.5589023,3.4138555],[-76.558939,3.4138543],[-76.5589803,3.4138491],[-76.5590262,3.4138341],[-76.5591696,3.413773],[-76.5594231,3.4136774],[-76.5595287,3.4136313],[-76.5596503,3.4135811],[-76.5596835,3.413573],[-76.5597329,3.4135558],[-76.5597753,3.41355],[-76.5598281,3.4135385],[-76.5598751,3.4135373],[-76.5599267,3.4135419],[-76.5599669,3.4135511],[-76.5599944,3.4135661],[-76.5600185,3.4135927],[-76.5600403,3.4136134],[-76.5600782,3.4136399],[-76.5601034,3.4136561],[-76.5601321,3.4136791],[-76.5601608,3.4136826],[-76.560178,3.4136803],[-76.5602043,3.4136711],[-76.5602216,3.4136699],[-76.5602319,3.4136699],[-76.5602468,3.4136699],[-76.5602663,3.4136711],[-76.5602904,3.4136699],[-76.5603259,3.4136647],[-76.5603512,3.4136578],[-76.560373,3.4136486],[-76.5603982,3.4136394],[-76.5604326,3.4136128],[-76.5604888,3.4135748],[-76.5605382,3.4135298],[-76.5605818,3.4134895],[-76.5606093,3.4134745],[-76.5606322,3.4134572],[-76.5606701,3.4134342],[-76.5606976,3.4134088],[-76.560724,3.4133857],[-76.5607389,3.4133731],[-76.5607619,3.4133489],[-76.560786,3.4133235],[-76.560802,3.4133039],[-76.5608215,3.4132855],[-76.5608548,3.4132635],[-76.56088,3.413252],[-76.5609064,3.413237],[-76.5609443,3.413214],[-76.5609592,3.4132013],[-76.5609959,3.4131829],[-76.561028,3.4131748],[-76.561059,3.4131736],[-76.5610762,3.4131736],[-76.5610911,3.4131702],[-76.5611129,3.4131667],[-76.5611313,3.4131587],[-76.5611496,3.4131494],[-76.5611645,3.4131367],[-76.5611852,3.4131241],[-76.5612041,3.4131123],[-76.5612098,3.4131082],[-76.5612288,3.4131001],[-76.561246,3.4130927],[-76.5612603,3.4130846],[-76.5612764,3.4130806],[-76.5612924,3.4130777],[-76.5613022,3.4130782],[-76.561316,3.4130817],[-76.5613269,3.4130857],[-76.561332,3.413095],[-76.5613337,3.4131036],[-76.5613337,3.4131111],[-76.5613337,3.4131203],[-76.5613337,3.413129],[-76.5613355,3.4131359],[-76.5613395,3.4131399],[-76.5613458,3.4131428],[-76.5613676,3.4131393],[-76.5613796,3.4131342],[-76.5613851,3.4131287],[-76.5613917,3.4131221],[-76.5614146,3.413103],[-76.5614364,3.4130817],[-76.5614462,3.4130673],[-76.5614513,3.4130454],[-76.5614519,3.4130321],[-76.5614531,3.4130218],[-76.5614559,3.4130068],[-76.5614628,3.4129947],[-76.5614771,3.4129751],[-76.5614898,3.4129676],[-76.5615128,3.4129142],[-76.5615262,3.4128817],[-76.5615509,3.4128395],[-76.5615538,3.4128339],[-76.5615843,3.4127754],[-76.5616186,3.4127084],[-76.5616557,3.412652],[-76.5616938,3.4126051],[-76.5617329,3.4125629],[-76.561791,3.4125113],[-76.5618037,3.4124967],[-76.5618201,3.412478],[-76.5618262,3.4124711],[-76.5618367,3.4124577],[-76.561851,3.4124318],[-76.5618646,3.4124031],[-76.5618714,3.4123858],[-76.5618754,3.4123756],[-76.5618853,3.4123585],[-76.5619018,3.4123301],[-76.5619248,3.4123038],[-76.5619591,3.4122799],[-76.5619779,3.4122627],[-76.5619842,3.4122571],[-76.5620208,3.4122192],[-76.5620267,3.4122141],[-76.5620923,3.412157],[-76.5621476,3.4121232],[-76.5621532,3.4121197],[-76.5621583,3.4121191],[-76.5621973,3.4121147],[-76.5622247,3.4121149],[-76.5622342,3.4121149],[-76.5622446,3.4121154],[-76.5622561,3.4121159],[-76.5622951,3.4121092],[-76.5623099,3.4120967],[-76.5623494,3.4120632],[-76.5623789,3.4120308],[-76.5623819,3.4120297],[-76.5624181,3.4119556],[-76.5624651,3.4119041],[-76.5625086,3.4118641],[-76.5625271,3.4118437],[-76.5625556,3.411812],[-76.5625848,3.4117725],[-76.5626053,3.4117479],[-76.5626152,3.411736],[-76.5626729,3.4117014],[-76.5626975,3.4116882],[-76.5627134,3.4116798],[-76.5627919,3.4116481],[-76.5628152,3.4116394],[-76.5628604,3.4116224],[-76.5628895,3.4116077],[-76.5629622,3.411571],[-76.5630556,3.4115141],[-76.5631342,3.4114719],[-76.5631682,3.4114537],[-76.5632329,3.4114331],[-76.5632491,3.411428],[-76.5633676,3.4113861],[-76.5634711,3.411376],[-76.5635872,3.4113664],[-76.5636402,3.4113532],[-76.5636903,3.4113316],[-76.5637289,3.411315],[-76.5637802,3.4112881],[-76.5638122,3.4112713],[-76.5638864,3.4112454],[-76.5638979,3.4112414],[-76.5639272,3.411223],[-76.5639643,3.4111998],[-76.5639896,3.411184],[-76.5640688,3.4111217],[-76.564142,3.4110589],[-76.5641717,3.411038],[-76.5642503,3.4110057],[-76.5642732,3.4109973],[-76.5643246,3.4109634],[-76.5643564,3.4109484],[-76.5643966,3.4109352],[-76.5644359,3.4109249],[-76.5644659,3.4109193],[-76.5644995,3.4109155],[-76.5645416,3.4108948],[-76.5646024,3.4108553],[-76.5646408,3.4108159],[-76.5647212,3.4107613],[-76.5647802,3.410735],[-76.56484,3.4107134],[-76.5648662,3.410704],[-76.5648971,3.4107012],[-76.564927,3.4106955],[-76.5649476,3.4106955],[-76.5649701,3.4106955],[-76.5649934,3.4106955],[-76.5650168,3.4106955],[-76.5650505,3.4107002],[-76.5650683,3.410702],[-76.5650786,3.4107031],[-76.5650963,3.4107134],[-76.565131,3.4107256],[-76.5651646,3.410735],[-76.5651899,3.4107425],[-76.5652123,3.4107491],[-76.5652385,3.4107604],[-76.5652666,3.4107642],[-76.5652918,3.4107707],[-76.5653049,3.4107726],[-76.5653293,3.4107726],[-76.5653536,3.4107717],[-76.5653742,3.4107707],[-76.5653891,3.4107698],[-76.5654022,3.4107698],[-76.5654153,3.4107745],[-76.5654359,3.410782],[-76.5654537,3.4107867],[-76.5654752,3.4107952],[-76.5654958,3.4108008],[-76.5655135,3.4108055],[-76.5655276,3.4108093],[-76.5655397,3.4108131],[-76.5655584,3.4108234],[-76.5655678,3.4108243],[-76.565579,3.410829],[-76.5655902,3.410829],[-76.5656008,3.4108274],[-76.565611,3.4108257],[-76.5656301,3.4108216],[-76.5656421,3.4108177],[-76.5656432,3.4108207],[-76.5656563,3.4108573],[-76.5656862,3.4109441],[-76.5657231,3.4110508],[-76.5657338,3.4110819],[-76.5657763,3.4112053],[-76.5658586,3.4114435],[-76.5658597,3.4114467],[-76.5658964,3.4115532],[-76.5661488,3.4122902],[-76.5660648,3.4123125],[-76.5659315,3.412348],[-76.5656631,3.4124194],[-76.5648203,3.41252],[-76.5646583,3.4125288],[-76.5645314,3.4125357],[-76.5644679,3.4125391],[-76.5643236,3.4125611],[-76.5641175,3.4125925],[-76.564091,3.4125975],[-76.5640688,3.4126024],[-76.5639592,3.4126267],[-76.5638874,3.4126467],[-76.5638638,3.4126532],[-76.5637882,3.4126789],[-76.5637522,3.4126911],[-76.5637474,3.4126936],[-76.5637258,3.4127051],[-76.5636912,3.4127236],[-76.5636806,3.4127292],[-76.5636442,3.4127521],[-76.5636281,3.4127623],[-76.5636252,3.4127641],[-76.5636121,3.4127724],[-76.563561,3.4128094],[-76.5635836,3.4128553],[-76.5637277,3.413149],[-76.563793,3.4132823],[-76.5638183,3.4133338],[-76.5638174,3.4133541],[-76.563758,3.4134221],[-76.563865,3.4136042],[-76.5639053,3.413668],[-76.5639894,3.413801],[-76.5640374,3.413877],[-76.5640588,3.4139016],[-76.5641742,3.4140347],[-76.5642451,3.4141299],[-76.5642566,3.4141453],[-76.5643,3.4142426],[-76.5643009,3.4142499],[-76.5643111,3.414332],[-76.5643089,3.4144259],[-76.5642965,3.4144766],[-76.5642872,3.4145144],[-76.564201,3.4146517],[-76.5641245,3.4147619],[-76.5640903,3.4148112],[-76.5640019,3.4149648],[-76.5641009,3.4150017],[-76.5640472,3.4151101],[-76.5641338,3.4151316],[-76.5641347,3.4151318],[-76.5641482,3.4151352],[-76.5641909,3.4151458],[-76.5643135,3.4151763],[-76.5644615,3.4152131],[-76.564512,3.4152276],[-76.5647043,3.4152826],[-76.5647282,3.4152894],[-76.5648451,3.4153018],[-76.5648456,3.4153019],[-76.5648578,3.4153032],[-76.5648635,3.4153038],[-76.5649935,3.4153104],[-76.5649935,3.4153104],[-76.5650297,3.4153122],[-76.5651076,3.4153162],[-76.5652402,3.415322],[-76.5654455,3.4153311],[-76.5654913,3.4153416],[-76.5655757,3.4153608],[-76.5655784,3.4153614],[-76.5655953,3.4153652],[-76.565606,3.4153677],[-76.5656182,3.415374],[-76.5656195,3.4153747],[-76.5656374,3.415384],[-76.5656409,3.4153859],[-76.5657137,3.4154238],[-76.565768,3.4154521],[-76.565783,3.4154629],[-76.5658334,3.4154993],[-76.5658524,3.415513],[-76.5659094,3.4155541],[-76.5660115,3.4156277],[-76.5660367,3.4156459],[-76.5660469,3.4156542],[-76.5661233,3.4157164],[-76.5661271,3.4157195],[-76.5661397,3.4157298],[-76.5662162,3.4157921],[-76.5662315,3.4158046],[-76.5663516,3.4158979],[-76.5665125,3.416023],[-76.5666346,3.4161388],[-76.5666547,3.4161579],[-76.5666581,3.4161611],[-76.5667303,3.4162685],[-76.5667364,3.4162777],[-76.5667368,3.4162783],[-76.5667597,3.4163123],[-76.566769,3.4163262],[-76.5667746,3.4163346],[-76.5668162,3.416428],[-76.5668233,3.4164438],[-76.5668571,3.4165197],[-76.5668982,3.4166108],[-76.5669357,3.4166937],[-76.5669679,3.416765],[-76.5670009,3.4168394],[-76.5670151,3.4168711],[-76.5670317,3.4169085],[-76.5670622,3.4169773],[-76.567064,3.4169803],[-76.5670642,3.4169806],[-76.5671106,3.4170599],[-76.5671443,3.4171174],[-76.5671921,3.4171867],[-76.567214,3.4172184],[-76.5673125,3.4172823],[-76.5674236,3.4173134],[-76.5675463,3.4172864],[-76.5676529,3.4172411],[-76.5677473,3.4171895],[-76.567819,3.4171833],[-76.5679031,3.4171936],[-76.5680139,3.417173],[-76.5680898,3.4171174],[-76.5682011,3.4170598],[-76.5682333,3.4170432],[-76.5682454,3.4170598],[-76.5683207,3.4171637],[-76.5681108,3.4173747],[-76.5679667,3.417493],[-76.5677961,3.4175551],[-76.5676814,3.4175935],[-76.5675372,3.4177206],[-76.5673725,3.4179069],[-76.5672695,3.4180015],[-76.5671431,3.418102],[-76.5671429,3.4181025],[-76.5671246,3.4181602],[-76.567099,3.4182408],[-76.5670975,3.4182457],[-76.5670928,3.4182603],[-76.5670895,3.418264],[-76.5670682,3.4182876],[-76.5669977,3.4183658],[-76.566993,3.418371],[-76.5668195,3.418504],[-76.5668012,3.4185216],[-76.5668001,3.4185227],[-76.5667942,3.4185283],[-76.5666467,3.4186698],[-76.5666254,3.4186903],[-76.5665242,3.418789],[-76.5663781,3.4188848],[-76.5662488,3.4189416],[-76.5661577,3.4190273],[-76.5661495,3.419049],[-76.5661165,3.4191367],[-76.5661183,3.4191626],[-76.5661283,3.4193022],[-76.5661724,3.4194885],[-76.5661892,3.419537],[-76.5661996,3.4195671],[-76.5662217,3.4196308],[-76.5662317,3.4196598],[-76.5662338,3.4196658],[-76.5662418,3.4196887],[-76.5663107,3.4198875],[-76.566446,3.420195],[-76.5665019,3.4203487],[-76.5665078,3.420665],[-76.5665931,3.4208867],[-76.5666488,3.4209594],[-76.5667069,3.4210762],[-76.5667218,3.4211378],[-76.5667218,3.4212076],[-76.5666788,3.4212741],[-76.5666126,3.4213489],[-76.5665977,3.4214238],[-76.566601,3.421487],[-76.5666049,3.421495],[-76.5666237,3.4215349],[-76.5666762,3.4215931],[-76.566707,3.4216229],[-76.5667471,3.4216617],[-76.5667471,3.4216618],[-76.566774,3.4216878],[-76.566883,3.4218122],[-76.5669462,3.4218991],[-76.5669868,3.4219652],[-76.567005,3.42202],[-76.5670076,3.4220608],[-76.5669981,3.4220921],[-76.5669721,3.4221191],[-76.5669445,3.422133],[-76.5668995,3.4221287],[-76.5668034,3.4221069],[-76.5667091,3.4220791],[-76.5666027,3.4220565],[-76.5665326,3.4220487],[-76.5665016,3.4220514],[-76.5664602,3.422055],[-76.5664572,3.4220555],[-76.5664571,3.4220555],[-76.5664213,3.4220611],[-76.5663276,3.422094],[-76.566322,3.4220959],[-76.5662592,3.4221267],[-76.5661963,3.4221574],[-76.566052,3.4222383],[-76.565984,3.4222919],[-76.5659102,3.4223754],[-76.5658606,3.4224565],[-76.5658191,3.4225713],[-76.5657868,3.4226745],[-76.5657706,3.4227707],[-76.5657683,3.4228437],[-76.5657787,3.4229121],[-76.5657834,3.4229704],[-76.5657834,3.4229705],[-76.5657837,3.4229737],[-76.5657273,3.4230502],[-76.5657246,3.4230503],[-76.5657245,3.4230503],[-76.5657173,3.4230507],[-76.5657147,3.4230508],[-76.5657049,3.4230513],[-76.565616,3.4230501],[-76.5655979,3.4230483],[-76.5655113,3.4230396],[-76.5655007,3.4230385],[-76.5654026,3.4230293],[-76.5653115,3.4230107],[-76.5652549,3.423064],[-76.5651973,3.4230513],[-76.5651142,3.4230188],[-76.5650273,3.4229994],[-76.5650104,3.4229957],[-76.5649469,3.4229991],[-76.5648985,3.4230293],[-76.5648528,3.4230559],[-76.5648523,3.4230572],[-76.5647441,3.4231515],[-76.5647003,3.4231998],[-76.5646532,3.4232518],[-76.5644536,3.4234722],[-76.5644053,3.4235255],[-76.564387,3.4235457],[-76.5643742,3.4235835],[-76.5643596,3.4236279],[-76.5643546,3.4236817],[-76.5643624,3.4237351],[-76.564365,3.4237534],[-76.5643713,3.423773],[-76.5643788,3.4237965],[-76.5643842,3.4238084],[-76.5643849,3.4238266],[-76.5643922,3.4238546],[-76.5643967,3.4238722],[-76.5643969,3.4238727],[-76.5644063,3.4239082],[-76.5644212,3.423942],[-76.5644362,3.4239661],[-76.5644609,3.4240044],[-76.5644833,3.4240427],[-76.5644914,3.4240567],[-76.5645046,3.4240796],[-76.5644888,3.4240736],[-76.5644645,3.4240567],[-76.5644546,3.4240498],[-76.5644311,3.424034],[-76.5644169,3.424026],[-76.5643812,3.4240064],[-76.5643593,3.4239922],[-76.5643383,3.4239756],[-76.5643177,3.4239679],[-76.5642892,3.4239653],[-76.5642746,3.4239698],[-76.5642423,3.4239821],[-76.5642376,3.4239677],[-76.5642143,3.4239584],[-76.5641867,3.423958],[-76.5641498,3.4239568],[-76.5641098,3.4239588],[-76.564087,3.4239659],[-76.5640617,3.4239728],[-76.564032,3.423987],[-76.5640101,3.4240012],[-76.5639768,3.4240045],[-76.5639273,3.4240362],[-76.5639026,3.424055],[-76.5639004,3.4240567],[-76.5638736,3.4240784],[-76.563869,3.4240821],[-76.5638503,3.4240944],[-76.5638366,3.4241048],[-76.5638352,3.424105],[-76.5638126,3.4241231],[-76.563795,3.4241357],[-76.5637804,3.4241473],[-76.5637578,3.4241657],[-76.5637361,3.4241818],[-76.563714,3.4242084],[-76.5637001,3.4242359],[-76.5636866,3.4242707],[-76.5636795,3.4243044],[-76.5636767,3.4243403],[-76.5636761,3.4243426],[-76.5636712,3.4243603],[-76.5636671,3.4243588],[-76.563653,3.4243537],[-76.5636231,3.4243565],[-76.5635982,3.4243463],[-76.5635744,3.4243328],[-76.5635446,3.4243106],[-76.563523,3.4242896],[-76.5634908,3.4242779],[-76.5634682,3.4242765],[-76.5634465,3.4242846],[-76.5634168,3.4243099],[-76.5633662,3.4243495],[-76.5633222,3.4243717],[-76.5632719,3.4243945],[-76.5632435,3.4243972],[-76.5632049,3.4243958],[-76.5631606,3.4243857],[-76.5631234,3.4243736],[-76.5630877,3.4243563],[-76.5630717,3.4243181],[-76.5630694,3.4242934],[-76.5630573,3.4242657],[-76.563024,3.4242525],[-76.5630002,3.4242473],[-76.5629491,3.4242346],[-76.5629109,3.4242329],[-76.5629106,3.4242468],[-76.5629111,3.4242687],[-76.5628976,3.4242751],[-76.5628727,3.4242858],[-76.5628556,3.4242973],[-76.5628345,3.424316],[-76.5628111,3.4243418],[-76.5627927,3.4243688],[-76.5627765,3.4244006],[-76.5627612,3.4244361],[-76.5627494,3.4244647],[-76.5627397,3.4244892],[-76.5627299,3.4245094],[-76.5627142,3.4245386],[-76.5626922,3.4245653],[-76.5626713,3.4245864],[-76.5626502,3.4246062],[-76.5626249,3.4246244],[-76.5625958,3.4246491],[-76.5625594,3.4246701],[-76.5625292,3.4246832],[-76.5625067,3.4246932],[-76.5624743,3.4247133],[-76.562478,3.424737],[-76.5624722,3.424754],[-76.5624512,3.4247619],[-76.5624269,3.4247695],[-76.5624017,3.4247853],[-76.5623865,3.4248096],[-76.5623725,3.424832],[-76.5623576,3.4248202],[-76.5623357,3.4248061],[-76.5623039,3.4247924],[-76.5622749,3.4247784],[-76.5622605,3.4247723],[-76.562239,3.4247684],[-76.5622039,3.4247841],[-76.5621794,3.4248065],[-76.5621663,3.4248318],[-76.562161,3.4248443],[-76.562161,3.4248979],[-76.562159,3.4249469],[-76.5621562,3.4249943],[-76.5621572,3.4250315],[-76.5621565,3.4250896],[-76.5621531,3.425118],[-76.5621531,3.4251181],[-76.5621527,3.4251214],[-76.5621436,3.4251174],[-76.5621169,3.4251055],[-76.5620718,3.4250855],[-76.5620275,3.4250659],[-76.5619799,3.4250448],[-76.5619794,3.4250445],[-76.561928,3.4250434],[-76.5618803,3.4250424],[-76.5616545,3.4250374],[-76.5615405,3.4250349],[-76.5613278,3.4250303],[-76.5613276,3.4250267],[-76.5613276,3.4250267],[-76.5613272,3.4250158],[-76.5613272,3.4249927],[-76.5613273,3.4249534],[-76.5613269,3.4249164],[-76.5613262,3.4248934],[-76.5613142,3.4248516],[-76.5612993,3.4248199],[-76.5612961,3.4247971],[-76.5612933,3.4247815],[-76.5612817,3.4247692],[-76.5612587,3.4247666],[-76.5612418,3.4247582],[-76.5612415,3.4247301],[-76.5612463,3.4246986],[-76.5612527,3.4246549],[-76.5612518,3.4246256],[-76.5612472,3.4246032],[-76.5612451,3.42458],[-76.5612447,3.4245578],[-76.5612442,3.4245334],[-76.5612439,3.4245171],[-76.5612431,3.4244718],[-76.5612428,3.4244588],[-76.5612332,3.424435],[-76.5612255,3.4244281],[-76.5612246,3.424413],[-76.5612333,3.4243898],[-76.5612309,3.4243708],[-76.5612273,3.4243494],[-76.5612231,3.4243236],[-76.5612245,3.4243057],[-76.5612422,3.4242989],[-76.5612612,3.4242938],[-76.5612486,3.4242321],[-76.5611933,3.4240914],[-76.5611317,3.4239817],[-76.5610963,3.4239353],[-76.5610548,3.4239029],[-76.5610071,3.4238766],[-76.5609471,3.4238688],[-76.5609038,3.4238667],[-76.5608984,3.4238685],[-76.5608647,3.4238785],[-76.5608326,3.4238832],[-76.5607738,3.4238893],[-76.5607348,3.4238863],[-76.560624,3.4238801],[-76.5605441,3.4238451],[-76.5604456,3.4237915],[-76.5603697,3.4237297],[-76.5602551,3.4236646],[-76.5602466,3.4236609],[-76.5601585,3.4236225],[-76.5600436,3.4236184],[-76.559978,3.4236349],[-76.5599226,3.4236638],[-76.5598549,3.4237029],[-76.5597872,3.4237854],[-76.5597011,3.4238864],[-76.5596334,3.4239626],[-76.559585,3.4240141],[-76.5595616,3.4240389],[-76.5594817,3.4240945],[-76.5593894,3.4241378],[-76.5594099,3.4241852],[-76.559494,3.4242738],[-76.5595905,3.424367],[-76.5595986,3.4243748],[-76.5596313,3.4244077],[-76.5596641,3.4244407],[-76.5596745,3.4244511],[-76.5597052,3.4245047],[-76.5597216,3.4245521],[-76.5597196,3.4246098],[-76.5597139,3.4246337],[-76.5597121,3.4246362],[-76.5596871,3.4246719],[-76.5596745,3.4246901],[-76.5596615,3.4247255],[-76.5596513,3.424753],[-76.5596508,3.4247737],[-76.559657,3.4248032],[-76.5596572,3.4248439],[-76.5596575,3.4248759],[-76.5596579,3.4249026],[-76.5596593,3.4249538],[-76.559659,3.4249723],[-76.5596598,3.4249725],[-76.5596596,3.4249903],[-76.5596596,3.4249903],[-76.5596595,3.4250001],[-76.559659,3.4250172],[-76.5596578,3.4250433],[-76.5596561,3.425061],[-76.5596482,3.425088],[-76.5596344,3.4251372],[-76.5596187,3.4251935],[-76.5593776,3.4251527],[-76.5589523,3.425147],[-76.5587086,3.4252003],[-76.5586976,3.4252086],[-76.5586769,3.4252232],[-76.5586604,3.4252333],[-76.5586425,3.4252426],[-76.558623,3.4252507],[-76.5586171,3.4252523],[-76.5585964,3.4252553],[-76.5585765,3.4252606],[-76.5585586,3.4252665],[-76.5585324,3.4252795],[-76.5585022,3.4252975],[-76.5584357,3.4253384],[-76.5584028,3.4253706],[-76.5583799,3.425397],[-76.5583586,3.4254313],[-76.5583459,3.425458],[-76.5583385,3.4255002],[-76.5583382,3.4255058],[-76.558334,3.4255144],[-76.5583297,3.4255206],[-76.5583221,3.4255285],[-76.5583163,3.4255334],[-76.558299,3.4255712],[-76.5582812,3.4256135],[-76.5582756,3.4256364],[-76.5582533,3.4256838],[-76.5582406,3.425708],[-76.5582247,3.4257548],[-76.5582132,3.4257727],[-76.5581746,3.4258031],[-76.5581404,3.4258477],[-76.5581221,3.4258747],[-76.5580981,3.4259049],[-76.5580647,3.4259309],[-76.5580282,3.4259717],[-76.5580021,3.4260084],[-76.5579795,3.4260379],[-76.5579744,3.4260442],[-76.5579743,3.4260443],[-76.5579428,3.4260834],[-76.5579244,3.4261065],[-76.5579058,3.4261471],[-76.5578931,3.4261914],[-76.5578891,3.4262599],[-76.5578893,3.4262804],[-76.5578872,3.4263058],[-76.5578727,3.4263251],[-76.557854,3.4263371],[-76.5578344,3.4263499],[-76.5578137,3.4263619],[-76.5577918,3.4263739],[-76.5577576,3.4264084],[-76.5577464,3.4264472],[-76.5577531,3.4264875],[-76.5577701,3.4265212],[-76.5577985,3.4265669],[-76.5578139,3.426588],[-76.5578201,3.4265986],[-76.5578203,3.4266257],[-76.5578129,3.4266481],[-76.5578048,3.4266602],[-76.5577882,3.4266834],[-76.5577745,3.4267062],[-76.5577688,3.4267309],[-76.5577648,3.426779],[-76.5577675,3.4268252],[-76.557765,3.426859],[-76.5577551,3.4268897],[-76.5577432,3.4269254],[-76.5577424,3.4269554],[-76.5576741,3.427052],[-76.5575511,3.4271967],[-76.557389,3.4274848],[-76.5572393,3.4277562],[-76.5572157,3.4277962],[-76.5572037,3.427823],[-76.5571563,3.4278923],[-76.5570668,3.4280553],[-76.5569772,3.4282183],[-76.5570398,3.4283349],[-76.5570895,3.4284274],[-76.5568635,3.4286252],[-76.5568315,3.4286533],[-76.556829,3.4286554],[-76.556829,3.4286555],[-76.5568249,3.4286591],[-76.5566256,3.4286591],[-76.556463,3.4286591],[-76.5564629,3.4286591],[-76.5562578,3.428659],[-76.5562277,3.428659],[-76.5562219,3.428659],[-76.5562218,3.428659],[-76.5562215,3.428659],[-76.5562182,3.4286591],[-76.5561665,3.4286603],[-76.5560903,3.4286621],[-76.556076,3.4286624],[-76.5558016,3.4286688],[-76.5555553,3.4286632],[-76.5555386,3.4286628],[-76.5554671,3.4286612],[-76.5552172,3.4286131],[-76.5550677,3.4285894],[-76.5551007,3.4285172],[-76.5549665,3.4272054],[-76.5547049,3.4271564],[-76.55452,3.4271401],[-76.5543228,3.4271205],[-76.5541563,3.4271154],[-76.5538412,3.4277935],[-76.5543631,3.4283366],[-76.554351,3.428346],[-76.5543497,3.4283554],[-76.5543481,3.4283643],[-76.5543461,3.4283731],[-76.5543437,3.4283818],[-76.5543414,3.4283938],[-76.5543397,3.4284027],[-76.5543379,3.4284116],[-76.5543361,3.4284204],[-76.5543342,3.4284293],[-76.5543311,3.4284457],[-76.5543296,3.4284546],[-76.5543281,3.4284636],[-76.5543267,3.4284725],[-76.5543253,3.4284814],[-76.5543232,3.4284981],[-76.5543217,3.428507],[-76.55432,3.4285158],[-76.554318,3.4285247],[-76.5543117,3.4285405],[-76.5543043,3.4285489],[-76.5542991,3.4285563],[-76.554292,3.4285658],[-76.5542862,3.4285728],[-76.5542802,3.4285795],[-76.5542698,3.4285915],[-76.5542634,3.4285979],[-76.5542562,3.4286098],[-76.5542502,3.4286166],[-76.5542431,3.4286299],[-76.5542404,3.4286385],[-76.5542391,3.4286475],[-76.5542378,3.4286579],[-76.5542374,3.4286669],[-76.5542378,3.4286759],[-76.5542388,3.4286849],[-76.5542405,3.4286938],[-76.5542349,3.4287064],[-76.5542279,3.4287121],[-76.5542214,3.4287189],[-76.5542158,3.4287259],[-76.5542109,3.4287335],[-76.5542067,3.4287416],[-76.5542005,3.4287568],[-76.5541978,3.4287654],[-76.5541923,3.4287814],[-76.5541897,3.42879],[-76.5541874,3.4287988],[-76.5541855,3.4288112],[-76.5541839,3.4288201],[-76.5541821,3.428829],[-76.5541805,3.4288388],[-76.5541788,3.4288477],[-76.5541767,3.4288565],[-76.5541744,3.4288652],[-76.5541718,3.4288739],[-76.554168,3.4288857],[-76.5541653,3.4288943],[-76.5541629,3.4289031],[-76.5541606,3.4289118],[-76.5541566,3.4289215],[-76.5541526,3.4289296],[-76.554148,3.4289374],[-76.5541408,3.4289485],[-76.5541351,3.4289555],[-76.5541288,3.428962],[-76.5541145,3.4289704],[-76.5541008,3.4289721],[-76.5540918,3.4289722],[-76.5540807,3.4289734],[-76.5540717,3.428974],[-76.5540627,3.4289743],[-76.5540537,3.4289743],[-76.5540384,3.4289743],[-76.5540294,3.428974],[-76.5540204,3.4289736],[-76.5540097,3.4289711],[-76.5540008,3.4289701],[-76.5539846,3.4289669],[-76.5539757,3.4289673],[-76.5539618,3.4289672],[-76.5539528,3.4289678],[-76.5539439,3.428969],[-76.5539305,3.4289696],[-76.5539215,3.4289702],[-76.5539125,3.4289708],[-76.5539036,3.4289716],[-76.5538946,3.4289725],[-76.5538811,3.4289738],[-76.5538721,3.4289748],[-76.5538632,3.4289759],[-76.5538543,3.428977],[-76.5538454,3.4289782],[-76.5538365,3.4289795],[-76.5538223,3.4289822],[-76.5538134,3.4289837],[-76.5538045,3.4289851],[-76.5537956,3.4289864],[-76.5537867,3.4289876],[-76.5537778,3.4289887],[-76.5537678,3.4289911],[-76.5537591,3.4289934],[-76.5537504,3.4289959],[-76.5537418,3.4289985],[-76.5537333,3.4290013],[-76.5537248,3.4290042],[-76.5537163,3.4290073],[-76.5537059,3.4290114],[-76.5536971,3.4290133],[-76.5536881,3.429014],[-76.5525356,3.4284716],[-76.5525456,3.4284863],[-76.5525537,3.4285077],[-76.5525549,3.428524],[-76.5525472,3.4285302],[-76.5525371,3.4285287],[-76.552529,3.4285236],[-76.5525236,3.4285205],[-76.5525178,3.4285213],[-76.5525151,3.4285341],[-76.5525205,3.428555],[-76.5525302,3.4285857],[-76.5525329,3.4285943],[-76.5525361,3.4286028],[-76.5525397,3.4286111],[-76.5525447,3.428621],[-76.5525485,3.4286292],[-76.5525522,3.4286375],[-76.5525558,3.4286457],[-76.5525594,3.428654],[-76.5525632,3.4286629],[-76.5525656,3.4286717],[-76.5525681,3.4286804],[-76.5525706,3.428689],[-76.5525732,3.4286977],[-76.5525759,3.4287068],[-76.5525785,3.4287155],[-76.5525808,3.4287242],[-76.552583,3.428733],[-76.552585,3.4287418],[-76.5525873,3.4287542],[-76.5525891,3.428763],[-76.552591,3.4287719],[-76.5525931,3.4287807],[-76.5525952,3.4287895],[-76.5525975,3.4287982],[-76.5526,3.4288069],[-76.5526023,3.4288156],[-76.5526044,3.4288244],[-76.5526066,3.4288353],[-76.5526102,3.4288436],[-76.5526133,3.4288521],[-76.5526173,3.4288683],[-76.5526202,3.4288768],[-76.5526229,3.4288854],[-76.5526252,3.4288942],[-76.5526272,3.428903],[-76.5526286,3.4289119],[-76.5526296,3.4289253],[-76.5526299,3.4289343],[-76.5526289,3.4289433],[-76.5526254,3.4289556],[-76.552619,3.4289731],[-76.5526156,3.4289814],[-76.5526123,3.4289898],[-76.552609,3.4289983],[-76.5526058,3.4290067],[-76.552602,3.4290169],[-76.5525987,3.4290253],[-76.5525957,3.4290338],[-76.5525932,3.4290425],[-76.5525904,3.4290542],[-76.5525888,3.4290631],[-76.5525874,3.429072],[-76.5525858,3.4290844],[-76.5525866,3.4290935],[-76.5525884,3.4291023],[-76.5525937,3.4291167],[-76.5525969,3.4291251],[-76.5526002,3.4291335],[-76.5526034,3.429142],[-76.5526066,3.4291504],[-76.5526099,3.4291589],[-76.5526138,3.4291691],[-76.5526167,3.4291776],[-76.5526189,3.4291864],[-76.5526203,3.4291953],[-76.5526209,3.4292098],[-76.5526208,3.4292188],[-76.5526117,3.4292323],[-76.5526039,3.4292369],[-76.5525873,3.4292378],[-76.5525783,3.4292376],[-76.5525694,3.4292363],[-76.5525591,3.4292331],[-76.5525504,3.429231],[-76.5525416,3.4292292],[-76.552529,3.4292269],[-76.5525201,3.4292256],[-76.5525111,3.429225],[-76.5525021,3.4292249],[-76.5524915,3.4292257],[-76.5524827,3.4292277],[-76.552474,3.4292299],[-76.552463,3.4292331],[-76.5524549,3.4292372],[-76.5524473,3.429242],[-76.5524367,3.4292506],[-76.5524272,3.4292572],[-76.5524206,3.4292632],[-76.5524139,3.4292694],[-76.5524074,3.4292755],[-76.5524008,3.4292817],[-76.5523943,3.429288],[-76.5523878,3.4292942],[-76.5523789,3.429303],[-76.5523721,3.4293088],[-76.5523655,3.429315],[-76.5523591,3.4293214],[-76.552353,3.429328],[-76.5523453,3.4293371],[-76.552339,3.4293435],[-76.552333,3.4293502],[-76.5523272,3.4293572],[-76.5523183,3.4293697],[-76.5523131,3.4293771],[-76.5523083,3.4293847],[-76.5523038,3.4293926],[-76.5522984,3.4294035],[-76.5522945,3.4294116],[-76.5522911,3.42942],[-76.5522882,3.4294285],[-76.5522845,3.4294438],[-76.5522832,3.4294528],[-76.5522819,3.4294617],[-76.5522806,3.4294707],[-76.5522794,3.4294796],[-76.5522768,3.4294974],[-76.5522666,3.4295114],[-76.5518835,3.4293266],[-76.5518619,3.4293161]]]}},{"type":"Feature","properties":{"comuna":16,"nombre":"Comuna 16","shape_leng":11634.69,"shape_area":4262326.32},"geometry":{"type":"Polygon","coordinates":[[[-76.5111762,3.3909095],[-76.5109331,3.3905811],[-76.5109109,3.3905511],[-76.5106243,3.390071],[-76.5104593,3.3896607],[-76.5104229,3.3895554],[-76.5104068,3.3895086],[-76.5100154,3.3883742],[-76.5100092,3.3883189],[-76.5100429,3.3883169],[-76.5100758,3.388315],[-76.510112,3.388354],[-76.5101793,3.3883477],[-76.5102171,3.3883519],[-76.5102528,3.3883709],[-76.5102949,3.3883941],[-76.5103495,3.3884173],[-76.5103768,3.3884321],[-76.5104273,3.3884364],[-76.5104756,3.3884364],[-76.5105281,3.3884385],[-76.5105765,3.3884321],[-76.5106185,3.3884237],[-76.5106437,3.3884089],[-76.5106878,3.388373],[-76.5107131,3.3883392],[-76.5107299,3.3883308],[-76.5107572,3.3883181],[-76.5107929,3.3883012],[-76.510856,3.3882864],[-76.5109043,3.3882864],[-76.5109526,3.3882885],[-76.5109989,3.388297],[-76.511043,3.388297],[-76.5111144,3.3882928],[-76.5111586,3.3882864],[-76.5111964,3.388259],[-76.5112279,3.38824],[-76.5112679,3.3881998],[-76.5113036,3.3881639],[-76.5113498,3.3881428],[-76.5113792,3.3881386],[-76.5114129,3.3881365],[-76.5114549,3.3881513],[-76.5115074,3.3881639],[-76.5115579,3.3881787],[-76.5116335,3.3882167],[-76.5116924,3.3882442],[-76.5117596,3.3882801],[-76.5117864,3.3882948],[-76.5118058,3.3883054],[-76.51185,3.388335],[-76.511913,3.3883625],[-76.5119634,3.3883836],[-76.5120139,3.3883962],[-76.5120475,3.3884026],[-76.5120874,3.3884047],[-76.5121274,3.3883984],[-76.5121547,3.3883941],[-76.5121673,3.3883815],[-76.5121862,3.3883625],[-76.5122198,3.3883498],[-76.5122366,3.388354],[-76.5122682,3.3883667],[-76.5122955,3.3883857],[-76.5123249,3.3884131],[-76.5123564,3.3884364],[-76.5123732,3.388449],[-76.512409,3.3884681],[-76.51243,3.3884871],[-76.5124552,3.3885124],[-76.5124762,3.388542],[-76.5124867,3.3885631],[-76.5125035,3.3885842],[-76.5125413,3.3886243],[-76.5126002,3.3886687],[-76.5126317,3.3886898],[-76.5126842,3.3887236],[-76.5127389,3.3887532],[-76.512783,3.3887743],[-76.5128419,3.3887996],[-76.5129406,3.3888482],[-76.5130037,3.3888757],[-76.5130415,3.3888862],[-76.5131436,3.3889201],[-76.5132137,3.3889498],[-76.513216,3.3889508],[-76.5132903,3.3889814],[-76.5134655,3.3890503],[-76.5136065,3.3891307],[-76.513678,3.389179],[-76.5137325,3.3892158],[-76.5137398,3.3892207],[-76.5137782,3.389257],[-76.5139321,3.3894023],[-76.5141419,3.3895169],[-76.5142062,3.3895114],[-76.5142833,3.3895154],[-76.5143793,3.3895293],[-76.5144658,3.3895487],[-76.514542,3.3895795],[-76.5146201,3.3896282],[-76.5147082,3.3896779],[-76.5147982,3.3896929],[-76.5148555,3.38967],[-76.5148991,3.3896273],[-76.5149456,3.3895428],[-76.5149876,3.3894061],[-76.5150371,3.3892799],[-76.5150955,3.3891814],[-76.5151746,3.3891148],[-76.5152433,3.3890955],[-76.5152691,3.3890875],[-76.5153343,3.3890786],[-76.5154412,3.3890667],[-76.5155262,3.3890716],[-76.5155717,3.3890985],[-76.5156123,3.3891442],[-76.5156805,3.389186],[-76.5157542,3.3892044],[-76.5158393,3.3891914],[-76.5159303,3.3891666],[-76.5159986,3.3891656],[-76.5161173,3.3891855],[-76.5162908,3.3892844],[-76.516327,3.3893077],[-76.5163571,3.3893272],[-76.5164442,3.3894067],[-76.5165629,3.3895011],[-76.5166489,3.3895399],[-76.5167968,3.3895782],[-76.5168571,3.3895812],[-76.5170035,3.3895822],[-76.5172083,3.3895812],[-76.5172938,3.3895986],[-76.5173542,3.3896106],[-76.5174204,3.3896314],[-76.5174729,3.3896573],[-76.5175372,3.389703],[-76.5175995,3.3897269],[-76.5176885,3.3897368],[-76.5178126,3.3897691],[-76.5179135,3.389795],[-76.5181351,3.3898487],[-76.5182034,3.3898765],[-76.5182167,3.3898859],[-76.5182239,3.3898915],[-76.5182308,3.3898972],[-76.5182375,3.3899032],[-76.5182441,3.3899094],[-76.5182504,3.3899159],[-76.5182565,3.3899225],[-76.5182623,3.3899294],[-76.518268,3.3899364],[-76.5182734,3.3899437],[-76.5182785,3.3899511],[-76.518329,3.3900137],[-76.518413,3.390144],[-76.5184536,3.3901778],[-76.5184639,3.390185],[-76.5184711,3.3901905],[-76.518478,3.3901962],[-76.5184847,3.3902023],[-76.5184912,3.3902086],[-76.5184973,3.3902164],[-76.5185033,3.3902231],[-76.5185098,3.3902293],[-76.5185167,3.3902351],[-76.518524,3.3902404],[-76.5185317,3.3902451],[-76.5185396,3.3902493],[-76.5185532,3.3902526],[-76.518562,3.3902543],[-76.5185709,3.3902557],[-76.5185799,3.3902568],[-76.5185888,3.3902576],[-76.5185978,3.3902582],[-76.5186068,3.3902584],[-76.5186245,3.3902582],[-76.5186396,3.390243],[-76.5186576,3.3902339],[-76.5186756,3.3902159],[-76.5186936,3.3902159],[-76.5187116,3.3902159],[-76.5187296,3.3902159],[-76.5187656,3.3902249],[-76.5188106,3.3902339],[-76.5188376,3.390234],[-76.5188736,3.390243],[-76.5189096,3.390252],[-76.5189456,3.3902701],[-76.5189636,3.3902792],[-76.5189906,3.3902792],[-76.5190176,3.3902792],[-76.5190446,3.3902611],[-76.5190536,3.390234],[-76.5190806,3.3901978],[-76.5190986,3.3901526],[-76.5191346,3.3901164],[-76.5191795,3.3900893],[-76.5192245,3.3900622],[-76.5192785,3.3900441],[-76.5193415,3.390026],[-76.5194045,3.3899989],[-76.5194495,3.3899898],[-76.5195035,3.3899808],[-76.5195485,3.3899808],[-76.5196025,3.3899989],[-76.5196655,3.390017],[-76.5197105,3.3900351],[-76.5197555,3.3900532],[-76.5198005,3.3900712],[-76.5198455,3.3900712],[-76.5199085,3.3900803],[-76.5199354,3.3900893],[-76.5199804,3.3901074],[-76.5200074,3.3901255],[-76.5200434,3.3901436],[-76.5200794,3.3901707],[-76.5201244,3.3902069],[-76.5201604,3.3902431],[-76.5202054,3.3902883],[-76.5202504,3.3903426],[-76.5203044,3.3904059],[-76.5203494,3.3904511],[-76.5203854,3.3904963],[-76.5204304,3.3905235],[-76.5204753,3.3905687],[-76.5205203,3.3906139],[-76.5205473,3.390632],[-76.5205833,3.3906591],[-76.5206103,3.3906772],[-76.5206553,3.3906863],[-76.5207003,3.3906772],[-76.5207633,3.3906682],[-76.5208623,3.3906501],[-76.5209343,3.390632],[-76.5209883,3.3906139],[-76.5210513,3.3905958],[-76.5211593,3.3905506],[-76.5212312,3.3905326],[-76.5212942,3.3905145],[-76.5213392,3.3904964],[-76.5214112,3.3904693],[-76.5214652,3.3904512],[-76.5215102,3.3904241],[-76.5215462,3.390406],[-76.5215822,3.3903698],[-76.5216272,3.3903427],[-76.5216722,3.3903155],[-76.5217172,3.3902884],[-76.5217532,3.3902703],[-76.5218072,3.3902613],[-76.5218522,3.3902523],[-76.5218972,3.3902523],[-76.5219332,3.3902613],[-76.5219692,3.3902704],[-76.5220052,3.3902794],[-76.5220412,3.3902794],[-76.5220772,3.3902704],[-76.5220952,3.3902523],[-76.5221222,3.3902342],[-76.5221402,3.390198],[-76.5221672,3.3901528],[-76.5221942,3.3901076],[-76.5222122,3.3900714],[-76.5222481,3.3900533],[-76.5222751,3.3900262],[-76.5223021,3.3899991],[-76.5223291,3.38999],[-76.5223561,3.3899629],[-76.5223921,3.3899358],[-76.5224191,3.3899267],[-76.5224461,3.3899177],[-76.5224821,3.3899087],[-76.5225091,3.3898996],[-76.5225271,3.3898815],[-76.5225451,3.3898544],[-76.5225721,3.3898273],[-76.5226171,3.3897911],[-76.5226711,3.3897459],[-76.5227341,3.3896916],[-76.5227971,3.3896555],[-76.5228511,3.3896193],[-76.5229231,3.3895831],[-76.5229771,3.389556],[-76.5230311,3.3895289],[-76.5230671,3.3895108],[-76.5231121,3.3894837],[-76.5231481,3.3894475],[-76.5231751,3.3894204],[-76.5232111,3.3893751],[-76.5232291,3.3893299],[-76.5232471,3.3892847],[-76.5232471,3.3892395],[-76.5232471,3.3892033],[-76.5232381,3.3891581],[-76.5232291,3.3891219],[-76.5232111,3.3890858],[-76.5231931,3.3890677],[-76.5231661,3.3890496],[-76.5231481,3.3890405],[-76.5231301,3.3890134],[-76.5231211,3.3889863],[-76.5231301,3.3889411],[-76.5231391,3.3889139],[-76.5231661,3.3888778],[-76.5231841,3.3888506],[-76.5232021,3.3888235],[-76.5232201,3.3887873],[-76.5232471,3.3887511],[-76.5232561,3.388724],[-76.5232651,3.3886878],[-76.5232741,3.3886517],[-76.5232831,3.3886155],[-76.5232921,3.3885793],[-76.5233101,3.3885612],[-76.5233371,3.3885432],[-76.5233731,3.3885341],[-76.5234271,3.3885432],[-76.5234721,3.3885432],[-76.5235171,3.3885522],[-76.5235801,3.3885613],[-76.5236341,3.3885613],[-76.5236701,3.3885703],[-76.5237061,3.3885703],[-76.5237421,3.3885703],[-76.523769,3.3885522],[-76.523796,3.3885432],[-76.523823,3.3885161],[-76.52385,3.388498],[-76.523868,3.3884708],[-76.523886,3.3884528],[-76.523895,3.3884166],[-76.523895,3.3883804],[-76.523886,3.3883533],[-76.5238681,3.3883262],[-76.5238411,3.38829],[-76.5238141,3.3882538],[-76.5237691,3.3882176],[-76.5237331,3.3881814],[-76.5237061,3.3881543],[-76.5236701,3.3881362],[-76.5236251,3.3881091],[-76.5235891,3.388082],[-76.5235711,3.3880639],[-76.5235531,3.3880367],[-76.5235531,3.3880187],[-76.5235441,3.3879915],[-76.5235441,3.3879734],[-76.5235351,3.3879373],[-76.5235261,3.3879101],[-76.5235081,3.3878378],[-76.5234901,3.3878107],[-76.5234899,3.3878104],[-76.5234721,3.3877835],[-76.5234541,3.3877745],[-76.5234361,3.3877473],[-76.5234181,3.3877383],[-76.5234002,3.3877021],[-76.5233642,3.3876569],[-76.5233462,3.3876388],[-76.5233462,3.3876117],[-76.5233552,3.3875846],[-76.5233732,3.3875755],[-76.5234002,3.3875574],[-76.5234272,3.3875393],[-76.5234632,3.3875303],[-76.5234902,3.3875213],[-76.5235172,3.3875122],[-76.5235351,3.3875122],[-76.5235621,3.3875122],[-76.5235891,3.3875122],[-76.5236161,3.3875122],[-76.5236521,3.3875032],[-76.5236881,3.3875122],[-76.5237241,3.3875122],[-76.5237781,3.3875122],[-76.5238141,3.3875122],[-76.5238501,3.3875122],[-76.5238771,3.3875032],[-76.5239041,3.3874761],[-76.5239311,3.387458],[-76.5239491,3.3874489],[-76.5239761,3.3874128],[-76.5240121,3.3873766],[-76.5240391,3.3873585],[-76.5240931,3.3873314],[-76.5241381,3.3873133],[-76.5241921,3.3872862],[-76.5242371,3.3872771],[-76.5242641,3.3872771],[-76.5243091,3.3872681],[-76.5243361,3.3872681],[-76.5243541,3.3872772],[-76.524399,3.3872772],[-76.524426,3.3872862],[-76.524462,3.3872862],[-76.524498,3.3872681],[-76.524534,3.3872591],[-76.524561,3.38725],[-76.5245727,3.387246],[-76.5245727,3.3872461],[-76.5244013,3.3887835],[-76.5242435,3.3902822],[-76.524013,3.3923901],[-76.5240113,3.3924059],[-76.5240012,3.3924963],[-76.5237704,3.3945712],[-76.523734,3.395351],[-76.5236972,3.3962034],[-76.5236939,3.3962795],[-76.5236899,3.3963709],[-76.5236672,3.3968984],[-76.5236534,3.3970714],[-76.5235396,3.3985043],[-76.5235339,3.3985766],[-76.5235094,3.3988845],[-76.5232608,3.4000421],[-76.5232474,3.4001421],[-76.5230303,3.4017601],[-76.5230065,3.4018556],[-76.5229969,3.4018941],[-76.5229505,3.4020597],[-76.5228809,3.4022136],[-76.5227973,3.4023488],[-76.5226883,3.4024864],[-76.5225653,3.4026217],[-76.5224655,3.4027336],[-76.5224283,3.4027965],[-76.5223634,3.4028898],[-76.5223378,3.4029341],[-76.5222868,3.4030274],[-76.5222427,3.4031254],[-76.5221962,3.4032443],[-76.5221707,3.4033492],[-76.5221359,3.4034705],[-76.5221063,3.4035826],[-76.5220868,3.4036769],[-76.522051,3.4038277],[-76.5220153,3.4039856],[-76.521951,3.4042512],[-76.5218795,3.4045527],[-76.5218581,3.4047178],[-76.5218295,3.4049116],[-76.5218009,3.4052131],[-76.5217795,3.4054571],[-76.521708,3.4059524],[-76.5216509,3.4061606],[-76.5215826,3.4063663],[-76.5207832,3.4072193],[-76.5194435,3.4085573],[-76.518391,3.4095429],[-76.5183392,3.4095919],[-76.5182225,3.4097026],[-76.5178248,3.4100797],[-76.5161861,3.4116581],[-76.5151016,3.4126837],[-76.5150679,3.4127162],[-76.5140131,3.4137333],[-76.5138214,3.4139162],[-76.5125937,3.4150874],[-76.5116607,3.4159848],[-76.5115526,3.416088],[-76.5101256,3.417451],[-76.5095036,3.4180279],[-76.5088737,3.4186609],[-76.5081281,3.4193419],[-76.5080154,3.4194497],[-76.5080082,3.4194566],[-76.5079606,3.4195021],[-76.5079486,3.4195139],[-76.5072704,3.4201797],[-76.5072668,3.4201832],[-76.5069672,3.4204764],[-76.5068527,3.4205883],[-76.5066608,3.4207761],[-76.5065457,3.4208853],[-76.5065454,3.4208856],[-76.506475,3.4208107],[-76.506321,3.420647],[-76.5057417,3.4200309],[-76.5056877,3.4199766],[-76.5055258,3.4198017],[-76.5054448,3.4197143],[-76.5053722,3.4196396],[-76.5050759,3.4193345],[-76.5049499,3.4192079],[-76.5045124,3.4187383],[-76.504419,3.4186381],[-76.504383,3.4185929],[-76.504158,3.4183577],[-76.504116,3.4183155],[-76.5039961,3.4181949],[-76.5037351,3.4179145],[-76.5035366,3.4177029],[-76.5034382,3.417598],[-76.5033302,3.4174895],[-76.5031412,3.4172905],[-76.5030816,3.4172415],[-76.5030423,3.4172091],[-76.5032223,3.4170463],[-76.5032223,3.4170463],[-76.5037262,3.4165671],[-76.503765,3.4165319],[-76.5039152,3.4163953],[-76.5041132,3.4161963],[-76.5044462,3.4158798],[-76.5045542,3.4157623],[-76.5045518,3.4157591],[-76.5045028,3.4156951],[-76.5044642,3.4156447],[-76.5041228,3.4153015],[-76.5040413,3.4152196],[-76.5038757,3.4150421],[-76.5037714,3.4149302],[-76.50372,3.4148786],[-76.5035824,3.4147403],[-76.5034295,3.4145775],[-76.5032585,3.4144057],[-76.5030274,3.4141451],[-76.5028896,3.4139896],[-76.5026376,3.4137002],[-76.5020861,3.4131622],[-76.5020257,3.4131033],[-76.5018879,3.4129596],[-76.5017828,3.4128501],[-76.5017743,3.4128415],[-76.5017288,3.4127958],[-76.5017103,3.4127749],[-76.5016551,3.4127122],[-76.5014894,3.4125243],[-76.5013779,3.4123979],[-76.5012069,3.4122079],[-76.5010022,3.4120022],[-76.50064,3.4116381],[-76.500622,3.4116169],[-76.500565,3.4115495],[-76.5004871,3.4114573],[-76.5004916,3.4114527],[-76.5005681,3.4113759],[-76.500703,3.4112674],[-76.500955,3.4110956],[-76.501459,3.4106344],[-76.5016142,3.4104825],[-76.5017987,3.4103018],[-76.5022673,3.4098584],[-76.502269,3.4098567],[-76.502485,3.4096488],[-76.502818,3.4093504],[-76.5028285,3.4093412],[-76.503358,3.4088802],[-76.503889,3.4083738],[-76.5040818,3.4081972],[-76.5042939,3.408003],[-76.5049329,3.4074334],[-76.5054819,3.406927],[-76.5057609,3.4066738],[-76.5062469,3.4062307],[-76.5068948,3.4056339],[-76.507519,3.4050569],[-76.5075698,3.40501],[-76.5076477,3.4049392],[-76.5076878,3.4049027],[-76.5077588,3.4048382],[-76.5081728,3.4044674],[-76.5086228,3.4040514],[-76.5092168,3.4034999],[-76.5095317,3.4032105],[-76.5103507,3.40246],[-76.5105103,3.4023139],[-76.5108781,3.4019771],[-76.5111111,3.4017639],[-76.5111607,3.4017185],[-76.5116376,3.4012844],[-76.5122586,3.4007147],[-76.5133386,3.399711],[-76.5135546,3.3995121],[-76.5136625,3.3994126],[-76.5146165,3.3985445],[-76.5151475,3.3980562],[-76.5151518,3.3980523],[-76.5153185,3.3979025],[-76.5161832,3.3970916],[-76.5158009,3.3967651],[-76.5156176,3.3966086],[-76.5155723,3.3965631],[-76.5153571,3.3963467],[-76.5145755,3.3953866],[-76.5136865,3.394209],[-76.5133402,3.3937502],[-76.5132152,3.3935846],[-76.5127041,3.3929077],[-76.512574,3.3927387],[-76.5114406,3.3912667],[-76.5111762,3.3909095]]]}},{"type":"Feature","properties":{"comuna":17,"nombre":"Comuna 17","shape_leng":17335.133,"shape_area":12677841.886},"geometry":{"type":"Polygon","coordinates":[[[-76.5225869,3.4053017],[-76.522588,3.4052935],[-76.5225879,3.4052936],[-76.5226074,3.4051374],[-76.5224435,3.4049067],[-76.52235,3.404564],[-76.5223445,3.4043484],[-76.522306,3.4039615],[-76.522163,3.4037127],[-76.5221063,3.4035826],[-76.5221359,3.4034705],[-76.5221707,3.4033492],[-76.5221962,3.4032443],[-76.5222427,3.4031254],[-76.5222868,3.4030274],[-76.5223378,3.4029341],[-76.5223634,3.4028898],[-76.5224283,3.4027965],[-76.5224655,3.4027336],[-76.5225653,3.4026217],[-76.5226883,3.4024864],[-76.5227973,3.4023488],[-76.5228809,3.4022136],[-76.5229505,3.4020597],[-76.5229969,3.4018941],[-76.5230065,3.4018556],[-76.5230303,3.4017601],[-76.5232474,3.4001421],[-76.5232608,3.4000421],[-76.5235094,3.3988845],[-76.5235339,3.3985766],[-76.5235396,3.3985043],[-76.5236534,3.3970714],[-76.5236672,3.3968984],[-76.5236899,3.3963709],[-76.5236939,3.3962795],[-76.5236972,3.3962034],[-76.523734,3.395351],[-76.5237704,3.3945712],[-76.5240012,3.3924963],[-76.5240113,3.3924059],[-76.524013,3.3923901],[-76.5242435,3.3902822],[-76.5244013,3.3887835],[-76.5245727,3.3872461],[-76.5245727,3.387246],[-76.524561,3.38725],[-76.524534,3.3872591],[-76.524498,3.3872681],[-76.524462,3.3872862],[-76.524426,3.3872862],[-76.524399,3.3872772],[-76.5243541,3.3872772],[-76.5243361,3.3872681],[-76.5243091,3.3872681],[-76.5242641,3.3872771],[-76.5242371,3.3872771],[-76.5241921,3.3872862],[-76.5241381,3.3873133],[-76.5240931,3.3873314],[-76.5240391,3.3873585],[-76.5240121,3.3873766],[-76.5239761,3.3874128],[-76.5239491,3.3874489],[-76.5239311,3.387458],[-76.5239041,3.3874761],[-76.5238771,3.3875032],[-76.5238501,3.3875122],[-76.5238141,3.3875122],[-76.5237781,3.3875122],[-76.5237241,3.3875122],[-76.5236881,3.3875122],[-76.5236521,3.3875032],[-76.5236161,3.3875122],[-76.5235891,3.3875122],[-76.5235621,3.3875122],[-76.5235351,3.3875122],[-76.5235172,3.3875122],[-76.5234902,3.3875213],[-76.5234632,3.3875303],[-76.5234272,3.3875393],[-76.5234002,3.3875574],[-76.5233732,3.3875755],[-76.5233552,3.3875846],[-76.5233462,3.3876117],[-76.5233462,3.3876388],[-76.5233642,3.3876569],[-76.5234002,3.3877021],[-76.5234181,3.3877383],[-76.5234361,3.3877473],[-76.5234541,3.3877745],[-76.5234721,3.3877835],[-76.5234899,3.3878104],[-76.5234901,3.3878107],[-76.5235081,3.3878378],[-76.5235261,3.3879101],[-76.5235351,3.3879373],[-76.5235441,3.3879734],[-76.5235441,3.3879915],[-76.5235531,3.3880187],[-76.5235531,3.3880367],[-76.5235711,3.3880639],[-76.5235891,3.388082],[-76.5236251,3.3881091],[-76.5236701,3.3881362],[-76.5237061,3.3881543],[-76.5237331,3.3881814],[-76.5237691,3.3882176],[-76.5238141,3.3882538],[-76.5238411,3.38829],[-76.5238681,3.3883262],[-76.523886,3.3883533],[-76.523895,3.3883804],[-76.523895,3.3884166],[-76.523886,3.3884528],[-76.523868,3.3884708],[-76.52385,3.388498],[-76.523823,3.3885161],[-76.523796,3.3885432],[-76.523769,3.3885522],[-76.5237421,3.3885703],[-76.5237061,3.3885703],[-76.5236701,3.3885703],[-76.5236341,3.3885613],[-76.5235801,3.3885613],[-76.5235171,3.3885522],[-76.5234721,3.3885432],[-76.5234271,3.3885432],[-76.5233731,3.3885341],[-76.5233371,3.3885432],[-76.5233101,3.3885612],[-76.5232921,3.3885793],[-76.5232831,3.3886155],[-76.5232741,3.3886517],[-76.5232651,3.3886878],[-76.5232561,3.388724],[-76.5232471,3.3887511],[-76.5232201,3.3887873],[-76.5232021,3.3888235],[-76.5231841,3.3888506],[-76.5231661,3.3888778],[-76.5231391,3.3889139],[-76.5231301,3.3889411],[-76.5231211,3.3889863],[-76.5231301,3.3890134],[-76.5231481,3.3890405],[-76.5231661,3.3890496],[-76.5231931,3.3890677],[-76.5232111,3.3890858],[-76.5232291,3.3891219],[-76.5232381,3.3891581],[-76.5232471,3.3892033],[-76.5232471,3.3892395],[-76.5232471,3.3892847],[-76.5232291,3.3893299],[-76.5232111,3.3893751],[-76.5231751,3.3894204],[-76.5231481,3.3894475],[-76.5231121,3.3894837],[-76.5230671,3.3895108],[-76.5230311,3.3895289],[-76.5229771,3.389556],[-76.5229231,3.3895831],[-76.5228511,3.3896193],[-76.5227971,3.3896555],[-76.5227341,3.3896916],[-76.5226711,3.3897459],[-76.5226171,3.3897911],[-76.5225721,3.3898273],[-76.5225451,3.3898544],[-76.5225271,3.3898815],[-76.5225091,3.3898996],[-76.5224821,3.3899087],[-76.5224461,3.3899177],[-76.5224191,3.3899267],[-76.5223921,3.3899358],[-76.5223561,3.3899629],[-76.5223291,3.38999],[-76.5223021,3.3899991],[-76.5222751,3.3900262],[-76.5222481,3.3900533],[-76.5222122,3.3900714],[-76.5221942,3.3901076],[-76.5221672,3.3901528],[-76.5221402,3.390198],[-76.5221222,3.3902342],[-76.5220952,3.3902523],[-76.5220772,3.3902704],[-76.5220412,3.3902794],[-76.5220052,3.3902794],[-76.5219692,3.3902704],[-76.5219332,3.3902613],[-76.5218972,3.3902523],[-76.5218522,3.3902523],[-76.5218072,3.3902613],[-76.5217532,3.3902703],[-76.5217172,3.3902884],[-76.5216722,3.3903155],[-76.5216272,3.3903427],[-76.5215822,3.3903698],[-76.5215462,3.390406],[-76.5215102,3.3904241],[-76.5214652,3.3904512],[-76.5214112,3.3904693],[-76.5213392,3.3904964],[-76.5212942,3.3905145],[-76.5212312,3.3905326],[-76.5211593,3.3905506],[-76.5210513,3.3905958],[-76.5209883,3.3906139],[-76.5209343,3.390632],[-76.5208623,3.3906501],[-76.5207633,3.3906682],[-76.5207003,3.3906772],[-76.5206553,3.3906863],[-76.5206103,3.3906772],[-76.5205833,3.3906591],[-76.5205473,3.390632],[-76.5205203,3.3906139],[-76.5204753,3.3905687],[-76.5204304,3.3905235],[-76.5203854,3.3904963],[-76.5203494,3.3904511],[-76.5203044,3.3904059],[-76.5202504,3.3903426],[-76.5202054,3.3902883],[-76.5201604,3.3902431],[-76.5201244,3.3902069],[-76.5200794,3.3901707],[-76.5200434,3.3901436],[-76.5200074,3.3901255],[-76.5199804,3.3901074],[-76.5199354,3.3900893],[-76.5199085,3.3900803],[-76.5198455,3.3900712],[-76.5198005,3.3900712],[-76.5197555,3.3900532],[-76.5197105,3.3900351],[-76.5196655,3.390017],[-76.5196025,3.3899989],[-76.5195485,3.3899808],[-76.5195035,3.3899808],[-76.5194495,3.3899898],[-76.5194045,3.3899989],[-76.5193415,3.390026],[-76.5192785,3.3900441],[-76.5192245,3.3900622],[-76.5191795,3.3900893],[-76.5191346,3.3901164],[-76.5190986,3.3901526],[-76.5190806,3.3901978],[-76.5190536,3.390234],[-76.5190446,3.3902611],[-76.5190176,3.3902792],[-76.5189906,3.3902792],[-76.5189636,3.3902792],[-76.5189456,3.3902701],[-76.5189096,3.390252],[-76.5188736,3.390243],[-76.5188376,3.390234],[-76.5188106,3.3902339],[-76.5187656,3.3902249],[-76.5187296,3.3902159],[-76.5187116,3.3902159],[-76.5186936,3.3902159],[-76.5186756,3.3902159],[-76.5186576,3.3902339],[-76.5186396,3.390243],[-76.5186245,3.3902582],[-76.5186068,3.3902584],[-76.5185978,3.3902582],[-76.5185888,3.3902576],[-76.5185799,3.3902568],[-76.5185709,3.3902557],[-76.518562,3.3902543],[-76.5185532,3.3902526],[-76.5185396,3.3902493],[-76.5185317,3.3902451],[-76.518524,3.3902404],[-76.5185167,3.3902351],[-76.5185098,3.3902293],[-76.5185033,3.3902231],[-76.5184973,3.3902164],[-76.5184912,3.3902086],[-76.5184847,3.3902023],[-76.518478,3.3901962],[-76.5184711,3.3901905],[-76.5184639,3.390185],[-76.5184536,3.3901778],[-76.518413,3.390144],[-76.518329,3.3900137],[-76.5182785,3.3899511],[-76.5182734,3.3899437],[-76.518268,3.3899364],[-76.5182623,3.3899294],[-76.5182565,3.3899225],[-76.5182504,3.3899159],[-76.5182441,3.3899094],[-76.5182375,3.3899032],[-76.5182308,3.3898972],[-76.5182239,3.3898915],[-76.5182167,3.3898859],[-76.5182034,3.3898765],[-76.5181351,3.3898487],[-76.5179135,3.389795],[-76.5178126,3.3897691],[-76.5176885,3.3897368],[-76.5175995,3.3897269],[-76.5175372,3.389703],[-76.5174729,3.3896573],[-76.5174204,3.3896314],[-76.5173542,3.3896106],[-76.5172938,3.3895986],[-76.5172083,3.3895812],[-76.5170035,3.3895822],[-76.5168571,3.3895812],[-76.5167968,3.3895782],[-76.5166489,3.3895399],[-76.5165629,3.3895011],[-76.5164442,3.3894067],[-76.5163571,3.3893272],[-76.516327,3.3893077],[-76.5162908,3.3892844],[-76.5161173,3.3891855],[-76.5159986,3.3891656],[-76.5159303,3.3891666],[-76.5158393,3.3891914],[-76.5157542,3.3892044],[-76.5156805,3.389186],[-76.5156123,3.3891442],[-76.5155717,3.3890985],[-76.5155262,3.3890716],[-76.5154412,3.3890667],[-76.5153343,3.3890786],[-76.5152691,3.3890875],[-76.5152433,3.3890955],[-76.5151746,3.3891148],[-76.5150955,3.3891814],[-76.5150371,3.3892799],[-76.5149876,3.3894061],[-76.5149456,3.3895428],[-76.5148991,3.3896273],[-76.5148555,3.38967],[-76.5147982,3.3896929],[-76.5147082,3.3896779],[-76.5146201,3.3896282],[-76.514542,3.3895795],[-76.5144658,3.3895487],[-76.5143793,3.3895293],[-76.5142833,3.3895154],[-76.5142062,3.3895114],[-76.5141419,3.3895169],[-76.5139321,3.3894023],[-76.5137782,3.389257],[-76.5137398,3.3892207],[-76.5137325,3.3892158],[-76.513678,3.389179],[-76.5136065,3.3891307],[-76.5134655,3.3890503],[-76.5132903,3.3889814],[-76.513216,3.3889508],[-76.5132137,3.3889498],[-76.5131436,3.3889201],[-76.5130415,3.3888862],[-76.5130572,3.3888081],[-76.5131139,3.3886447],[-76.5131194,3.3886289],[-76.5132944,3.3881247],[-76.51333,3.3880222],[-76.5133506,3.3879612],[-76.5133553,3.3879474],[-76.5135041,3.3875083],[-76.5135974,3.3872331],[-76.5136744,3.3869956],[-76.51378,3.3866701],[-76.5139179,3.386282],[-76.5139774,3.3861199],[-76.5139851,3.3859105],[-76.5139901,3.3857744],[-76.5139998,3.3855728],[-76.5140156,3.3852412],[-76.5140433,3.3846952],[-76.5140454,3.3846414],[-76.5140549,3.3844024],[-76.5140645,3.3841621],[-76.5141219,3.3831639],[-76.5141377,3.382876],[-76.5141474,3.382699],[-76.5142133,3.3814194],[-76.5142236,3.3811607],[-76.5142247,3.3811317],[-76.5142317,3.3809559],[-76.5142321,3.3809466],[-76.5142362,3.3808441],[-76.5142376,3.380809],[-76.5142417,3.3807051],[-76.5142425,3.3806845],[-76.5142445,3.3806362],[-76.5142474,3.3805631],[-76.5142474,3.3805623],[-76.5142494,3.3805109],[-76.5142504,3.3804768],[-76.5142506,3.3804719],[-76.5142515,3.380441],[-76.5142517,3.3804321],[-76.5142533,3.3803797],[-76.5142537,3.3803659],[-76.5142542,3.3803462],[-76.5142566,3.3802646],[-76.5142566,3.380264],[-76.5142573,3.3802396],[-76.5142579,3.3802202],[-76.5142583,3.3802052],[-76.5142586,3.3801966],[-76.5142591,3.38018],[-76.5142603,3.3801388],[-76.5142608,3.3801224],[-76.5142615,3.3800986],[-76.5142615,3.3800964],[-76.5142618,3.3800875],[-76.5142621,3.3800765],[-76.5142621,3.3800763],[-76.5142622,3.3800714],[-76.5142626,3.3800606],[-76.5142628,3.3800509],[-76.5142665,3.3799265],[-76.5142653,3.379793],[-76.5142605,3.3792219],[-76.5142602,3.3791758],[-76.5142569,3.378782],[-76.514256,3.3786639],[-76.5142547,3.3781135],[-76.5142539,3.3777256],[-76.5142547,3.3773985],[-76.5142549,3.377303],[-76.5142561,3.3767744],[-76.5142566,3.3765299],[-76.5142583,3.3757805],[-76.5142581,3.3756886],[-76.5142563,3.3747654],[-76.5142591,3.3742434],[-76.5142627,3.3735753],[-76.5142635,3.3731562],[-76.514264,3.3728811],[-76.5142649,3.3724023],[-76.5142646,3.3723796],[-76.5142549,3.3717899],[-76.5142459,3.3712379],[-76.5142488,3.3709183],[-76.5142545,3.3702906],[-76.5142566,3.3700521],[-76.5142551,3.3689122],[-76.5142546,3.3685592],[-76.5142531,3.3676031],[-76.5142526,3.3672838],[-76.5142524,3.3671603],[-76.5142511,3.3663337],[-76.5142506,3.3659957],[-76.5142492,3.365059],[-76.5142489,3.3648696],[-76.5142485,3.3646563],[-76.5142508,3.3633298],[-76.5142511,3.363326],[-76.5142512,3.3628592],[-76.5142746,3.3628998],[-76.5143482,3.3630427],[-76.5144116,3.363109],[-76.5144262,3.3631132],[-76.5144436,3.3631176],[-76.5144612,3.3631213],[-76.514479,3.3631243],[-76.5144969,3.3631265],[-76.514506,3.3631273],[-76.5145148,3.363128],[-76.5145328,3.3631287],[-76.5145508,3.3631287],[-76.5145688,3.363128],[-76.5145867,3.3631265],[-76.5146046,3.3631243],[-76.5147188,3.363109],[-76.5148686,3.3630503],[-76.5150132,3.3629789],[-76.5150231,3.3629743],[-76.5150392,3.3629662],[-76.515055,3.3629576],[-76.5150706,3.3629485],[-76.5150858,3.3629389],[-76.5151008,3.3629288],[-76.5151154,3.3629183],[-76.5151297,3.3629073],[-76.5151436,3.3628958],[-76.5151571,3.3628839],[-76.5151703,3.3628716],[-76.5151831,3.3628588],[-76.5151954,3.3628457],[-76.5152074,3.3628321],[-76.5152189,3.3628182],[-76.51529,3.3627264],[-76.5153357,3.3626601],[-76.5154347,3.3626422],[-76.5154527,3.362649],[-76.5154685,3.3626576],[-76.515483,3.3626682],[-76.515496,3.3626807],[-76.5155073,3.3626948],[-76.5155165,3.3627103],[-76.5155237,3.3627269],[-76.5155438,3.3627978],[-76.515546,3.3628092],[-76.5155513,3.3628265],[-76.5155587,3.362843],[-76.515568,3.3628585],[-76.5155791,3.3628727],[-76.5155919,3.3628854],[-76.5156062,3.3628964],[-76.5156217,3.3629055],[-76.5156382,3.3629127],[-76.5156555,3.3629178],[-76.5156629,3.3629324],[-76.5156664,3.3629501],[-76.5156648,3.3629681],[-76.5156582,3.3629848],[-76.5156472,3.3629991],[-76.5156435,3.3630017],[-76.5156399,3.3630043],[-76.5156326,3.3630096],[-76.5155649,3.3630416],[-76.5155463,3.3630504],[-76.5155429,3.3630516],[-76.5155325,3.3630553],[-76.5155309,3.3630559],[-76.5155147,3.3630639],[-76.5155072,3.3630688],[-76.5154997,3.3630738],[-76.515486,3.3630855],[-76.5154739,3.3630988],[-76.5154634,3.3631136],[-76.5154549,3.3631295],[-76.5154549,3.3631882],[-76.5154614,3.3631973],[-76.515473,3.3632111],[-76.515486,3.3632236],[-76.5155003,3.3632346],[-76.5155156,3.3632441],[-76.5155318,3.3632518],[-76.5155488,3.3632578],[-76.5155663,3.363262],[-76.5155842,3.3632643],[-76.5156021,3.3632647],[-76.5156268,3.3632613],[-76.5156447,3.3632626],[-76.5156622,3.3632668],[-76.5156787,3.363274],[-76.5156937,3.3632839],[-76.5157069,3.3632962],[-76.5157178,3.3633106],[-76.5157261,3.3633266],[-76.5157316,3.3633438],[-76.5157335,3.3633626],[-76.5157358,3.3633805],[-76.5157386,3.3633984],[-76.5157419,3.3634162],[-76.5157457,3.3634339],[-76.51575,3.3634514],[-76.5157548,3.3634689],[-76.5157601,3.3634861],[-76.5157658,3.3635033],[-76.5157721,3.3635202],[-76.5157788,3.363537],[-76.5157827,3.3635547],[-76.5157854,3.363571],[-76.5157908,3.36358],[-76.515798,3.3635882],[-76.5158079,3.3636009],[-76.5158169,3.3636144],[-76.5158367,3.363647],[-76.5158448,3.3636542],[-76.5158565,3.3636642],[-76.5158835,3.3636985],[-76.5158943,3.3637103],[-76.5159015,3.3637184],[-76.5159096,3.3637256],[-76.5159213,3.3637365],[-76.5159276,3.3637446],[-76.5159393,3.3637564],[-76.5159483,3.3637699],[-76.5159744,3.3637971],[-76.5159851,3.3638089],[-76.5160364,3.3638477],[-76.516049,3.3638577],[-76.516076,3.3638848],[-76.5160878,3.3638948],[-76.5161444,3.3639527],[-76.5161588,3.3639698],[-76.5162074,3.3640395],[-76.5162128,3.3640495],[-76.5162236,3.3640675],[-76.5162344,3.3640919],[-76.5162415,3.3641009],[-76.5162479,3.3641091],[-76.5162623,3.3641326],[-76.516272,3.3641461],[-76.5162839,3.3641625],[-76.5163712,3.364252],[-76.5163793,3.3642583],[-76.5163892,3.3642628],[-76.5164198,3.3642728],[-76.5164359,3.3642756],[-76.516678,3.3642855],[-76.5167527,3.3642738],[-76.516768,3.3642701],[-76.5168085,3.3642557],[-76.5168184,3.3642511],[-76.5168463,3.364234],[-76.516858,3.3642231],[-76.5168679,3.3642105],[-76.5168733,3.3642014],[-76.5168796,3.364186],[-76.5168931,3.3641634],[-76.5168976,3.3641535],[-76.5168988,3.3641461],[-76.5168994,3.3641426],[-76.5169003,3.3640884],[-76.5168922,3.3640522],[-76.516876,3.3640115],[-76.5168652,3.3639482],[-76.5168615,3.3639169],[-76.5168607,3.3639102],[-76.5168589,3.3639003],[-76.5168508,3.3638804],[-76.5168355,3.3638514],[-76.516813,3.3638216],[-76.5167942,3.3638017],[-76.5167734,3.3637773],[-76.5167374,3.3637438],[-76.5167303,3.3637357],[-76.5167014,3.3636904],[-76.5166879,3.3636606],[-76.5166862,3.3636507],[-76.5166879,3.3635964],[-76.5166907,3.3635855],[-76.516696,3.3635765],[-76.5167024,3.3635674],[-76.5167149,3.3635575],[-76.5167294,3.3635503],[-76.5167599,3.3635385],[-76.5168113,3.3635258],[-76.516822,3.363525],[-76.5169084,3.3635277],[-76.51693,3.3635258],[-76.5169714,3.363516],[-76.516993,3.3635132],[-76.5170515,3.3635042],[-76.5171028,3.3634906],[-76.5171433,3.3634761],[-76.5171577,3.3634689],[-76.5171811,3.3634544],[-76.5172009,3.3634454],[-76.5172022,3.3634447],[-76.5172099,3.3634409],[-76.5172198,3.3634364],[-76.5172405,3.3634301],[-76.5173476,3.3634373],[-76.5173754,3.3634436],[-76.5173898,3.3634508],[-76.5174069,3.3634644],[-76.5174142,3.3634716],[-76.5174258,3.3634897],[-76.5174322,3.3635106],[-76.5174322,3.3635322],[-76.5174267,3.3635856],[-76.5174151,3.3636272],[-76.5174114,3.3636869],[-76.5174016,3.3637393],[-76.5173934,3.3637529],[-76.5173898,3.3637638],[-76.5173871,3.3638126],[-76.5173727,3.3638352],[-76.5173691,3.3638452],[-76.5173664,3.363856],[-76.5173646,3.3638714],[-76.5173611,3.3639419],[-76.5173646,3.3639518],[-76.5173718,3.36396],[-76.5174177,3.363998],[-76.5174267,3.3640034],[-76.5174519,3.3640134],[-76.5174618,3.3640151],[-76.5175482,3.3640206],[-76.5175572,3.364026],[-76.5175752,3.3640459],[-76.5175905,3.3640677],[-76.5176049,3.3640839],[-76.5176138,3.3640975],[-76.5176273,3.364121],[-76.5176328,3.364131],[-76.5176453,3.3641461],[-76.5176598,3.3641635],[-76.5176742,3.364187],[-76.5176841,3.3641996],[-76.5176931,3.3642132],[-76.5177201,3.3642657],[-76.5177488,3.3643055],[-76.5177677,3.3643245],[-76.5177875,3.3643426],[-76.5178379,3.3643751],[-76.5178469,3.3643797],[-76.5178721,3.3643887],[-76.5178829,3.3643905],[-76.5179153,3.3643896],[-76.5179252,3.364386],[-76.5179684,3.3643534],[-76.5179792,3.3643417],[-76.5179891,3.364329],[-76.517999,3.3643172],[-76.5180044,3.3643073],[-76.5180089,3.3642974],[-76.5180152,3.3642774],[-76.5180224,3.364263],[-76.5180287,3.3642539],[-76.5180395,3.3642422],[-76.5180602,3.3642169],[-76.5180656,3.3642079],[-76.518089,3.3641599],[-76.5180944,3.3641499],[-76.5180966,3.3641461],[-76.5181025,3.3641355],[-76.5181088,3.364121],[-76.5181511,3.3640107],[-76.5181601,3.3639908],[-76.5181646,3.3639818],[-76.5181691,3.3639664],[-76.5181799,3.3639411],[-76.5181853,3.3639311],[-76.5181979,3.3639148],[-76.5182114,3.3638904],[-76.5182195,3.3638705],[-76.5182249,3.3638552],[-76.5182411,3.3638045],[-76.5182474,3.3637512],[-76.5182519,3.3637349],[-76.5182573,3.3637195],[-76.5182699,3.3636906],[-76.5182753,3.3636752],[-76.5182798,3.3636381],[-76.5182843,3.3635784],[-76.5182879,3.3635621],[-76.5182924,3.3635531],[-76.5183068,3.3635305],[-76.5183131,3.3635151],[-76.5183167,3.3634943],[-76.5183347,3.3634437],[-76.5183437,3.3634301],[-76.5183743,3.3633931],[-76.5183824,3.3633858],[-76.5183923,3.3633804],[-76.5184067,3.3633741],[-76.5184472,3.3633587],[-76.5184607,3.3633505],[-76.5184733,3.3633406],[-76.5185075,3.3633243],[-76.5185174,3.3633225],[-76.5185579,3.3633089],[-76.5185849,3.3633044],[-76.5186146,3.3632963],[-76.5186362,3.36329],[-76.5186866,3.363271],[-76.5187055,3.363261],[-76.5187154,3.3632565],[-76.5187396,3.3632448],[-76.5187541,3.3632384],[-76.5187752,3.3632275],[-76.518845,3.3631914],[-76.5188549,3.3631878],[-76.5188647,3.3631833],[-76.5188745,3.363178],[-76.5188881,3.3631706],[-76.518899,3.3631679],[-76.518908,3.3631616],[-76.5189511,3.3631299],[-76.5189691,3.3631182],[-76.5189979,3.3631037],[-76.5190339,3.3630811],[-76.5190699,3.3630693],[-76.5190951,3.3630603],[-76.5191104,3.3630557],[-76.5191212,3.363054],[-76.5191617,3.3630404],[-76.5191914,3.3630286],[-76.5192013,3.3630241],[-76.5192148,3.3630151],[-76.5192292,3.3630079],[-76.5192418,3.3629979],[-76.5192571,3.3629826],[-76.5192666,3.3629765],[-76.5192796,3.3629681],[-76.5192913,3.3629563],[-76.5192994,3.36295],[-76.5193093,3.3629464],[-76.5193201,3.3629455],[-76.5193633,3.3629491],[-76.5193795,3.3629472],[-76.519393,3.3629391],[-76.5194029,3.3629337],[-76.5194037,3.3629337],[-76.5194299,3.3629346],[-76.5194398,3.3629382],[-76.5194488,3.3629436],[-76.519456,3.3629518],[-76.5194631,3.3629663],[-76.5194668,3.3629762],[-76.5194758,3.3629898],[-76.5194938,3.3630233],[-76.5195109,3.3630567],[-76.5195109,3.3630947],[-76.5195126,3.363111],[-76.519518,3.3631264],[-76.5195405,3.3631815],[-76.5195495,3.3632123],[-76.519554,3.3632213],[-76.5195945,3.3632792],[-76.5196017,3.3632864],[-76.519653,3.3633262],[-76.519662,3.3633316],[-76.5196719,3.3633361],[-76.519698,3.3633443],[-76.5197142,3.3633479],[-76.5197898,3.3633515],[-76.5198375,3.3633497],[-76.5198537,3.3633479],[-76.5199122,3.3633461],[-76.5199653,3.3633389],[-76.5199977,3.363338],[-76.5201218,3.3633425],[-76.520174,3.3633525],[-76.5201947,3.3633597],[-76.52021,3.3633633],[-76.5202361,3.3633678],[-76.5202784,3.3633941],[-76.5202883,3.3634049],[-76.5202973,3.3634176],[-76.5203135,3.3634375],[-76.520327,3.3634537],[-76.5203387,3.3634718],[-76.5203531,3.3634854],[-76.5203711,3.3635072],[-76.5203999,3.3635424],[-76.5204278,3.3635831],[-76.5204692,3.3636274],[-76.5204763,3.3636355],[-76.5204853,3.3636491],[-76.5205025,3.3636657],[-76.5205357,3.3636979],[-76.5205547,3.3637169],[-76.5205924,3.3637477],[-76.5206149,3.3637612],[-76.5206276,3.3637721],[-76.520668,3.3637983],[-76.5207778,3.3638562],[-76.5208129,3.3638689],[-76.5208228,3.3638735],[-76.5208507,3.3638897],[-76.5208705,3.3638988],[-76.5208957,3.363906],[-76.5209056,3.3639114],[-76.5209191,3.3639204],[-76.5209281,3.363925],[-76.5209433,3.3639304],[-76.5209641,3.3639368],[-76.5209857,3.3639404],[-76.521126,3.3639485],[-76.5211467,3.3639476],[-76.5211728,3.3639413],[-76.5212421,3.363934],[-76.5213411,3.3639087],[-76.5213915,3.3638907],[-76.521423,3.3638825],[-76.5214329,3.3638789],[-76.5214473,3.3638726],[-76.5215337,3.3638427],[-76.5215507,3.3638291],[-76.5215607,3.3638246],[-76.521576,3.3638192],[-76.5216201,3.3638002],[-76.5216579,3.3637794],[-76.5216776,3.363774],[-76.521747,3.3637415],[-76.5217785,3.3637215],[-76.5218135,3.3637071],[-76.5218396,3.3636999],[-76.5218576,3.3636944],[-76.5219728,3.3636375],[-76.5220034,3.3636166],[-76.522025,3.3635859],[-76.5220574,3.3635687],[-76.5220905,3.3635596],[-76.5220934,3.3635588],[-76.5221303,3.3635588],[-76.5221663,3.3635507],[-76.5222338,3.3635226],[-76.5223049,3.3635009],[-76.5223418,3.3634937],[-76.5223786,3.3634973],[-76.5224155,3.3634964],[-76.5224515,3.3634883],[-76.5225244,3.3634774],[-76.522672,3.3634684],[-76.5227458,3.3634757],[-76.5227809,3.3634712],[-76.5228169,3.3634594],[-76.5228907,3.3634486],[-76.5229285,3.3634458],[-76.5229635,3.3634358],[-76.5229987,3.3634241],[-76.523031,3.363406],[-76.5230617,3.3633861],[-76.5230895,3.3633617],[-76.5231184,3.3633382],[-76.5231705,3.363284],[-76.5232003,3.3632587],[-76.5232228,3.3632279],[-76.5232507,3.3632035],[-76.5233244,3.3631194],[-76.523364,3.363057],[-76.5234238,3.3629788],[-76.523454,3.3629394],[-76.5235098,3.3628427],[-76.5235252,3.3628101],[-76.5235342,3.3627739],[-76.5235512,3.3627395],[-76.5235755,3.3627133],[-76.5236331,3.3626654],[-76.5237087,3.3625831],[-76.5237537,3.3625244],[-76.5238005,3.3624674],[-76.5238797,3.3623426],[-76.5239301,3.3622856],[-76.5239445,3.362273],[-76.5239558,3.3622584],[-76.5239658,3.3622455],[-76.5239717,3.3622378],[-76.5239837,3.3622224],[-76.524004,3.3621962],[-76.5240207,3.3621747],[-76.5240413,3.362148],[-76.524046,3.3621419],[-76.5240514,3.362135],[-76.5240728,3.3621262],[-76.52409,3.3621192],[-76.5241286,3.3621034],[-76.5241397,3.362103],[-76.5241693,3.3621019],[-76.52421,3.3621005],[-76.5242495,3.3621],[-76.524293,3.3620994],[-76.5242963,3.3621419],[-76.524309,3.3623053],[-76.5243213,3.3623781],[-76.5243301,3.3624492],[-76.524417,3.3628257],[-76.5244418,3.3630278],[-76.5244666,3.3632299],[-76.5245312,3.3635293],[-76.5246127,3.3637997],[-76.5246304,3.3638587],[-76.5246883,3.3639718],[-76.5248056,3.3642011],[-76.5248092,3.364208],[-76.5248111,3.3642111],[-76.5250227,3.3645474],[-76.5251733,3.3647413],[-76.5251816,3.364752],[-76.5251914,3.3647629],[-76.5253268,3.3649123],[-76.5254348,3.3650315],[-76.5254878,3.3650741],[-76.5257011,3.3652456],[-76.5257079,3.3652511],[-76.5257289,3.3652661],[-76.5258108,3.3653247],[-76.5259661,3.3654358],[-76.5260335,3.3654744],[-76.5261172,3.3655224],[-76.5265322,3.3657602],[-76.5269394,3.3659748],[-76.5270498,3.3660246],[-76.5277573,3.3663434],[-76.5285234,3.3666885],[-76.5292037,3.3670479],[-76.5297275,3.3673123],[-76.5298094,3.3673537],[-76.530311,3.3676069],[-76.5309118,3.3679263],[-76.5315176,3.3682408],[-76.5338415,3.3694336],[-76.5358824,3.3704817],[-76.536667,3.3707812],[-76.5371432,3.3710163],[-76.5375061,3.3711954],[-76.5379481,3.3714949],[-76.5385787,3.3718393],[-76.5395718,3.3723633],[-76.5403294,3.3727461],[-76.5404806,3.3728225],[-76.5409374,3.3730571],[-76.5411956,3.3732268],[-76.5414141,3.3734164],[-76.5416524,3.373646],[-76.5418163,3.3738755],[-76.5419404,3.3740702],[-76.5420348,3.3742448],[-76.5420952,3.374414],[-76.5421043,3.3744395],[-76.5421887,3.3746491],[-76.542288,3.3750683],[-76.5423869,3.3754759],[-76.5424332,3.3756665],[-76.5424747,3.375874],[-76.5426313,3.3766552],[-76.5426941,3.3769688],[-76.542928,3.3779093],[-76.543045,3.3783976],[-76.5430899,3.3785604],[-76.5432249,3.379103],[-76.5433488,3.3795857],[-76.5433689,3.3796637],[-76.5434138,3.3798627],[-76.5434768,3.3801249],[-76.5436208,3.3806947],[-76.5436245,3.3807114],[-76.5438007,3.3815086],[-76.5439267,3.3820241],[-76.5439716,3.3822502],[-76.5440616,3.38263],[-76.5441336,3.3829465],[-76.5441966,3.3832359],[-76.5443135,3.3837695],[-76.5443495,3.3839413],[-76.5444035,3.384303],[-76.5445474,3.3853702],[-76.5446374,3.3859309],[-76.5446399,3.3859486],[-76.5446646,3.3861212],[-76.5448893,3.3876943],[-76.5449689,3.388233],[-76.5450872,3.3890328],[-76.5451771,3.3896658],[-76.5453157,3.390511],[-76.5453808,3.3909085],[-76.5455712,3.3920701],[-76.5456088,3.3922997],[-76.5456899,3.3927948],[-76.5457709,3.3933194],[-76.5458429,3.3937444],[-76.5459238,3.394278],[-76.5459542,3.3944343],[-76.5459958,3.3946487],[-76.5460498,3.3950286],[-76.5461128,3.3953903],[-76.5461667,3.3957701],[-76.5462533,3.3962572],[-76.5462567,3.3962766],[-76.546257,3.3962786],[-76.5462607,3.3963019],[-76.5463647,3.3969548],[-76.5463916,3.3971267],[-76.5464006,3.3973166],[-76.5464096,3.3975155],[-76.5464096,3.3983023],[-76.5464095,3.3994418],[-76.5464174,3.4003502],[-76.5458499,3.40044],[-76.545824,3.4004441],[-76.5451667,3.4005278],[-76.5450522,3.4005424],[-76.5439162,3.4007007],[-76.5430574,3.4008045],[-76.5423019,3.4008973],[-76.5417639,3.4009519],[-76.541761,3.4009521],[-76.5417459,3.4009995],[-76.5417392,3.401022],[-76.5417312,3.4010447],[-76.5417177,3.4010893],[-76.5417177,3.4010893],[-76.5416477,3.4013045],[-76.541577,3.4015215],[-76.541379,3.4021184],[-76.54119,3.4026971],[-76.541001,3.4032669],[-76.540686,3.4042435],[-76.540506,3.4048042],[-76.540371,3.4052202],[-76.540245,3.4056091],[-76.5402024,3.4057447],[-76.540083,3.4061245],[-76.5397847,3.4070235],[-76.539768,3.4070741],[-76.539588,3.4076347],[-76.5393179,3.4084396],[-76.5390606,3.4092319],[-76.5390389,3.4092987],[-76.5387178,3.4102818],[-76.538373,3.4101849],[-76.537842,3.4100131],[-76.5374281,3.4098774],[-76.5369511,3.4097146],[-76.5364873,3.4095486],[-76.5364202,3.4095246],[-76.5354033,3.409199],[-76.5346474,3.4089458],[-76.53444,3.4088842],[-76.5342515,3.4088282],[-76.5334866,3.4085659],[-76.5331086,3.4084483],[-76.5325417,3.4082674],[-76.5319208,3.4080774],[-76.5316646,3.4079941],[-76.5316148,3.4079779],[-76.5309336,3.4077652],[-76.530427,3.4076071],[-76.5302974,3.4075757],[-76.530166,3.4075438],[-76.5292032,3.4072362],[-76.5285958,3.4070044],[-76.5284923,3.4069649],[-76.5277634,3.4067116],[-76.5270591,3.4064645],[-76.5270142,3.4064488],[-76.5269546,3.4064279],[-76.5269234,3.4064169],[-76.5268095,3.406377],[-76.5261346,3.4061599],[-76.5253517,3.4059157],[-76.5249917,3.405789],[-76.5245598,3.4057076],[-76.5242808,3.4056714],[-76.5225579,3.4055118],[-76.5225851,3.4053145],[-76.5225869,3.4053017]]]}},{"type":"Feature","properties":{"comuna":18,"nombre":"Comuna 18","shape_leng":12171.322,"shape_area":5589584.405},"geometry":{"type":"Polygon","coordinates":[[[-76.5490384,3.3705573],[-76.5490497,3.3705292],[-76.5490507,3.3704673],[-76.5490592,3.3704064],[-76.549064,3.3703607],[-76.549064,3.3703159],[-76.5490669,3.3702921],[-76.5490736,3.3702585],[-76.5490764,3.3702465],[-76.549077,3.3702436],[-76.5490799,3.370231],[-76.5490925,3.3702057],[-76.5491009,3.3701803],[-76.5491037,3.3701719],[-76.5491072,3.3701613],[-76.5491072,3.3701402],[-76.5491156,3.3701064],[-76.5491241,3.3700811],[-76.5491241,3.3700494],[-76.549124,3.3700029],[-76.5491114,3.3699649],[-76.5490925,3.369929],[-76.549082,3.3698994],[-76.5490526,3.3698382],[-76.5490274,3.3698129],[-76.5490168,3.3697929],[-76.5490106,3.3697812],[-76.5489938,3.369741],[-76.5489853,3.3696967],[-76.5489916,3.3696629],[-76.5489937,3.3696481],[-76.5490085,3.3696164],[-76.549019,3.3695911],[-76.5490358,3.3695573],[-76.5490505,3.3694982],[-76.5490631,3.3694433],[-76.5490904,3.3693862],[-76.5491156,3.3693503],[-76.5491303,3.3693271],[-76.5491555,3.3692975],[-76.5491766,3.3692722],[-76.5491976,3.3692405],[-76.5492312,3.3691962],[-76.5492585,3.3691624],[-76.5492963,3.36908],[-76.5493089,3.3690526],[-76.5493216,3.369004],[-76.5493405,3.3689449],[-76.5493531,3.3688984],[-76.5493741,3.3688435],[-76.5493888,3.3687801],[-76.549414,3.3687337],[-76.5494329,3.3686914],[-76.5494399,3.3686767],[-76.5494518,3.3686513],[-76.5494644,3.3686323],[-76.5494728,3.3686069],[-76.5494813,3.368571],[-76.5494855,3.3685478],[-76.5494897,3.3685056],[-76.5494918,3.3684718],[-76.5494981,3.3684507],[-76.5495044,3.3684169],[-76.5495107,3.3684],[-76.5495296,3.3683725],[-76.5495464,3.368343],[-76.5495779,3.3682923],[-76.549601,3.36825],[-76.5496178,3.3682289],[-76.5496473,3.3681719],[-76.5496641,3.3681444],[-76.5496788,3.3681064],[-76.5496935,3.368079],[-76.5496914,3.3680557],[-76.5496809,3.3680219],[-76.549662,3.3679903],[-76.5496641,3.3679649],[-76.5496704,3.3679459],[-76.5496914,3.3679248],[-76.5497355,3.3678783],[-76.5497481,3.3678614],[-76.5497712,3.3678424],[-76.5498091,3.3678213],[-76.5498574,3.3678002],[-76.5499099,3.3677854],[-76.549954,3.3677748],[-76.5500318,3.3677453],[-76.5500843,3.3677115],[-76.550118,3.3676798],[-76.5501516,3.3676502],[-76.5501747,3.3676228],[-76.5501887,3.3676078],[-76.550244,3.3675489],[-76.5502756,3.3675109],[-76.5503176,3.3674728],[-76.5503617,3.3674369],[-76.5503953,3.3674158],[-76.5504332,3.3673757],[-76.5504773,3.3673546],[-76.5505361,3.3672933],[-76.5505487,3.3672638],[-76.5505677,3.3672257],[-76.550574,3.3671962],[-76.5505782,3.3671772],[-76.5505824,3.367156],[-76.5506013,3.3671223],[-76.5506286,3.3670631],[-76.5506475,3.3670357],[-76.5506664,3.3670082],[-76.5506769,3.366966],[-76.5506853,3.3669449],[-76.5506874,3.366909],[-76.5506937,3.3668625],[-76.5507126,3.3668329],[-76.55074,3.3668055],[-76.550761,3.3667738],[-76.5507715,3.3667569],[-76.5507883,3.366721],[-76.5507925,3.3666745],[-76.5508135,3.3666344],[-76.5508324,3.36659],[-76.5508408,3.3665563],[-76.5508429,3.3665351],[-76.5508492,3.3665225],[-76.5508639,3.3664992],[-76.5508744,3.3664718],[-76.550887,3.3664317],[-76.550906,3.3664042],[-76.5509333,3.3663767],[-76.5509732,3.3663514],[-76.5509921,3.3663408],[-76.5510152,3.3663303],[-76.5510636,3.3663282],[-76.5511035,3.3663324],[-76.5511455,3.3663345],[-76.5511917,3.3663514],[-76.5512275,3.3663577],[-76.5512884,3.3663831],[-76.5513914,3.3664211],[-76.5514502,3.366457],[-76.5515028,3.3664802],[-76.5515679,3.3665119],[-76.5516045,3.3665373],[-76.5516289,3.3665541],[-76.5516835,3.3665942],[-76.551757,3.3666386],[-76.5518096,3.3666639],[-76.5518537,3.3666893],[-76.5518726,3.3667083],[-76.5519399,3.3667336],[-76.5520176,3.3667632],[-76.5521017,3.3667928],[-76.5521311,3.3668075],[-76.5521668,3.3668244],[-76.5521878,3.3668392],[-76.5522551,3.3668624],[-76.5523181,3.3668709],[-76.5523665,3.3668814],[-76.5524442,3.3668983],[-76.5524449,3.3668984],[-76.5525178,3.3669089],[-76.5525787,3.3669321],[-76.5526586,3.3669553],[-76.55267,3.3669613],[-76.5527153,3.3669849],[-76.5527468,3.3669912],[-76.5527826,3.3669912],[-76.5527883,3.3669912],[-76.5528372,3.3669912],[-76.5529128,3.3670102],[-76.5529591,3.3670345],[-76.5529612,3.3670356],[-76.553041,3.367063],[-76.5531209,3.367082],[-76.5531503,3.3671053],[-76.5532133,3.3671391],[-76.5532596,3.3671707],[-76.553289,3.3671919],[-76.5533562,3.3672299],[-76.5534088,3.3672594],[-76.5534382,3.3672679],[-76.553476,3.3672784],[-76.553516,3.3672784],[-76.5535601,3.3672763],[-76.5535916,3.36727],[-76.5536462,3.3672679],[-76.5536862,3.3672679],[-76.5537618,3.3672784],[-76.5538102,3.3672953],[-76.5538585,3.3673017],[-76.5539173,3.3673038],[-76.553972,3.3673038],[-76.5540224,3.3673249],[-76.5540728,3.3673713],[-76.5541086,3.3674009],[-76.5541464,3.3674241],[-76.5541779,3.3674516],[-76.5542178,3.3674685],[-76.5542977,3.3674959],[-76.5543292,3.3675234],[-76.5543502,3.3675424],[-76.5543776,3.367572],[-76.5544217,3.3676015],[-76.5544658,3.3676374],[-76.554491,3.3676712],[-76.55451,3.3677008],[-76.5545352,3.3677599],[-76.5545541,3.3678],[-76.5545877,3.3678507],[-76.5546171,3.367893],[-76.5546402,3.3679162],[-76.5546613,3.3679394],[-76.5546802,3.3679584],[-76.5547117,3.3679838],[-76.5547432,3.3680112],[-76.5547831,3.3680302],[-76.5547958,3.3680345],[-76.5548588,3.3680492],[-76.5548987,3.3680661],[-76.5549155,3.3680704],[-76.5549366,3.3680767],[-76.5549681,3.3680746],[-76.5550269,3.3680661],[-76.5550759,3.3680425],[-76.5550794,3.3680408],[-76.5551404,3.3680281],[-76.5551845,3.3680049],[-76.5552181,3.3679859],[-76.5552413,3.3679605],[-76.5552833,3.3679288],[-76.5553106,3.3679098],[-76.5553379,3.3678887],[-76.5553715,3.367857],[-76.5553989,3.3678148],[-76.555422,3.3677831],[-76.5554388,3.3677514],[-76.5554577,3.3677155],[-76.5554808,3.3676691],[-76.5554934,3.3676395],[-76.5555144,3.3676184],[-76.555546,3.3675909],[-76.5555859,3.3675614],[-76.5556237,3.3675339],[-76.5556615,3.3675212],[-76.555693,3.3675001],[-76.555733,3.3674853],[-76.5557792,3.367479],[-76.5558212,3.367479],[-76.5558591,3.367479],[-76.5558906,3.3674853],[-76.555941,3.3675001],[-76.5559978,3.3675233],[-76.5560335,3.3675444],[-76.5560671,3.3675571],[-76.556107,3.3675761],[-76.5561617,3.3675888],[-76.5562268,3.3675994],[-76.5562857,3.3675993],[-76.5563403,3.3676036],[-76.5563886,3.3676078],[-76.5564222,3.367612],[-76.5564732,3.367612],[-76.5564769,3.367612],[-76.5565189,3.3676099],[-76.5565967,3.3676036],[-76.5566492,3.3675951],[-76.5566702,3.3675951],[-76.5566941,3.3675884],[-76.556708,3.3675846],[-76.5567438,3.3675845],[-76.5567625,3.3675862],[-76.5567921,3.3675888],[-76.5568278,3.3675993],[-76.5568846,3.3676057],[-76.5569308,3.3675972],[-76.5569413,3.3675782],[-76.5569665,3.3675634],[-76.5570085,3.3675402],[-76.5570464,3.367536],[-76.5571115,3.3675212],[-76.5571872,3.3675148],[-76.5572418,3.3675127],[-76.5572901,3.3675106],[-76.5573406,3.3675296],[-76.5573742,3.3675402],[-76.5574162,3.3675338],[-76.5574414,3.3675],[-76.557473,3.3674789],[-76.5575125,3.367463],[-76.557515,3.367462],[-76.5575444,3.3674557],[-76.5575626,3.3674557],[-76.557578,3.3674557],[-76.5576159,3.367443],[-76.5576579,3.3674219],[-76.5577062,3.3674092],[-76.5577482,3.3674134],[-76.5577901,3.3674078],[-76.557826,3.3674029],[-76.5578722,3.3674029],[-76.5579542,3.3673965],[-76.5580424,3.3673987],[-76.5580824,3.3674177],[-76.5581286,3.3674303],[-76.5581769,3.3674493],[-76.5582442,3.3674852],[-76.558303,3.3675549],[-76.5583161,3.3675711],[-76.5583388,3.3675993],[-76.5583535,3.3676141],[-76.5583829,3.3676436],[-76.5584312,3.3676837],[-76.558448,3.367707],[-76.5584964,3.367745],[-76.5585342,3.3677788],[-76.5585741,3.3678105],[-76.5586246,3.3678464],[-76.5586624,3.3678632],[-76.5587149,3.367878],[-76.5587305,3.3678816],[-76.5588074,3.3678991],[-76.5588431,3.3679118],[-76.5588809,3.3679308],[-76.5589335,3.3679646],[-76.5589676,3.3679949],[-76.5589692,3.3679963],[-76.5589881,3.3680132],[-76.5590364,3.3680322],[-76.5590806,3.3680406],[-76.5591121,3.368047],[-76.559152,3.368066],[-76.5592088,3.3680976],[-76.5592613,3.3681737],[-76.5592802,3.3682096],[-76.5592865,3.3682497],[-76.5593012,3.3682772],[-76.5593138,3.3683257],[-76.5593033,3.3683468],[-76.5592844,3.3684208],[-76.5592592,3.3684567],[-76.5592382,3.3685179],[-76.5592193,3.3685728],[-76.5592067,3.3686383],[-76.5591815,3.3687101],[-76.5591668,3.3687481],[-76.5591521,3.3688115],[-76.5591521,3.3688854],[-76.5591416,3.3689361],[-76.5591374,3.3689741],[-76.5591353,3.3690269],[-76.5591332,3.3690776],[-76.5591269,3.3691261],[-76.5591332,3.3691684],[-76.5591437,3.3691937],[-76.5591626,3.3692191],[-76.5591747,3.3692337],[-76.5591836,3.3692444],[-76.5592025,3.3692697],[-76.5592151,3.3693035],[-76.5592214,3.3693247],[-76.5592214,3.3693606],[-76.5592193,3.3693905],[-76.5592172,3.3694197],[-76.5592067,3.3694514],[-76.5592109,3.3694978],[-76.5592099,3.3695237],[-76.5592088,3.3695506],[-76.5592088,3.3695781],[-76.5592088,3.3696203],[-76.5592193,3.3696985],[-76.5592277,3.3697322],[-76.5592404,3.3697703],[-76.5592698,3.3698062],[-76.5592761,3.3698188],[-76.5593223,3.3698547],[-76.5593791,3.3698927],[-76.5593938,3.3699096],[-76.5594442,3.3699434],[-76.5595114,3.3699624],[-76.5595304,3.3699751],[-76.5595745,3.3699814],[-76.5596123,3.3699814],[-76.5596246,3.3699814],[-76.5596438,3.3699814],[-76.5596691,3.3699835],[-76.5596816,3.3699909],[-76.5596943,3.3699983],[-76.5597321,3.3700068],[-76.5597573,3.3700237],[-76.5597867,3.3700342],[-76.5598078,3.37003],[-76.5598225,3.3700173],[-76.5598267,3.3700025],[-76.5598603,3.3699793],[-76.5598855,3.3699772],[-76.5599107,3.3699751],[-76.5599527,3.3699666],[-76.5599633,3.3699624],[-76.559978,3.3699582],[-76.559999,3.3699392],[-76.5600221,3.3699223],[-76.5600473,3.3699012],[-76.5600683,3.3698779],[-76.5600872,3.369861],[-76.5601103,3.3698272],[-76.5601335,3.3697977],[-76.5601503,3.3697723],[-76.5601692,3.3697407],[-76.5601776,3.3697069],[-76.5601818,3.3696794],[-76.5601944,3.3696625],[-76.5602091,3.3696097],[-76.5602112,3.3695696],[-76.5602112,3.3695379],[-76.5602154,3.3695126],[-76.5602322,3.3694999],[-76.560249,3.3694957],[-76.5602953,3.3694914],[-76.5603163,3.3694893],[-76.5603457,3.3694893],[-76.5603751,3.3694936],[-76.5604214,3.3695252],[-76.560455,3.3695485],[-76.5604823,3.3695696],[-76.5604991,3.3695907],[-76.5605001,3.3695919],[-76.5605432,3.3696414],[-76.5605601,3.3696688],[-76.5605916,3.3697132],[-76.5606231,3.3697829],[-76.560642,3.3698167],[-76.5606588,3.369861],[-76.5606735,3.3699011],[-76.5606925,3.3699392],[-76.560724,3.3699898],[-76.5607387,3.3700426],[-76.5607702,3.370087],[-76.560787,3.3701144],[-76.5607996,3.3701229],[-76.5608143,3.3701398],[-76.5608396,3.370163],[-76.5608543,3.3701883],[-76.5608711,3.3702137],[-76.56089,3.370239],[-76.5609068,3.370258],[-76.5609215,3.370277],[-76.5609362,3.3702918],[-76.5609509,3.3703003],[-76.5609678,3.3703129],[-76.5609888,3.3703277],[-76.5610098,3.3703467],[-76.561035,3.3703742],[-76.5610542,3.3703878],[-76.5610707,3.3703995],[-76.5611044,3.3704185],[-76.5611695,3.3704671],[-76.5612199,3.3705093],[-76.5612367,3.3705262],[-76.5612788,3.3705579],[-76.5613103,3.3705896],[-76.561346,3.3706086],[-76.5613818,3.3706255],[-76.5614816,3.3706751],[-76.5615096,3.370692],[-76.5615572,3.3707089],[-76.5616161,3.3707342],[-76.5616637,3.3707539],[-76.5617141,3.3708243],[-76.5617338,3.3708441],[-76.5617534,3.3708807],[-76.561759,3.3709173],[-76.5617702,3.3709651],[-76.5617646,3.3710693],[-76.561759,3.3711228],[-76.561722,3.3712648],[-76.5617174,3.3713089],[-76.5617174,3.371337],[-76.5617061,3.3713567],[-76.561686,3.3714737],[-76.5616833,3.3714927],[-76.5616716,3.3716013],[-76.5616662,3.3716863],[-76.5616676,3.3717382],[-76.5616734,3.3719404],[-76.561677,3.3719594],[-76.5616806,3.3719829],[-76.5616885,3.3720089],[-76.5617086,3.3720476],[-76.5617182,3.3720978],[-76.5617396,3.3721553],[-76.5617658,3.3722199],[-76.5617706,3.3722508],[-76.5617777,3.3722964],[-76.5618015,3.3723467],[-76.5618325,3.3724017],[-76.5618586,3.3724496],[-76.5618658,3.372495],[-76.561892,3.372562],[-76.5619015,3.3726027],[-76.5619063,3.3726362],[-76.561911,3.3726912],[-76.5619301,3.3727305],[-76.5619318,3.3727614],[-76.5619324,3.372773],[-76.5619325,3.3727735],[-76.5619372,3.3728381],[-76.5619396,3.3729291],[-76.5619301,3.3729673],[-76.5619063,3.3730367],[-76.5618872,3.3730846],[-76.5618468,3.3731468],[-76.5617944,3.3732162],[-76.5617301,3.3732569],[-76.5616983,3.3732952],[-76.5616944,3.3732999],[-76.5616587,3.3733502],[-76.5616158,3.37341],[-76.5615706,3.3734674],[-76.5615254,3.3735344],[-76.5614873,3.3735608],[-76.561442,3.373599],[-76.5614182,3.3736302],[-76.5613968,3.373666],[-76.5613825,3.3737043],[-76.5613548,3.3737554],[-76.5613314,3.3737852],[-76.5613269,3.3738174],[-76.561326,3.3738241],[-76.5613251,3.3738594],[-76.5613323,3.3739318],[-76.5613413,3.3740457],[-76.5613359,3.3740837],[-76.5613044,3.3741958],[-76.5612881,3.3742302],[-76.5612819,3.3742681],[-76.56128,3.3743061],[-76.5612816,3.3743396],[-76.5612836,3.374383],[-76.5613143,3.3744961],[-76.5613205,3.374534],[-76.5613278,3.3747638],[-76.5613349,3.3748026],[-76.5613349,3.3748406],[-76.5613319,3.3748618],[-76.5613263,3.3749005],[-76.5613188,3.3749527],[-76.5613169,3.3749925],[-76.5613196,3.3750703],[-76.5613368,3.3751834],[-76.5613618,3.3752816],[-76.5613745,3.3753317],[-76.5613799,3.3753697],[-76.5613808,3.3754085],[-76.5613871,3.3754465],[-76.5614042,3.3755225],[-76.5614006,3.3755604],[-76.5613964,3.3755724],[-76.5613871,3.3755994],[-76.561379,3.3756355],[-76.5613853,3.3756735],[-76.561402,3.3757257],[-76.561415,3.3757667],[-76.5614204,3.375782],[-76.5614366,3.37581],[-76.5614488,3.3758286],[-76.561285,3.375778],[-76.5611213,3.3757274],[-76.5608841,3.3756588],[-76.560855,3.3756504],[-76.5608304,3.3756433],[-76.5606446,3.3755896],[-76.5606423,3.3755889],[-76.5605887,3.3755734],[-76.5605876,3.3755765],[-76.5605323,3.3757348],[-76.5605048,3.3758136],[-76.5605014,3.375823],[-76.5605004,3.3758259],[-76.5604695,3.3759145],[-76.5604645,3.3759289],[-76.5604552,3.3759555],[-76.5604064,3.376095],[-76.5603808,3.3761684],[-76.5603785,3.3761751],[-76.560367,3.3762078],[-76.5603626,3.3762287],[-76.5603416,3.376328],[-76.5603298,3.3763837],[-76.5603247,3.3764081],[-76.5603089,3.3764826],[-76.5602912,3.376566],[-76.560274,3.3766474],[-76.5602626,3.3767013],[-76.5602441,3.3767887],[-76.5602223,3.3768919],[-76.5602065,3.3769666],[-76.5601943,3.377024],[-76.5601922,3.3770337],[-76.5601879,3.3770541],[-76.5601742,3.377119],[-76.5601718,3.3771302],[-76.5601615,3.3771789],[-76.5601544,3.3772124],[-76.5601507,3.3772298],[-76.560148,3.377243],[-76.5601463,3.3772507],[-76.5601408,3.3772766],[-76.5601398,3.3772816],[-76.5601256,3.3773485],[-76.560124,3.3773563],[-76.5601166,3.3773913],[-76.5601168,3.3773916],[-76.5601572,3.3774383],[-76.5605804,3.3779278],[-76.5607068,3.3779764],[-76.5607975,3.3780112],[-76.5610067,3.3780589],[-76.5611567,3.3781463],[-76.5612987,3.378321],[-76.5613815,3.3785987],[-76.5613943,3.3787065],[-76.5614194,3.3789172],[-76.5614444,3.3791264],[-76.5614363,3.3794478],[-76.5614357,3.3794506],[-76.5613967,3.3796382],[-76.5613374,3.3798326],[-76.5611557,3.3799753],[-76.5608833,3.379991],[-76.5607254,3.3800703],[-76.5605872,3.380102],[-76.5604609,3.3800424],[-76.5603859,3.3799352],[-76.5602636,3.3798241],[-76.5601057,3.3797288],[-76.5599084,3.3796652],[-76.5597114,3.379638],[-76.5596202,3.3796253],[-76.5596046,3.3796263],[-76.5595645,3.3796288],[-76.5595634,3.3796288],[-76.5596053,3.3797584],[-76.5596199,3.3798033],[-76.5596443,3.3798787],[-76.5596577,3.3799201],[-76.5596864,3.380009],[-76.5597009,3.3800536],[-76.5597279,3.3801371],[-76.5597364,3.3801634],[-76.559764,3.3802487],[-76.559777,3.380289],[-76.5597946,3.3803434],[-76.5598174,3.3804137],[-76.5598285,3.380448],[-76.5598467,3.3805044],[-76.5598606,3.3805471],[-76.5598782,3.3806018],[-76.5598938,3.3806498],[-76.5599085,3.3806953],[-76.5599273,3.3807533],[-76.5599287,3.3807577],[-76.559942,3.3807987],[-76.5599587,3.3808506],[-76.5599627,3.3808627],[-76.559978,3.3809102],[-76.5599973,3.3809698],[-76.560013,3.3810183],[-76.5600314,3.3810752],[-76.5600371,3.3810927],[-76.5600413,3.3811056],[-76.5600428,3.3811069],[-76.5600445,3.3811083],[-76.5600445,3.3811083],[-76.5601169,3.3811685],[-76.5601521,3.3811977],[-76.5604425,3.381439],[-76.5609404,3.3818528],[-76.5615912,3.3823936],[-76.5611218,3.3829541],[-76.5611733,3.3830104],[-76.5612947,3.3830797],[-76.5613995,3.3831419],[-76.5614895,3.3832627],[-76.5615156,3.3833676],[-76.5615317,3.3834743],[-76.5615317,3.3834839],[-76.5615317,3.383484],[-76.5615317,3.3834875],[-76.5615317,3.3834889],[-76.5615317,3.383489],[-76.5615317,3.3834924],[-76.5615317,3.3834979],[-76.5615317,3.383498],[-76.5615317,3.3835015],[-76.5615317,3.383507],[-76.5615317,3.3835071],[-76.5615317,3.3835105],[-76.5615317,3.383516],[-76.5615317,3.3835161],[-76.5615317,3.3835195],[-76.5615317,3.383526],[-76.5615317,3.3835261],[-76.5615317,3.3835295],[-76.5615327,3.3835385],[-76.5615327,3.3835386],[-76.5615327,3.383544],[-76.5615327,3.3835442],[-76.5615327,3.3835476],[-76.5615336,3.3835566],[-76.5615336,3.3835566],[-76.5615336,3.3835621],[-76.5615336,3.3835622],[-76.5615336,3.3835657],[-76.5615336,3.3835712],[-76.5615336,3.3835713],[-76.5615336,3.3835747],[-76.5615336,3.3835802],[-76.5615336,3.3835803],[-76.5615336,3.3835838],[-76.5615336,3.3835847],[-76.5615336,3.3835872],[-76.5615336,3.3835893],[-76.5615336,3.3835928],[-76.5615282,3.3835992],[-76.5615192,3.3835992],[-76.5615102,3.3835983],[-76.5615012,3.3835964],[-76.5614922,3.3835964],[-76.5614832,3.3835982],[-76.5614826,3.3835993],[-76.5614823,3.3835997],[-76.5614787,3.3836064],[-76.5614777,3.3836154],[-76.5614777,3.3836155],[-76.5614775,3.3836174],[-76.561477,3.3836226],[-76.5614769,3.383624],[-76.5614768,3.3836245],[-76.5614768,3.3836256],[-76.5614768,3.3836275],[-76.5614768,3.38363],[-76.5614768,3.3836301],[-76.5614768,3.3836316],[-76.5614768,3.3836335],[-76.5614768,3.3836341],[-76.5614763,3.3836394],[-76.561476,3.3836425],[-76.561476,3.3836428],[-76.561476,3.3836449],[-76.561476,3.383648],[-76.561476,3.3836481],[-76.561476,3.3836516],[-76.5614759,3.3836528],[-76.5614751,3.3836606],[-76.561475,3.3836609],[-76.5614748,3.3836621],[-76.5614732,3.3836697],[-76.5614713,3.3836755],[-76.5614706,3.3836778],[-76.5614692,3.3836823],[-76.5614683,3.3836853],[-76.5614678,3.3836868],[-76.5614652,3.383695],[-76.5614616,3.3837032],[-76.5614601,3.3837058],[-76.5614571,3.3837113],[-76.5614535,3.3837194],[-76.5614525,3.3837216],[-76.5614498,3.3837275],[-76.5614462,3.3837366],[-76.5614458,3.3837377],[-76.5614427,3.3837447],[-76.56144,3.3837529],[-76.56144,3.383753],[-76.5614372,3.3837619],[-76.5614337,3.3837701],[-76.561431,3.3837791],[-76.5614283,3.3837872],[-76.5614256,3.3837963],[-76.561422,3.3838044],[-76.5614213,3.3838067],[-76.5614193,3.3838135],[-76.5614166,3.3838216],[-76.5614147,3.3838278],[-76.5614138,3.3838306],[-76.5614112,3.3838388],[-76.5614085,3.3838479],[-76.5614058,3.383856],[-76.5614031,3.383865],[-76.5613995,3.3838732],[-76.5613968,3.3838822],[-76.561395,3.3838875],[-76.5613923,3.3838958],[-76.561388,3.3839044],[-76.5613635,3.3839536],[-76.5613594,3.3839618],[-76.561359,3.3839627],[-76.5613563,3.3839706],[-76.5613563,3.3839708],[-76.5613527,3.383979],[-76.56135,3.383988],[-76.5613482,3.3839962],[-76.5613473,3.3840003],[-76.5613463,3.3840052],[-76.5613446,3.3840142],[-76.5613437,3.3840233],[-76.5613428,3.3840323],[-76.5613428,3.3840378],[-76.5613428,3.3840379],[-76.5613428,3.3840414],[-76.5613428,3.3840469],[-76.5613428,3.384047],[-76.5613428,3.3840504],[-76.5613428,3.384051],[-76.5613428,3.3840559],[-76.5613428,3.384056],[-76.5613428,3.3840595],[-76.5613428,3.384065],[-76.5613428,3.3840651],[-76.5613428,3.3840685],[-76.5613428,3.384074],[-76.5613428,3.3840741],[-76.5613428,3.3840775],[-76.5613428,3.384083],[-76.5613428,3.3840831],[-76.5613428,3.3840866],[-76.5613428,3.3840921],[-76.5613428,3.3840922],[-76.5613428,3.3840956],[-76.5613428,3.3841011],[-76.5613428,3.3841012],[-76.5613428,3.3841047],[-76.5613428,3.3841068],[-76.5613428,3.3841102],[-76.5613428,3.3841137],[-76.561341,3.3841228],[-76.5613392,3.3841318],[-76.5613365,3.3841399],[-76.5613338,3.384149],[-76.561332,3.3841571],[-76.5613313,3.3841644],[-76.5613311,3.3841661],[-76.5613312,3.3841677],[-76.5613317,3.3841718],[-76.561332,3.3841752],[-76.5613338,3.3841842],[-76.5613347,3.3841933],[-76.5613365,3.3842023],[-76.5613382,3.3842114],[-76.5613401,3.3842204],[-76.5613418,3.3842285],[-76.5613428,3.3842334],[-76.5613437,3.3842376],[-76.5613455,3.3842466],[-76.5613472,3.3842557],[-76.5613491,3.3842647],[-76.5613505,3.3842715],[-76.5613508,3.3842729],[-76.5613527,3.3842819],[-76.5613545,3.384291],[-76.5613572,3.3842991],[-76.5613607,3.3843082],[-76.5613652,3.3843154],[-76.5613725,3.3843217],[-76.5613782,3.3843274],[-76.5613787,3.384328],[-76.561386,3.3843334],[-76.5613922,3.3843398],[-76.5613995,3.3843452],[-76.5614067,3.3843534],[-76.561413,3.3843588],[-76.5614176,3.3843614],[-76.5614211,3.3843633],[-76.5614291,3.3843669],[-76.5614372,3.3843705],[-76.5614462,3.3843732],[-76.5614543,3.3843769],[-76.5614625,3.3843814],[-76.5614706,3.384385],[-76.5614786,3.3843886],[-76.5614858,3.3843941],[-76.5614921,3.3844004],[-76.5614976,3.3844076],[-76.561503,3.3844148],[-76.5615075,3.3844221],[-76.5615086,3.3844236],[-76.5615128,3.3844293],[-76.5615182,3.3844375],[-76.5615227,3.3844447],[-76.5615272,3.3844529],[-76.5615326,3.3844601],[-76.5615371,3.3844673],[-76.5615425,3.3844745],[-76.5615453,3.3844777],[-76.5615488,3.3844818],[-76.561556,3.3844872],[-76.5615632,3.3844926],[-76.5615705,3.3844981],[-76.5615776,3.3845035],[-76.5615857,3.3845071],[-76.5615938,3.3845107],[-76.5616028,3.3845134],[-76.5616109,3.3845171],[-76.5616178,3.3845222],[-76.5616181,3.3845224],[-76.5616244,3.3845288],[-76.5616307,3.3845352],[-76.5616442,3.3845424],[-76.5616532,3.3845433],[-76.5616622,3.3845433],[-76.5616712,3.3845424],[-76.5616865,3.3845415],[-76.5616955,3.3845433],[-76.5617036,3.3845469],[-76.5617108,3.3845523],[-76.5617162,3.3845595],[-76.5617168,3.3845657],[-76.5617171,3.3845686],[-76.5617135,3.3845767],[-76.5617081,3.384584],[-76.5617,3.3845885],[-76.561691,3.3845885],[-76.5616829,3.3845876],[-76.5616739,3.3845867],[-76.5616649,3.3845867],[-76.5616559,3.3845885],[-76.5616469,3.3845903],[-76.5616379,3.3845921],[-76.5616289,3.384593],[-76.5616208,3.3845957],[-76.5616136,3.3846012],[-76.56161,3.3846093],[-76.5616073,3.3846183],[-76.5616028,3.3846264],[-76.5615956,3.384631],[-76.5615866,3.384631],[-76.5615776,3.3846337],[-76.5615704,3.3846392],[-76.5615641,3.3846455],[-76.5615616,3.3846512],[-76.5615605,3.3846536],[-76.5615659,3.3846599],[-76.561574,3.3846645],[-76.5615821,3.3846681],[-76.5615902,3.3846735],[-76.5615946,3.3846786],[-76.5615956,3.3846799],[-76.561592,3.384688],[-76.5615839,3.3846916],[-76.5615758,3.3846952],[-76.5615677,3.3846997],[-76.5615623,3.3847061],[-76.5615617,3.3847122],[-76.5615614,3.3847151],[-76.5615641,3.3847212],[-76.561565,3.3847232],[-76.5615605,3.3847304],[-76.5615533,3.384735],[-76.561547,3.3847413],[-76.5615443,3.3847504],[-76.5615425,3.3847594],[-76.5615416,3.3847685],[-76.5615389,3.3847766],[-76.5615353,3.3847856],[-76.5615326,3.3847937],[-76.561529,3.3848019],[-76.5615245,3.3848101],[-76.5615191,3.3848173],[-76.5615157,3.3848207],[-76.5615128,3.3848236],[-76.5615075,3.3848308],[-76.5615038,3.384839],[-76.561502,3.384848],[-76.5615002,3.384857],[-76.5614985,3.3848657],[-76.5614985,3.3848661],[-76.5614957,3.3848743],[-76.5614921,3.3848833],[-76.5614895,3.3848915],[-76.5614867,3.3848996],[-76.5614831,3.3849086],[-76.5614805,3.3849168],[-76.5614798,3.38492],[-76.5614786,3.3849258],[-76.5614777,3.3849348],[-76.5614768,3.3849439],[-76.561476,3.3849529],[-76.561475,3.384962],[-76.561475,3.3849675],[-76.561475,3.3849676],[-76.561475,3.384971],[-76.5614741,3.3849801],[-76.5614735,3.3849866],[-76.5614732,3.3849891],[-76.5614732,3.3849946],[-76.5614732,3.3849947],[-76.5614732,3.3849981],[-76.5614723,3.3850071],[-76.5614723,3.3850072],[-76.5614715,3.3850162],[-76.5614687,3.3850253],[-76.5614651,3.3850334],[-76.5614615,3.3850416],[-76.561457,3.3850497],[-76.5614525,3.3850569],[-76.561448,3.385065],[-76.5614444,3.38507],[-76.5614426,3.3850723],[-76.5614372,3.3850795],[-76.5614327,3.3850868],[-76.5614282,3.3850949],[-76.5614246,3.3851031],[-76.5614222,3.3851074],[-76.5614201,3.3851112],[-76.5614165,3.3851193],[-76.561412,3.3851275],[-76.5614066,3.3851347],[-76.5614012,3.3851419],[-76.5613958,3.3851492],[-76.5613913,3.3851564],[-76.5613886,3.3851654],[-76.561385,3.3851736],[-76.5613823,3.3851826],[-76.5613778,3.3851908],[-76.5613733,3.385198],[-76.561368,3.3852052],[-76.5613625,3.3852125],[-76.5613604,3.3852153],[-76.5613571,3.3852197],[-76.5613508,3.3852261],[-76.5613445,3.3852323],[-76.5613382,3.3852387],[-76.5613358,3.3852415],[-76.561332,3.3852459],[-76.5613266,3.3852532],[-76.5613221,3.3852604],[-76.5613176,3.3852685],[-76.561314,3.3852767],[-76.5613112,3.3852858],[-76.5613095,3.3852948],[-76.5613076,3.3853029],[-76.5613076,3.3853048],[-76.5613076,3.3853084],[-76.5613076,3.3853085],[-76.5613076,3.385312],[-76.5613076,3.3853175],[-76.5613076,3.3853176],[-76.5613076,3.385321],[-76.5613076,3.3853265],[-76.5613076,3.3853266],[-76.5613076,3.3853301],[-76.5613076,3.3853355],[-76.5613076,3.3853356],[-76.5613076,3.3853391],[-76.5613067,3.3853481],[-76.561304,3.3853572],[-76.5612996,3.3853653],[-76.5612951,3.3853725],[-76.5612896,3.3853798],[-76.5612842,3.385387],[-76.5612788,3.3853943],[-76.5612735,3.3854015],[-76.5612681,3.3854087],[-76.5612647,3.3854132],[-76.5612626,3.385416],[-76.5612572,3.3854232],[-76.5612518,3.3854305],[-76.5612456,3.3854377],[-76.5612401,3.3854449],[-76.5612347,3.3854512],[-76.5612285,3.3854584],[-76.5612221,3.3854648],[-76.5612167,3.385472],[-76.5612131,3.3854802],[-76.5612096,3.3854883],[-76.5612077,3.3854974],[-76.5612077,3.3855028],[-76.5612077,3.3855029],[-76.5612077,3.3855064],[-76.5612077,3.3855119],[-76.5612077,3.385512],[-76.5612077,3.3855154],[-76.5612077,3.38552],[-76.5612077,3.3855209],[-76.5612077,3.385521],[-76.5612077,3.3855245],[-76.5612077,3.38553],[-76.5612077,3.3855335],[-76.5612096,3.3855426],[-76.5612141,3.3855498],[-76.5612203,3.3855561],[-76.5612285,3.3855607],[-76.5612366,3.3855643],[-76.561242,3.3855654],[-76.5612456,3.3855661],[-76.5612546,3.3855679],[-76.5612626,3.3855697],[-76.5612716,3.3855724],[-76.5612797,3.385576],[-76.5612878,3.3855814],[-76.561295,3.3855869],[-76.5613022,3.3855923],[-76.5613081,3.3855973],[-76.5613085,3.3855978],[-76.5613157,3.3856031],[-76.561323,3.3856086],[-76.5613301,3.3856149],[-76.5613355,3.3856212],[-76.5613418,3.3856285],[-76.5613467,3.385635],[-76.5613472,3.3856357],[-76.5613517,3.3856438],[-76.5613547,3.3856506],[-76.5613553,3.385652],[-76.5613589,3.3856601],[-76.5613599,3.3856631],[-76.5613616,3.3856683],[-76.5613631,3.3856755],[-76.5613634,3.3856773],[-76.5613652,3.3856864],[-76.5613652,3.3856866],[-76.5613661,3.3856954],[-76.561367,3.3857044],[-76.561367,3.3857044],[-76.561367,3.3857066],[-76.561367,3.3857099],[-76.561367,3.38571],[-76.561367,3.3857135],[-76.5613679,3.3857225],[-76.5613708,3.385737],[-76.5613715,3.3857406],[-76.5613769,3.385747],[-76.561385,3.3857515],[-76.5613922,3.3857569],[-76.5613924,3.3857571],[-76.5613976,3.3857641],[-76.5614021,3.3857714],[-76.5614066,3.3857795],[-76.5614093,3.3857885],[-76.5614102,3.3857975],[-76.5614102,3.3857976],[-76.5614102,3.3858021],[-76.5614102,3.3858031],[-76.5614102,3.3858032],[-76.5614102,3.3858066],[-76.5614111,3.3858156],[-76.5614111,3.3858156],[-76.5614111,3.3858176],[-76.5614111,3.3858177],[-76.5614111,3.3858202],[-76.5614111,3.3858211],[-76.5614111,3.3858212],[-76.5614111,3.3858247],[-76.561412,3.3858347],[-76.5614363,3.3858799],[-76.5614388,3.3858956],[-76.561439,3.385897],[-76.5614387,3.3859002],[-76.5614387,3.3859003],[-76.5614372,3.3859134],[-76.5614354,3.3859224],[-76.5614347,3.3859297],[-76.5614345,3.3859314],[-76.561435,3.385936],[-76.5614354,3.3859405],[-76.5614372,3.3859486],[-76.561439,3.3859577],[-76.5614417,3.3859667],[-76.5614444,3.3859748],[-76.561448,3.3859839],[-76.5614507,3.385992],[-76.5614552,3.3860002],[-76.5614615,3.3860065],[-76.5614696,3.386011],[-76.5614777,3.3860155],[-76.5614835,3.3860181],[-76.5614858,3.3860191],[-76.5614939,3.386021],[-76.5615029,3.3860236],[-76.5615119,3.3860264],[-76.5615191,3.3860309],[-76.5615245,3.3860381],[-76.5615272,3.3860472],[-76.561529,3.3860562],[-76.5615308,3.3860653],[-76.5615311,3.3860663],[-76.5615335,3.3860734],[-76.5615371,3.3860824],[-76.5615398,3.3860906],[-76.5615443,3.3860988],[-76.5615506,3.386105],[-76.5615569,3.3861114],[-76.5615632,3.3861178],[-76.5615695,3.386124],[-76.5615757,3.3861313],[-76.5615802,3.3861385],[-76.5615847,3.3861467],[-76.5615902,3.3861539],[-76.5615947,3.3861621],[-76.5615992,3.3861693],[-76.5616046,3.3861774],[-76.5616082,3.3861847],[-76.5616082,3.3861902],[-76.5616082,3.3861903],[-76.5616082,3.3861937],[-76.5616082,3.3861977],[-76.5616082,3.3861992],[-76.5616082,3.3862028],[-76.5616109,3.3862118],[-76.5616145,3.3862199],[-76.561619,3.386228],[-76.5616244,3.3862353],[-76.5616265,3.3862381],[-76.5616297,3.3862425],[-76.5616342,3.3862507],[-76.561637,3.3862588],[-76.5616387,3.3862678],[-76.5616406,3.3862769],[-76.5616406,3.3862773],[-76.5616424,3.3862851],[-76.5616441,3.3862941],[-76.5616441,3.3862941],[-76.5616469,3.3863032],[-76.5616505,3.3863113],[-76.561655,3.3863194],[-76.5616569,3.3863224],[-76.5616595,3.3863266],[-76.5616657,3.3863339],[-76.5616721,3.3863402],[-76.5616747,3.3863422],[-76.5616792,3.3863456],[-76.5616856,3.386352],[-76.5616919,3.3863583],[-76.5616972,3.3863655],[-76.5617017,3.3863715],[-76.5617026,3.3863727],[-76.5617071,3.3863809],[-76.5617126,3.3863881],[-76.5617189,3.3863944],[-76.5617215,3.3863964],[-76.561726,3.3863999],[-76.5617341,3.3864044],[-76.5617414,3.3864089],[-76.5617485,3.3864144],[-76.5617508,3.3864177],[-76.561754,3.3864225],[-76.5617585,3.3864298],[-76.561763,3.386437],[-76.5617684,3.3864451],[-76.5617729,3.3864532],[-76.5617746,3.3864614],[-76.5617763,3.3864668],[-76.5617774,3.3864705],[-76.56178,3.3864786],[-76.5617819,3.3864876],[-76.5617845,3.3864967],[-76.5617851,3.3864984],[-76.5617872,3.3865048],[-76.56179,3.3865138],[-76.5617926,3.386522],[-76.5617927,3.3865223],[-76.5617954,3.386531],[-76.561798,3.3865391],[-76.5618001,3.3865444],[-76.5618016,3.3865482],[-76.5618044,3.3865564],[-76.561807,3.3865645],[-76.561812,3.3865699],[-76.5618169,3.3865753],[-76.5618259,3.3865753],[-76.5618331,3.3865798],[-76.5618394,3.3865862],[-76.5618439,3.3865943],[-76.5618447,3.3865982],[-76.5618452,3.386601],[-76.5618457,3.3866034],[-76.5618421,3.3866124],[-76.5618415,3.3866182],[-76.5618412,3.3866205],[-76.5618421,3.386625],[-76.561843,3.3866296],[-76.5618454,3.386635],[-76.5618466,3.3866378],[-76.5618511,3.3866459],[-76.5618547,3.386654],[-76.5618592,3.3866621],[-76.5618599,3.3866636],[-76.5618629,3.3866703],[-76.5618641,3.3866725],[-76.5618673,3.3866785],[-76.5618718,3.3866866],[-76.5618763,3.3866947],[-76.5618808,3.3867019],[-76.5618851,3.3867077],[-76.5618862,3.3867092],[-76.5618916,3.3867155],[-76.5619006,3.3867192],[-76.5619096,3.3867209],[-76.5619186,3.38672],[-76.5619267,3.3867164],[-76.561931,3.3867087],[-76.5619312,3.3867083],[-76.5619314,3.3867077],[-76.5619334,3.3867018],[-76.5619339,3.3867002],[-76.5619357,3.3866911],[-76.5619365,3.3866831],[-76.5619366,3.3866821],[-76.5619364,3.3866803],[-76.5619363,3.3866793],[-76.5619363,3.3866792],[-76.5619357,3.386673],[-76.5619357,3.3866696],[-76.5619357,3.3866695],[-76.5619357,3.3866649],[-76.5619357,3.386664],[-76.5619365,3.3866634],[-76.5619438,3.3866585],[-76.561951,3.3866612],[-76.5619546,3.3866694],[-76.5619572,3.3866741],[-76.5619591,3.3866775],[-76.5619663,3.386683],[-76.5619744,3.3866875],[-76.5619825,3.3866884],[-76.5619915,3.3866875],[-76.5620005,3.3866848],[-76.5620075,3.3866808],[-76.5620086,3.3866802],[-76.5620167,3.3866757],[-76.562023,3.3866703],[-76.5620284,3.3866631],[-76.5620324,3.3866558],[-76.5620329,3.3866549],[-76.5620365,3.3866468],[-76.5620386,3.386643],[-76.562041,3.3866386],[-76.5620473,3.3866323],[-76.5620563,3.3866305],[-76.5620626,3.3866359],[-76.5620653,3.386645],[-76.562066,3.3866522],[-76.5620662,3.386654],[-76.5620661,3.3866547],[-76.5620661,3.3866549],[-76.5620653,3.3866631],[-76.5620646,3.3866703],[-76.5620644,3.3866721],[-76.5620653,3.3866811],[-76.562068,3.3866893],[-76.5620743,3.3866966],[-76.5620833,3.3866983],[-76.5620914,3.3866938],[-76.5620977,3.3866875],[-76.562104,3.3866812],[-76.562113,3.3866802],[-76.562122,3.3866802],[-76.562131,3.3866821],[-76.5621391,3.3866866],[-76.5621472,3.3866911],[-76.5621553,3.3866929],[-76.5621643,3.386692],[-76.5621724,3.3866884],[-76.5621796,3.3866821],[-76.562185,3.3866748],[-76.5621895,3.3866676],[-76.562194,3.3866595],[-76.562197,3.386654],[-76.5621985,3.3866513],[-76.5622066,3.3866477],[-76.5622156,3.3866477],[-76.5622246,3.3866477],[-76.5622336,3.386645],[-76.5622392,3.3866414],[-76.5622408,3.3866405],[-76.5622451,3.3866346],[-76.5622461,3.3866333],[-76.5622516,3.386626],[-76.5622561,3.3866179],[-76.5622606,3.3866106],[-76.5622639,3.3866046],[-76.5622651,3.3866024],[-76.5622696,3.3865943],[-76.5622711,3.3865866],[-76.5622714,3.3865853],[-76.5622723,3.3865762],[-76.5622741,3.3865681],[-76.5622776,3.3865591],[-76.5622813,3.3865542],[-76.5622831,3.3865519],[-76.5622903,3.3865473],[-76.5622981,3.3865473],[-76.5622993,3.3865473],[-76.5622997,3.3865482],[-76.5623003,3.3865496],[-76.5623004,3.3865498],[-76.5623022,3.3865539],[-76.5623029,3.3865555],[-76.5623001,3.3865636],[-76.5622993,3.3865726],[-76.5622993,3.3865781],[-76.5622993,3.3865817],[-76.5623008,3.3865895],[-76.5623008,3.3865895],[-76.5623011,3.3865907],[-76.5623001,3.3865998],[-76.5622984,3.3866088],[-76.5622956,3.3866169],[-76.5622921,3.386626],[-76.5622894,3.3866341],[-76.5622866,3.3866431],[-76.5622861,3.3866492],[-76.5622858,3.3866522],[-76.5622903,3.3866604],[-76.5622975,3.3866658],[-76.5623055,3.3866612],[-76.5623119,3.3866549],[-76.5623164,3.3866477],[-76.5623209,3.3866395],[-76.5623254,3.3866314],[-76.562329,3.3866233],[-76.5623353,3.386616],[-76.5623425,3.3866115],[-76.5623507,3.38661],[-76.5623524,3.3866097],[-76.5623605,3.3866124],[-76.5623676,3.3866179],[-76.5623749,3.3866233],[-76.5623839,3.3866242],[-76.562392,3.3866197],[-76.5623983,3.3866133],[-76.5624073,3.3866106],[-76.5624163,3.3866115],[-76.5624234,3.386616],[-76.5624298,3.3866224],[-76.5624334,3.3866305],[-76.5624351,3.3866395],[-76.5624396,3.3866477],[-76.5624469,3.3866531],[-76.5624531,3.3866595],[-76.5624568,3.3866676],[-76.5624576,3.3866766],[-76.5624585,3.3866857],[-76.5624594,3.3866947],[-76.5624621,3.3867038],[-76.5624658,3.3867119],[-76.5624684,3.3867209],[-76.562472,3.3867291],[-76.5624748,3.3867373],[-76.5624784,3.3867463],[-76.562481,3.3867544],[-76.5624855,3.3867626],[-76.5624883,3.3867707],[-76.56249,3.3867797],[-76.5624918,3.3867888],[-76.5624963,3.386796],[-76.5625035,3.3868023],[-76.5625108,3.3868078],[-76.5625161,3.386815],[-76.5625215,3.3868223],[-76.562526,3.3868304],[-76.5625305,3.3868385],[-76.5625333,3.3868466],[-76.562535,3.3868557],[-76.5625357,3.3868629],[-76.5625357,3.386863],[-76.5625359,3.3868647],[-76.562535,3.3868738],[-76.5625341,3.3868828],[-76.5625333,3.3868918],[-76.5625333,3.3868973],[-76.5625333,3.3869009],[-76.562535,3.3869099],[-76.5625378,3.3869181],[-76.5625431,3.3869253],[-76.5625485,3.3869325],[-76.5625548,3.3869389],[-76.5625611,3.3869461],[-76.5625665,3.3869534],[-76.5625719,3.3869606],[-76.5625773,3.3869679],[-76.5625818,3.3869751],[-76.5625881,3.3869823],[-76.5625935,3.3869896],[-76.5625998,3.3869958],[-76.562607,3.3870022],[-76.5626133,3.3870076],[-76.5626205,3.3870131],[-76.5626277,3.3870185],[-76.5626349,3.3870239],[-76.562643,3.3870293],[-76.5626502,3.3870339],[-76.5626592,3.3870365],[-76.5626682,3.3870357],[-76.5626739,3.3870406],[-76.5626745,3.3870411],[-76.5626727,3.3870501],[-76.5626682,3.3870574],[-76.5626619,3.3870637],[-76.5626538,3.3870682],[-76.5626484,3.3870755],[-76.5626448,3.3870836],[-76.5626448,3.3870891],[-76.5626448,3.3870926],[-76.5626484,3.3871017],[-76.562652,3.3871098],[-76.5626556,3.3871179],[-76.5626601,3.3871252],[-76.5626646,3.3871333],[-76.5626691,3.3871415],[-76.5626745,3.3871487],[-76.562679,3.3871569],[-76.5626835,3.3871641],[-76.5626871,3.3871722],[-76.5626898,3.3871812],[-76.5626916,3.3871903],[-76.5626925,3.3871993],[-76.5626925,3.3871993],[-76.5626925,3.3872025],[-76.5626925,3.3872048],[-76.5626925,3.3872049],[-76.5626925,3.3872084],[-76.5626916,3.3872174],[-76.5626916,3.3872184],[-76.5626916,3.3872191],[-76.5626916,3.3872201],[-76.5626916,3.3872229],[-76.5626916,3.387223],[-76.5626916,3.3872265],[-76.5626925,3.3872355],[-76.5626934,3.3872437],[-76.562697,3.3872527],[-76.5627006,3.3872609],[-76.562706,3.3872681],[-76.5627132,3.3872735],[-76.5627204,3.3872799],[-76.5627267,3.3872852],[-76.562733,3.3872916],[-76.5627363,3.3872976],[-76.5627375,3.3872997],[-76.5627321,3.3873061],[-76.5627231,3.387307],[-76.562715,3.3873052],[-76.562706,3.3873016],[-76.5626979,3.387297],[-76.5626907,3.3872925],[-76.5626826,3.387288],[-76.5626754,3.3872826],[-76.56267,3.3872753],[-76.5626664,3.3872672],[-76.5626646,3.3872581],[-76.562661,3.38725],[-76.5626547,3.3872445],[-76.5626457,3.3872455],[-76.5626367,3.3872482],[-76.5626295,3.3872536],[-76.5626205,3.3872573],[-76.5626115,3.3872573],[-76.5626034,3.3872545],[-76.5625953,3.38725],[-76.5625881,3.3872445],[-76.56258,3.38724],[-76.5625728,3.3872355],[-76.5625647,3.3872301],[-76.5625575,3.3872247],[-76.5625503,3.3872202],[-76.5625431,3.3872147],[-76.5625359,3.3872093],[-76.5625287,3.3872038],[-76.5625206,3.3872002],[-76.5625116,3.3871976],[-76.5625026,3.3871948],[-76.5624945,3.387193],[-76.5624855,3.3871912],[-76.5624765,3.3871894],[-76.5624675,3.3871894],[-76.5624585,3.3871894],[-76.5624495,3.3871921],[-76.5624414,3.3871948],[-76.5624324,3.3871976],[-76.5624234,3.3871993],[-76.5624153,3.3872012],[-76.5624063,3.3872012],[-76.5623973,3.3871993],[-76.5623893,3.3871957],[-76.5623803,3.3871921],[-76.5623721,3.3871885],[-76.562364,3.3871849],[-76.5623559,3.3871812],[-76.5623479,3.3871776],[-76.5623398,3.3871731],[-76.5623316,3.3871695],[-76.5623235,3.387165],[-76.5623154,3.3871614],[-76.5623074,3.3871569],[-76.5622993,3.3871533],[-76.5622911,3.3871496],[-76.562283,3.387146],[-76.562275,3.3871424],[-76.562266,3.3871388],[-76.5622579,3.387136],[-76.5622498,3.3871333],[-76.5622408,3.3871297],[-76.5622326,3.3871252],[-76.5622264,3.3871198],[-76.5622228,3.3871107],[-76.5622174,3.3871044],[-76.5622093,3.3870998],[-76.5622003,3.3870981],[-76.5621913,3.3870953],[-76.5621831,3.3870935],[-76.5621741,3.3870908],[-76.5621651,3.387089],[-76.5621571,3.3870863],[-76.5621481,3.3870845],[-76.5621391,3.3870817],[-76.562131,3.3870791],[-76.562122,3.3870772],[-76.562113,3.3870745],[-76.5620545,3.3870664],[-76.5620392,3.3870682],[-76.5620302,3.38707],[-76.5620212,3.3870719],[-76.5620131,3.3870736],[-76.5620041,3.3870736],[-76.5619951,3.3870727],[-76.5619861,3.3870709],[-76.5619771,3.3870691],[-76.5619681,3.3870673],[-76.5619618,3.3870719],[-76.5619573,3.38708],[-76.5619528,3.3870881],[-76.5619483,3.3870953],[-76.5619393,3.3870962],[-76.5619303,3.3870945],[-76.5619213,3.3870917],[-76.5619123,3.3870899],[-76.5619042,3.3870872],[-76.5618952,3.3870845],[-76.5618862,3.3870827],[-76.5618781,3.3870809],[-76.5618691,3.3870791],[-76.5618601,3.3870781],[-76.5618511,3.3870764],[-76.5618421,3.3870745],[-76.5618331,3.3870727],[-76.561825,3.3870709],[-76.561816,3.3870691],[-76.561807,3.3870664],[-76.561798,3.3870655],[-76.561789,3.3870646],[-76.56178,3.3870636],[-76.561771,3.3870636],[-76.561762,3.3870636],[-76.561753,3.3870646],[-76.561744,3.3870655],[-76.561735,3.3870673],[-76.5617269,3.3870691],[-76.5617179,3.3870709],[-76.5617089,3.3870736],[-76.5617009,3.3870764],[-76.5616919,3.387079],[-76.5616837,3.3870827],[-76.5616756,3.3870872],[-76.5616685,3.3870917],[-76.5616612,3.3870971],[-76.561654,3.3871026],[-76.5616469,3.3871089],[-76.5616405,3.3871152],[-76.5616342,3.3871216],[-76.561628,3.3871279],[-76.5616216,3.3871342],[-76.5616171,3.3871424],[-76.5616117,3.3871496],[-76.561609,3.3871578],[-76.5616064,3.3871668],[-76.5616027,3.3871767],[-76.5616,3.3871849],[-76.5615991,3.3871939],[-76.5615974,3.387203],[-76.5615965,3.387212],[-76.5615955,3.3872211],[-76.5615955,3.3872245],[-76.5615955,3.3872253],[-76.5615955,3.3872265],[-76.5615955,3.3872266],[-76.5615955,3.3872301],[-76.5615965,3.3872391],[-76.5615982,3.3872482],[-76.5616019,3.3872635],[-76.5616145,3.3872925],[-76.5616279,3.3873268],[-76.5616279,3.3873368],[-76.5616279,3.3873369],[-76.5616279,3.3873404],[-76.5616279,3.3873459],[-76.5616279,3.387346],[-76.5616279,3.3873494],[-76.5616279,3.3873549],[-76.5616279,3.387355],[-76.5616279,3.3873585],[-76.5616289,3.3873675],[-76.5616315,3.3873756],[-76.5616351,3.3873838],[-76.5616396,3.387392],[-76.5616432,3.3874001],[-76.5616477,3.3874082],[-76.5616531,3.3874155],[-76.5616612,3.38742],[-76.5616702,3.38742],[-76.5616792,3.3874182],[-76.5616882,3.3874191],[-76.5616964,3.3874218],[-76.5617044,3.3874263],[-76.5617107,3.3874317],[-76.5617179,3.3874381],[-76.5617242,3.3874444],[-76.5617296,3.3874517],[-76.5617359,3.387458],[-76.5617413,3.3874652],[-76.5617467,3.3874724],[-76.5617521,3.3874796],[-76.5617575,3.3874869],[-76.5617638,3.3874941],[-76.5617692,3.3875005],[-76.5617755,3.3875068],[-76.5617818,3.3875141],[-76.5617872,3.3875213],[-76.5617926,3.3875285],[-76.5617971,3.3875357],[-76.5618025,3.3875439],[-76.561807,3.3875511],[-76.5618124,3.3875584],[-76.5618169,3.3875665],[-76.5618223,3.3875738],[-76.5618277,3.387581],[-76.5618331,3.3875882],[-76.5618394,3.3875945],[-76.5618439,3.3876027],[-76.5618484,3.3876099],[-76.5618529,3.3876181],[-76.5618574,3.3876262],[-76.5618619,3.3876343],[-76.5618664,3.3876416],[-76.5618709,3.3876497],[-76.5618754,3.3876578],[-76.5618799,3.387665],[-76.5618844,3.3876732],[-76.561888,3.3876814],[-76.5618925,3.3876886],[-76.5618961,3.3876976],[-76.5618988,3.3877057],[-76.5619024,3.3877148],[-76.5619087,3.3877202],[-76.5619177,3.3877211],[-76.5619267,3.3877202],[-76.5619357,3.3877185],[-76.5619438,3.3877148],[-76.561951,3.3877085],[-76.5619573,3.3877021],[-76.5619636,3.3876958],[-76.561969,3.3876886],[-76.5619744,3.3876814],[-76.5619798,3.3876741],[-76.5619851,3.3876669],[-76.5619906,3.3876605],[-76.5619978,3.3876542],[-76.562005,3.3876488],[-76.5620121,3.3876434],[-76.5620203,3.3876388],[-76.5620275,3.3876334],[-76.5620329,3.3876271],[-76.5620383,3.387619],[-76.5620436,3.3876117],[-76.5620481,3.3876045],[-76.5620536,3.3875972],[-76.562059,3.38759],[-76.5620644,3.3875828],[-76.5620698,3.3875755],[-76.5620761,3.3875683],[-76.5620815,3.387562],[-76.5620878,3.3875557],[-76.562095,3.3875502],[-76.562104,3.3875466],[-76.562113,3.3875457],[-76.562121,3.3875475],[-76.56213,3.3875502],[-76.5621381,3.3875529],[-76.5621471,3.3875557],[-76.5621561,3.3875574],[-76.5621651,3.3875593],[-76.5621733,3.387561],[-76.5621823,3.387562],[-76.5621913,3.387562],[-76.5622003,3.3875602],[-76.5622093,3.3875574],[-76.5622174,3.3875529],[-76.5622245,3.3875484],[-76.5622326,3.3875448],[-76.5622408,3.3875403],[-76.5622489,3.3875358],[-76.5622569,3.3875322],[-76.562265,3.3875276],[-76.5622731,3.387524],[-76.5622813,3.3875222],[-76.5622903,3.3875204],[-76.5622993,3.3875204],[-76.5623083,3.3875204],[-76.5623173,3.3875213],[-76.5623263,3.3875231],[-76.5623353,3.3875258],[-76.5623433,3.3875286],[-76.5623523,3.3875312],[-76.5623604,3.3875339],[-76.5623694,3.3875367],[-76.5623803,3.3875403],[-76.5623838,3.3875475],[-76.5624378,3.387571],[-76.5624459,3.3875755],[-76.5624531,3.3875801],[-76.5624612,3.3875837],[-76.5624693,3.3875882],[-76.5624774,3.3875919],[-76.5624855,3.3875964],[-76.5624936,3.3876],[-76.5625017,3.3876045],[-76.5625089,3.387609],[-76.562517,3.3876145],[-76.5625242,3.387619],[-76.5625314,3.3876244],[-76.5625386,3.3876298],[-76.5625458,3.3876352],[-76.562553,3.3876416],[-76.5625593,3.387647],[-76.5625665,3.3876533],[-76.5625728,3.3876597],[-76.5625791,3.387666],[-76.5625845,3.3876733],[-76.5625899,3.3876805],[-76.5625944,3.3876886],[-76.562598,3.3876967],[-76.5626007,3.3877058],[-76.5626007,3.3877112],[-76.5626007,3.3877113],[-76.5626007,3.3877148],[-76.5626007,3.3877203],[-76.5626007,3.3877204],[-76.5626007,3.3877238],[-76.5626007,3.3877293],[-76.5626007,3.3877294],[-76.5626007,3.3877329],[-76.5626016,3.3877419],[-76.5626043,3.3877501],[-76.5626088,3.3877582],[-76.5626142,3.3877655],[-76.5626196,3.3877718],[-76.5626259,3.387779],[-76.5626322,3.3877854],[-76.5626394,3.3877908],[-76.5626457,3.3877971],[-76.5626529,3.3878025],[-76.5626592,3.3878089],[-76.5626664,3.3878143],[-76.5626736,3.3878206],[-76.5626799,3.3878261],[-76.562687,3.3878324],[-76.5626952,3.3878369],[-76.5627033,3.3878406],[-76.5627114,3.3878442],[-76.5627195,3.3878487],[-76.5627275,3.3878523],[-76.5627357,3.3878559],[-76.5627438,3.3878604],[-76.5627519,3.3878649],[-76.56276,3.3878685],[-76.562768,3.3878722],[-76.5627762,3.3878758],[-76.5627843,3.3878794],[-76.5627924,3.387883],[-76.5628014,3.3878866],[-76.5628094,3.3878894],[-76.5628175,3.3878939],[-76.5628248,3.3878993],[-76.5628319,3.3879047],[-76.56284,3.3879075],[-76.562849,3.3879066],[-76.562858,3.3879047],[-76.5628662,3.387902],[-76.5628752,3.387902],[-76.5628842,3.387902],[-76.5628932,3.387902],[-76.5629022,3.387902],[-76.5629112,3.3879039],[-76.5629193,3.3879066],[-76.5629255,3.3879138],[-76.5629309,3.387921],[-76.5629373,3.3879273],[-76.5629453,3.3879328],[-76.5629525,3.3879373],[-76.5629588,3.3879436],[-76.5629652,3.3879499],[-76.5629723,3.3879563],[-76.5629795,3.3879599],[-76.5629885,3.3879635],[-76.5629967,3.3879672],[-76.5630047,3.3879699],[-76.5630119,3.3879753],[-76.5630147,3.3879834],[-76.5630147,3.3879889],[-76.5630147,3.387989],[-76.5630147,3.3879925],[-76.5630147,3.3879936],[-76.5630147,3.387998],[-76.5630147,3.3880015],[-76.5630128,3.3880106],[-76.5630121,3.3880178],[-76.5630121,3.3880179],[-76.5630119,3.3880196],[-76.5630128,3.3880286],[-76.5630155,3.3880377],[-76.5630229,3.38805],[-76.5630237,3.3880513],[-76.5630235,3.3880527],[-76.5630286,3.3880619],[-76.5630314,3.3880672],[-76.5630345,3.3880719],[-76.5630376,3.3880773],[-76.5630411,3.3880832],[-76.5630452,3.3880891],[-76.5630488,3.3880942],[-76.5630549,3.388103],[-76.5630603,3.3881125],[-76.5630649,3.3881194],[-76.5630708,3.3881277],[-76.5630736,3.388132],[-76.5630798,3.3881402],[-76.5630853,3.388148],[-76.5630908,3.3881559],[-76.5630957,3.3881639],[-76.5630991,3.3881702],[-76.5631032,3.3881774],[-76.5631065,3.3881854],[-76.5631107,3.3881933],[-76.5631143,3.3882008],[-76.563118,3.3882077],[-76.5631222,3.3882148],[-76.5631262,3.3882216],[-76.5631296,3.388228],[-76.5631307,3.38823],[-76.5631326,3.3882336],[-76.5631352,3.3882386],[-76.5631379,3.3882439],[-76.5631409,3.3882499],[-76.5631438,3.3882561],[-76.5631472,3.3882629],[-76.563151,3.38827],[-76.5631555,3.3882773],[-76.5631572,3.3882836],[-76.563157,3.3882853],[-76.5631595,3.3882932],[-76.5631621,3.3883018],[-76.5631644,3.3883093],[-76.5631664,3.3883164],[-76.5631687,3.3883242],[-76.5631714,3.388332],[-76.5631744,3.3883399],[-76.5631771,3.3883472],[-76.5631796,3.388354],[-76.5631823,3.3883605],[-76.5631857,3.3883669],[-76.5631889,3.3883731],[-76.5631923,3.3883796],[-76.5631956,3.3883863],[-76.5631992,3.3883934],[-76.5632024,3.3883996],[-76.5632052,3.388406],[-76.5632083,3.3884119],[-76.5632111,3.3884173],[-76.5632161,3.388428],[-76.5632211,3.3884372],[-76.5632263,3.3884452],[-76.5632313,3.3884524],[-76.5632365,3.3884591],[-76.5632427,3.3884651],[-76.5632489,3.3884697],[-76.563256,3.3884748],[-76.5632644,3.3884796],[-76.5632722,3.3884843],[-76.563281,3.3884885],[-76.5632905,3.3884924],[-76.5632991,3.3884958],[-76.5633076,3.3884989],[-76.563316,3.388502],[-76.5633207,3.3885036],[-76.563327,3.3885053],[-76.5633359,3.3885084],[-76.563349,3.3885153],[-76.563355,3.3885209],[-76.5633604,3.3885272],[-76.5633646,3.3885335],[-76.5633673,3.3885385],[-76.5633699,3.388545],[-76.5633725,3.3885515],[-76.5633742,3.3885571],[-76.5633759,3.3885626],[-76.5633774,3.3885682],[-76.5633794,3.3885747],[-76.5633814,3.3885814],[-76.5633827,3.388585],[-76.5633868,3.3885954],[-76.563398,3.3886132],[-76.5634065,3.3886233],[-76.5634146,3.3886327],[-76.5634237,3.3886405],[-76.5634337,3.3886502],[-76.5634424,3.3886591],[-76.5634504,3.3886661],[-76.5634585,3.3886726],[-76.5634649,3.3886788],[-76.5634698,3.3886835],[-76.5634746,3.388688],[-76.5634805,3.3886934],[-76.5634868,3.3886993],[-76.5634929,3.3887049],[-76.5634992,3.3887109],[-76.5635055,3.3887172],[-76.5635125,3.3887242],[-76.5635194,3.3887311],[-76.563525,3.3887378],[-76.5635288,3.388745],[-76.5635324,3.3887528],[-76.5635352,3.3887624],[-76.5635358,3.3887689],[-76.5635361,3.3887712],[-76.5635349,3.3887774],[-76.5635293,3.388787],[-76.5635253,3.3887903],[-76.5635197,3.3887949],[-76.5635138,3.3887985],[-76.5635071,3.3888024],[-76.5635009,3.3888051],[-76.5634952,3.3888079],[-76.5634895,3.3888105],[-76.5634829,3.3888139],[-76.5634754,3.388819],[-76.5634669,3.3888249],[-76.5634604,3.3888291],[-76.5634539,3.3888336],[-76.5634459,3.3888392],[-76.5634369,3.3888464],[-76.5634289,3.388853],[-76.5634215,3.3888592],[-76.5634149,3.388865],[-76.5634085,3.388871],[-76.5634026,3.3888768],[-76.5633964,3.3888828],[-76.5633906,3.3888881],[-76.5633853,3.3888934],[-76.5633801,3.3888987],[-76.5633754,3.388904],[-76.5633707,3.3889085],[-76.5633666,3.3889132],[-76.5633621,3.3889178],[-76.5633563,3.3889232],[-76.5633491,3.388929],[-76.5633418,3.3889351],[-76.5633343,3.3889411],[-76.5633266,3.3889467],[-76.5633191,3.3889527],[-76.5633113,3.3889594],[-76.5633028,3.3889666],[-76.5632952,3.3889739],[-76.5632873,3.3889811],[-76.5632807,3.3889882],[-76.563275,3.3889956],[-76.5632698,3.3890029],[-76.5632629,3.3890136],[-76.5632582,3.3890215],[-76.5632553,3.3890253],[-76.5632483,3.3890335],[-76.5632408,3.3890397],[-76.5632347,3.3890436],[-76.5632279,3.3890458],[-76.5632198,3.389047],[-76.5632136,3.3890476],[-76.5632078,3.3890467],[-76.5632019,3.3890445],[-76.5631912,3.3890395],[-76.5631836,3.389033],[-76.5631773,3.3890277],[-76.563171,3.3890204],[-76.5631653,3.3890154],[-76.5631545,3.3890069],[-76.5631504,3.3890036],[-76.5631303,3.3889892],[-76.5631248,3.3889858],[-76.563114,3.3889786],[-76.5631092,3.3889755],[-76.5630998,3.3889697],[-76.5630679,3.3889574],[-76.5630612,3.3889554],[-76.5630546,3.3889533],[-76.5630477,3.3889516],[-76.5630411,3.3889498],[-76.5630309,3.3889481],[-76.5630192,3.3889466],[-76.5630092,3.3889461],[-76.5630046,3.3889464],[-76.5629988,3.3889464],[-76.5629924,3.3889464],[-76.5629838,3.3889467],[-76.5629743,3.3889473],[-76.5629654,3.3889478],[-76.5629553,3.3889486],[-76.5629464,3.3889497],[-76.5629377,3.3889512],[-76.5629301,3.3889526],[-76.5629232,3.3889538],[-76.5629173,3.3889554],[-76.5629113,3.3889569],[-76.5629057,3.3889588],[-76.5628986,3.3889608],[-76.5628914,3.3889634],[-76.5628833,3.3889665],[-76.5628747,3.3889704],[-76.5628665,3.3889737],[-76.5628588,3.3889769],[-76.5628512,3.38898],[-76.5628441,3.3889833],[-76.5628375,3.3889864],[-76.5628306,3.38899],[-76.5628243,3.3889942],[-76.5628174,3.388999],[-76.5628101,3.3890036],[-76.5628027,3.3890086],[-76.5627946,3.3890135],[-76.5627867,3.3890186],[-76.5627783,3.3890245],[-76.56277,3.3890299],[-76.5627646,3.3890332],[-76.5627552,3.3890394],[-76.5627466,3.3890448],[-76.5627369,3.389051],[-76.5627278,3.3890564],[-76.5627194,3.3890621],[-76.5627108,3.3890678],[-76.5627024,3.3890734],[-76.5626943,3.3890788],[-76.5626869,3.3890832],[-76.56268,3.3890871],[-76.5626732,3.3890914],[-76.562667,3.389096],[-76.5626612,3.3891002],[-76.5626552,3.3891045],[-76.5626483,3.3891095],[-76.5626401,3.3891153],[-76.5626325,3.3891205],[-76.5626239,3.3891256],[-76.5626158,3.3891313],[-76.5626081,3.389136],[-76.5626005,3.3891411],[-76.5625944,3.3891452],[-76.5625868,3.3891514],[-76.5625804,3.3891578],[-76.5625741,3.3891639],[-76.56257,3.3891681],[-76.5625681,3.3891701],[-76.5625635,3.3891768],[-76.5625584,3.3891868],[-76.5625557,3.3891968],[-76.5625539,3.3892017],[-76.5625521,3.389207],[-76.5625494,3.3892132],[-76.5625463,3.3892206],[-76.5625433,3.3892278],[-76.5625408,3.3892342],[-76.5625375,3.3892434],[-76.5625347,3.3892496],[-76.5625304,3.3892578],[-76.5625271,3.3892637],[-76.5625231,3.3892711],[-76.5625191,3.389278],[-76.5625148,3.3892859],[-76.5625107,3.3892914],[-76.5625066,3.3892983],[-76.5625028,3.3893029],[-76.562499,3.3893078],[-76.562494,3.3893132],[-76.5624884,3.3893191],[-76.5624828,3.3893252],[-76.5624769,3.3893314],[-76.5624691,3.3893381],[-76.5624602,3.3893437],[-76.5624523,3.3893464],[-76.5624462,3.3893482],[-76.5624401,3.38935],[-76.5624312,3.3893531],[-76.5624218,3.3893565],[-76.5624119,3.3893608],[-76.562405,3.3893646],[-76.5623981,3.3893685],[-76.562393,3.3893719],[-76.5623886,3.3893748],[-76.5623847,3.3893778],[-76.5623809,3.3893811],[-76.5623479,3.3894063],[-76.5623425,3.3894106],[-76.5623391,3.3894134],[-76.5623295,3.3894213],[-76.56232,3.3894292],[-76.5623114,3.3894373],[-76.5623036,3.3894441],[-76.5622972,3.3894501],[-76.5622901,3.3894559],[-76.5622869,3.3894603],[-76.5622837,3.3894648],[-76.5622818,3.3894675],[-76.5622797,3.3894706],[-76.5622772,3.3894735],[-76.5622739,3.3894772],[-76.562271,3.3894798],[-76.5622648,3.3894857],[-76.5622602,3.3894902],[-76.5622533,3.3894962],[-76.5622455,3.3895026],[-76.5622368,3.3895098],[-76.5622286,3.3895163],[-76.5622209,3.389524],[-76.5622083,3.3895369],[-76.5622021,3.3895432],[-76.5621969,3.3895487],[-76.5621916,3.3895531],[-76.5621867,3.3895572],[-76.5621819,3.3895615],[-76.5621758,3.389568],[-76.5621695,3.3895754],[-76.5621637,3.3895828],[-76.5621584,3.38959],[-76.562153,3.3895972],[-76.5621488,3.3896049],[-76.5621462,3.3896126],[-76.5621447,3.3896203],[-76.5621443,3.389627],[-76.5621443,3.3896282],[-76.5621445,3.3896377],[-76.562145,3.3896458],[-76.5621451,3.3896526],[-76.5621451,3.3896527],[-76.5621451,3.389653],[-76.5621451,3.3896571],[-76.5621451,3.3896572],[-76.5621451,3.3896607],[-76.5621454,3.3896709],[-76.5621459,3.3896791],[-76.5621498,3.3896873],[-76.5621529,3.3896916],[-76.5621603,3.3896998],[-76.5621646,3.3897038],[-76.5621695,3.3897082],[-76.5621741,3.3897128],[-76.5621789,3.3897176],[-76.5621838,3.3897225],[-76.5621887,3.3897266],[-76.5621945,3.3897317],[-76.5621997,3.3897363],[-76.5622058,3.3897419],[-76.5622117,3.3897472],[-76.5622178,3.3897526],[-76.5622242,3.3897584],[-76.5622297,3.3897635],[-76.5622354,3.3897686],[-76.5622405,3.3897732],[-76.5622456,3.3897772],[-76.5622507,3.3897813],[-76.5622561,3.3897854],[-76.5622622,3.3897907],[-76.5622681,3.3897964],[-76.5622745,3.389802],[-76.5622801,3.3898071],[-76.5622883,3.389816],[-76.5622924,3.3898208],[-76.5622967,3.3898252],[-76.562301,3.3898295],[-76.5623062,3.3898341],[-76.5623105,3.3898382],[-76.5623149,3.3898425],[-76.5623233,3.3898494],[-76.5623307,3.3898527],[-76.5623368,3.3898548],[-76.5623434,3.3898572],[-76.5623486,3.3898593],[-76.5623549,3.3898623],[-76.5623621,3.3898654],[-76.5623667,3.3898676],[-76.562368,3.3898682],[-76.5623766,3.389872],[-76.5623843,3.3898755],[-76.5623919,3.3898789],[-76.5623973,3.3898814],[-76.5624026,3.3898839],[-76.5624128,3.3898885],[-76.5624225,3.3898931],[-76.5624317,3.3898981],[-76.5624376,3.3899017],[-76.5624424,3.3899058],[-76.5624478,3.3899104],[-76.5624519,3.3899142],[-76.5624603,3.3899221],[-76.5624659,3.3899267],[-76.5624695,3.3899313],[-76.5624738,3.3899366],[-76.5624807,3.3899422],[-76.5624876,3.3899463],[-76.562492,3.3899508],[-76.562494,3.3899578],[-76.5624971,3.3899662],[-76.5624994,3.3899723],[-76.5625017,3.3899788],[-76.5625043,3.3899861],[-76.5625072,3.3899935],[-76.5625098,3.3900004],[-76.5625128,3.3900068],[-76.5625151,3.3900127],[-76.5625177,3.3900194],[-76.5625221,3.3900296],[-76.5625247,3.3900368],[-76.5625272,3.3900436],[-76.56253,3.3900498],[-76.5625349,3.3900587],[-76.562537,3.3900651],[-76.5625385,3.3900717],[-76.5625408,3.3900801],[-76.5625431,3.3900886],[-76.562546,3.3900945],[-76.5625498,3.3901001],[-76.5625555,3.3901057],[-76.5625611,3.3901095],[-76.5625682,3.390111],[-76.5625756,3.390111],[-76.5625855,3.39011],[-76.5625929,3.3901081],[-76.5625985,3.3901073],[-76.5626054,3.3901083],[-76.5626127,3.3901114],[-76.5626184,3.3901155],[-76.5626232,3.3901195],[-76.5626265,3.3901242],[-76.5626296,3.3901261],[-76.5626347,3.3901295],[-76.5626421,3.3901348],[-76.5626493,3.3901401],[-76.5626569,3.3901466],[-76.5626643,3.3901526],[-76.562671,3.3901588],[-76.5626769,3.3901687],[-76.5626769,3.3901703],[-76.5626769,3.3901704],[-76.5626769,3.3901738],[-76.5626771,3.3901795],[-76.5626782,3.3901861],[-76.5626797,3.3901935],[-76.5626821,3.3902015],[-76.5626849,3.3902084],[-76.5626872,3.3902142],[-76.5626911,3.3902242],[-76.5626958,3.3902296],[-76.5627041,3.3902372],[-76.5627144,3.3902445],[-76.5627257,3.3902502],[-76.5627318,3.3902537],[-76.5627349,3.3902573],[-76.5627358,3.3902595],[-76.5627366,3.3902614],[-76.5627352,3.3902644],[-76.5627312,3.3902671],[-76.5627289,3.3902715],[-76.5627281,3.3902746],[-76.5627277,3.3902765],[-76.5627296,3.3902837],[-76.562733,3.3902898],[-76.5627389,3.3902982],[-76.562742,3.3903033],[-76.5627429,3.3903131],[-76.5627429,3.3903134],[-76.5627429,3.3903205],[-76.5627406,3.3903248],[-76.5627376,3.3903302],[-76.5627343,3.3903356],[-76.5627307,3.390342],[-76.5627272,3.3903479],[-76.5627234,3.3903531],[-76.5627158,3.390361],[-76.5627066,3.3903636],[-76.562701,3.3903636],[-76.5626944,3.3903637],[-76.5626863,3.3903637],[-76.5626771,3.3903635],[-76.5626705,3.3903629],[-76.5626679,3.3903628],[-76.5626575,3.3903623],[-76.562648,3.3903613],[-76.5626407,3.3903608],[-76.5626328,3.3903604],[-76.5626292,3.3903603],[-76.5626201,3.3903606],[-76.5626116,3.3903614],[-76.5626035,3.3903622],[-76.5625971,3.3903635],[-76.5625949,3.390364],[-76.5625913,3.3903648],[-76.5625841,3.3903661],[-76.562577,3.3903677],[-76.5625689,3.3903685],[-76.5625638,3.3903685],[-76.5625557,3.390368],[-76.56255,3.3903668],[-76.5625431,3.3903652],[-76.5625358,3.3903632],[-76.5625276,3.3903609],[-76.5625197,3.3903589],[-76.5625126,3.3903569],[-76.5624998,3.3903541],[-76.5624907,3.3903541],[-76.5624856,3.3903557],[-76.5624782,3.3903583],[-76.5624678,3.3903622],[-76.5624624,3.3903642],[-76.5624525,3.3903684],[-76.5624477,3.3903707],[-76.5624421,3.3903738],[-76.562436,3.3903779],[-76.5624294,3.3903833],[-76.5624218,3.3903892],[-76.5624147,3.3903959],[-76.5624068,3.3904031],[-76.5623992,3.3904108],[-76.5623928,3.3904175],[-76.5623878,3.3904232],[-76.5623827,3.3904295],[-76.5623776,3.3904347],[-76.5623731,3.3904398],[-76.562368,3.390445],[-76.5623622,3.3904501],[-76.5623556,3.3904552],[-76.562349,3.3904599],[-76.5623401,3.3904658],[-76.5623327,3.3904696],[-76.5623241,3.3904727],[-76.5623167,3.3904761],[-76.5623111,3.3904795],[-76.5623032,3.3904836],[-76.5622981,3.3904862],[-76.5622928,3.3904887],[-76.5622874,3.3904913],[-76.5622819,3.3904942],[-76.5622763,3.3904967],[-76.5622651,3.3905024],[-76.5622583,3.3905068],[-76.5622488,3.3905125],[-76.5622413,3.3905176],[-76.5622339,3.3905225],[-76.5622278,3.3905266],[-76.5622227,3.39053],[-76.5622178,3.3905335],[-76.5622125,3.3905377],[-76.5622072,3.3905421],[-76.5622016,3.3905466],[-76.5621953,3.3905515],[-76.5621884,3.3905579],[-76.5621813,3.3905647],[-76.5621775,3.3905688],[-76.5621704,3.3905757],[-76.5621636,3.3905837],[-76.5621565,3.3905911],[-76.5621496,3.3905991],[-76.562142,3.390609],[-76.5621344,3.3906183],[-76.5621265,3.3906275],[-76.5621189,3.3906378],[-76.5621144,3.3906437],[-76.562111,3.3906491],[-76.5621073,3.3906545],[-76.562102,3.3906629],[-76.5620979,3.3906711],[-76.5620949,3.3906785],[-76.5620934,3.390685],[-76.5620916,3.3906952],[-76.5620902,3.3907009],[-76.5620878,3.390707],[-76.5620848,3.3907132],[-76.5620813,3.390719],[-76.5620734,3.390727],[-76.5620694,3.3907301],[-76.5620643,3.3907337],[-76.562059,3.3907386],[-76.5620521,3.3907445],[-76.5620447,3.3907504],[-76.5620379,3.3907558],[-76.5620298,3.390762],[-76.5620206,3.3907681],[-76.5620117,3.3907741],[-76.5620024,3.3907789],[-76.5619929,3.3907831],[-76.5619843,3.3907862],[-76.5619749,3.3907893],[-76.5619652,3.3907919],[-76.561956,3.3907937],[-76.5619448,3.390796],[-76.5619339,3.3907979],[-76.5619222,3.3907992],[-76.5619107,3.3908003],[-76.5619008,3.3908013],[-76.5618906,3.3908019],[-76.5618827,3.3908022],[-76.5618715,3.3908025],[-76.5618644,3.3908027],[-76.5618596,3.3908028],[-76.5618522,3.3908033],[-76.5618435,3.3908041],[-76.5618343,3.3908054],[-76.5618267,3.3908073],[-76.561817,3.3908106],[-76.5618123,3.3908135],[-76.5618069,3.3908177],[-76.5618016,3.3908186],[-76.5617955,3.3908184],[-76.5617884,3.3908179],[-76.5617812,3.3908167],[-76.5617758,3.3908149],[-76.5617685,3.3908108],[-76.5617643,3.3908062],[-76.561761,3.3908013],[-76.5617562,3.390795],[-76.5617528,3.3907912],[-76.561749,3.3907873],[-76.5617446,3.3907832],[-76.5617396,3.3907797],[-76.5617355,3.3907774],[-76.5617268,3.3907754],[-76.5617199,3.3907754],[-76.5617156,3.3907754],[-76.5617105,3.3907755],[-76.5617044,3.3907755],[-76.5616965,3.3907755],[-76.561687,3.3907755],[-76.5616771,3.3907755],[-76.5616662,3.3907756],[-76.5616563,3.3907762],[-76.5616533,3.3907766],[-76.5616471,3.3907774],[-76.5616226,3.3907773],[-76.5615921,3.3907772],[-76.5615878,3.3907767],[-76.5615822,3.3907765],[-76.561576,3.3907765],[-76.5615697,3.3907765],[-76.5615625,3.3907765],[-76.5615484,3.3907772],[-76.561535,3.3907786],[-76.5615287,3.3907808],[-76.561522,3.3907842],[-76.5615169,3.3907875],[-76.5615121,3.3907915],[-76.5615078,3.3907948],[-76.5615036,3.3907984],[-76.5614995,3.3908018],[-76.5614969,3.3908058],[-76.5614943,3.3908102],[-76.5614933,3.3908147],[-76.5614932,3.3908151],[-76.5614934,3.3908199],[-76.5614948,3.3908255],[-76.561497,3.3908306],[-76.5615005,3.3908352],[-76.5615008,3.3908369],[-76.5615012,3.39084],[-76.5614981,3.3908436],[-76.5614934,3.3908463],[-76.5614889,3.3908504],[-76.5614844,3.3908558],[-76.5614822,3.3908599],[-76.5614799,3.3908653],[-76.5614785,3.3908704],[-76.5614775,3.3908756],[-76.5614766,3.3908824],[-76.561476,3.3908869],[-76.5614756,3.3908915],[-76.5614749,3.3908993],[-76.5614742,3.3909043],[-76.5614729,3.3909115],[-76.5614711,3.3909184],[-76.5614694,3.3909268],[-76.5614671,3.3909347],[-76.5614665,3.3909384],[-76.5614652,3.3909457],[-76.5614629,3.3909545],[-76.5614604,3.3909642],[-76.5614576,3.3909744],[-76.5614566,3.3909772],[-76.5614543,3.3909832],[-76.5614505,3.3909911],[-76.5614465,3.3909991],[-76.5614422,3.3910049],[-76.5614387,3.3910114],[-76.5614379,3.3910126],[-76.5614354,3.3910167],[-76.5614318,3.3910232],[-76.5614298,3.3910296],[-76.5614288,3.3910362],[-76.5614288,3.3910403],[-76.5614288,3.3910404],[-76.5614288,3.3910439],[-76.5614304,3.3910536],[-76.561434,3.3910631],[-76.5614389,3.3910689],[-76.5614425,3.3910759],[-76.5614427,3.3910764],[-76.5614422,3.3910832],[-76.5614377,3.3910899],[-76.5614349,3.391095],[-76.5614316,3.3911012],[-76.561428,3.3911087],[-76.5614245,3.3911181],[-76.561421,3.3911284],[-76.561418,3.3911376],[-76.5614157,3.3911471],[-76.5614152,3.3911537],[-76.5614152,3.3911538],[-76.561415,3.3911561],[-76.5614155,3.3911594],[-76.5614158,3.3911639],[-76.5614158,3.391164],[-76.5614158,3.3911668],[-76.5614158,3.3911669],[-76.5614158,3.3911703],[-76.5614156,3.3911771],[-76.5614156,3.3911775],[-76.5614157,3.3911898],[-76.5614157,3.3911899],[-76.5614157,3.3911905],[-76.5614157,3.3912019],[-76.5614157,3.391202],[-76.5614157,3.3912054],[-76.561415,3.3912203],[-76.561414,3.3912315],[-76.5614128,3.3912459],[-76.5614116,3.3912604],[-76.5614106,3.3912738],[-76.5614101,3.3912835],[-76.5614091,3.3912955],[-76.5614089,3.3913068],[-76.5614087,3.3913147],[-76.5614087,3.3913155],[-76.5614088,3.391323],[-76.5614088,3.391324],[-76.5614088,3.3913244],[-76.5614088,3.391328],[-76.5614088,3.3913281],[-76.5614088,3.3913316],[-76.5614093,3.3913421],[-76.5614106,3.391347],[-76.5614112,3.3913497],[-76.5614119,3.3913546],[-76.5614124,3.3913607],[-76.5614127,3.3913684],[-76.5614128,3.391377],[-76.5614128,3.3913774],[-76.5614128,3.3913825],[-76.5614128,3.3913826],[-76.5614128,3.3913861],[-76.5614128,3.3913939],[-76.5614128,3.3913943],[-76.5614128,3.3913959],[-76.5614128,3.3913979],[-76.5614128,3.391398],[-76.5614128,3.3914014],[-76.5614134,3.3914109],[-76.5614157,3.3914152],[-76.5614187,3.3914219],[-76.5614221,3.3914293],[-76.5614257,3.3914365],[-76.5614277,3.3914428],[-76.5614291,3.3914495],[-76.5614296,3.3914548],[-76.5614299,3.3914615],[-76.5614299,3.3914672],[-76.5614299,3.3914673],[-76.5614299,3.39147],[-76.5614297,3.3914794],[-76.5614292,3.3914884],[-76.561428,3.3914971],[-76.5614276,3.3914982],[-76.561426,3.3915035],[-76.5614229,3.3915083],[-76.5614166,3.3915148],[-76.5614118,3.3915207],[-76.5614108,3.3915276],[-76.5614108,3.3915294],[-76.5614108,3.3915295],[-76.5614108,3.391533],[-76.5614108,3.3915356],[-76.5614108,3.3915357],[-76.5614108,3.3915391],[-76.5614109,3.3915463],[-76.5614112,3.3915537],[-76.5614114,3.3915614],[-76.5614122,3.3915685],[-76.5614125,3.3915739],[-76.5614127,3.3915802],[-76.5614128,3.3915816],[-76.5614126,3.3915911],[-76.5614102,3.3915969],[-76.5614095,3.3915993],[-76.5614064,3.3916046],[-76.5614022,3.3916106],[-76.5613981,3.3916175],[-76.5613946,3.3916257],[-76.5613923,3.3916339],[-76.5613888,3.3916421],[-76.5613842,3.3916498],[-76.5613838,3.3916507],[-76.5613809,3.3916564],[-76.5613797,3.3916608],[-76.5613782,3.3916657],[-76.5613764,3.3916703],[-76.5613736,3.3916764],[-76.5613716,3.3916805],[-76.5613683,3.3916869],[-76.5613645,3.3916939],[-76.5613577,3.3917026],[-76.5613521,3.3917095],[-76.5613501,3.3917154],[-76.5613473,3.3917211],[-76.5613453,3.3917244],[-76.5613425,3.3917293],[-76.5613405,3.3917341],[-76.5613382,3.3917395],[-76.5613354,3.3917456],[-76.5613324,3.3917554],[-76.5613324,3.391756],[-76.5613324,3.3917574],[-76.5613324,3.3917575],[-76.5613324,3.391761],[-76.5613333,3.3917663],[-76.5613336,3.3917701],[-76.5613337,3.3917723],[-76.5613328,3.3917797],[-76.5613305,3.3917858],[-76.5613275,3.3917917],[-76.5613237,3.3917974],[-76.5613199,3.3918025],[-76.5613166,3.3918066],[-76.5613115,3.3918143],[-76.5613092,3.3918184],[-76.561307,3.3918225],[-76.5613047,3.3918277],[-76.5613032,3.3918333],[-76.5613017,3.3918384],[-76.5613012,3.3918402],[-76.5612992,3.3918479],[-76.5612976,3.3918525],[-76.5612944,3.3918581],[-76.561294,3.3918601],[-76.5612939,3.391861],[-76.5612944,3.3918699],[-76.5612957,3.391875],[-76.5612998,3.3918842],[-76.5613036,3.3918903],[-76.5613074,3.3918957],[-76.5613124,3.3919008],[-76.5613171,3.3919057],[-76.5613202,3.3919097],[-76.5613228,3.3919146],[-76.5613247,3.3919245],[-76.5613252,3.3919307],[-76.5613257,3.3919373],[-76.5613273,3.3919438],[-76.5613304,3.3919504],[-76.5613342,3.3919555],[-76.5613385,3.3919585],[-76.5613426,3.3919609],[-76.5613472,3.3919631],[-76.5613546,3.391969],[-76.5613592,3.3919741],[-76.5613633,3.391981],[-76.5613636,3.3919818],[-76.5613659,3.3919883],[-76.5613663,3.3919942],[-76.5613664,3.3919958],[-76.5613659,3.3920037],[-76.5613647,3.3920107],[-76.5613634,3.3920168],[-76.5613627,3.3920194],[-76.5613609,3.392026],[-76.5613584,3.3920337],[-76.5613574,3.3920375],[-76.5613564,3.3920429],[-76.5613559,3.3920489],[-76.5613559,3.3920493],[-76.561356,3.3920562],[-76.561356,3.3920588],[-76.5613562,3.3920624],[-76.5613575,3.392069],[-76.561359,3.3920746],[-76.5613614,3.392079],[-76.5613657,3.3920872],[-76.5613666,3.3920904],[-76.5613668,3.392091],[-76.5613663,3.3921007],[-76.5613607,3.3921132],[-76.5613583,3.3921236],[-76.5613579,3.3921336],[-76.5613579,3.3921336],[-76.5613578,3.3921361],[-76.5613586,3.3921455],[-76.5613611,3.3921522],[-76.5613632,3.3921578],[-76.561366,3.3921631],[-76.5613688,3.392169],[-76.5613701,3.3921744],[-76.5613703,3.3921772],[-76.5613703,3.3921773],[-76.5613704,3.39218],[-76.5613697,3.3921859],[-76.5613684,3.3921915],[-76.5613671,3.3921969],[-76.5613656,3.3922033],[-76.5613651,3.3922074],[-76.5613649,3.3922092],[-76.5613657,3.3922156],[-76.5613678,3.392222],[-76.5613703,3.3922274],[-76.5613734,3.3922332],[-76.5613757,3.3922384],[-76.561378,3.3922437],[-76.5613801,3.3922493],[-76.5613822,3.3922567],[-76.5613842,3.3922654],[-76.5613862,3.3922736],[-76.5613881,3.3922825],[-76.5613894,3.3922905],[-76.5613905,3.3922994],[-76.5613912,3.3923063],[-76.5613923,3.3923133],[-76.5613931,3.3923196],[-76.5613941,3.3923263],[-76.5613949,3.392333],[-76.5613957,3.3923393],[-76.5613965,3.392347],[-76.5613968,3.3923542],[-76.5613973,3.3923614],[-76.5613981,3.3923698],[-76.5613986,3.3923769],[-76.5613989,3.3923807],[-76.5613989,3.3923808],[-76.5613989,3.3923828],[-76.5613989,3.3923829],[-76.5613989,3.3923864],[-76.5613987,3.3923923],[-76.5613982,3.3923995],[-76.5613972,3.3924077],[-76.5613962,3.3924161],[-76.5613952,3.3924236],[-76.5613937,3.3924299],[-76.56139,3.3924394],[-76.5613886,3.3924438],[-76.5613884,3.3924443],[-76.5613887,3.3924499],[-76.5613896,3.3924523],[-76.5613913,3.3924573],[-76.5613933,3.3924616],[-76.5613977,3.3924691],[-76.5614015,3.3924739],[-76.5614038,3.392477],[-76.5614064,3.3924808],[-76.5614097,3.3924852],[-76.5614136,3.3924898],[-76.5614182,3.3924953],[-76.5614422,3.3925165],[-76.5614483,3.3925191],[-76.5614546,3.3925218],[-76.5614605,3.3925254],[-76.5614669,3.3925305],[-76.5614718,3.3925353],[-76.5614766,3.3925407],[-76.5614807,3.3925468],[-76.5614848,3.3925521],[-76.5614892,3.3925586],[-76.5614946,3.3925652],[-76.561501,3.3925729],[-76.5615055,3.3925784],[-76.5615112,3.3925853],[-76.5615176,3.392592],[-76.5615229,3.3925986],[-76.5615278,3.3926047],[-76.5615316,3.3926101],[-76.5615403,3.39262],[-76.5615441,3.3926229],[-76.5615467,3.3926249],[-76.5615647,3.3926398],[-76.5615646,3.3943016],[-76.5615646,3.3946789],[-76.5615646,3.3946817],[-76.5615646,3.3948512],[-76.5615646,3.394898],[-76.5615646,3.3948999],[-76.5615646,3.3949176],[-76.5613907,3.3949663],[-76.5613296,3.3949834],[-76.5612463,3.3950068],[-76.5612168,3.3950151],[-76.5612165,3.3950151],[-76.5612122,3.3950164],[-76.5611686,3.3950647],[-76.561153,3.395082],[-76.5611244,3.3951137],[-76.5609943,3.3952581],[-76.5607778,3.3953909],[-76.5607124,3.3953838],[-76.5606708,3.3954101],[-76.5606502,3.3954138],[-76.5606064,3.3954125],[-76.5605677,3.3953889],[-76.5604683,3.3953057],[-76.5604483,3.3952722],[-76.560409,3.395232],[-76.5603667,3.3952056],[-76.5603166,3.3951843],[-76.5602634,3.3951781],[-76.5602222,3.3951765],[-76.5601757,3.3951893],[-76.5601531,3.3952058],[-76.5601342,3.3952383],[-76.5601093,3.3953082],[-76.5600553,3.3953959],[-76.5599956,3.3954652],[-76.5599528,3.3955002],[-76.559902,3.395525],[-76.5598103,3.3955577],[-76.5597587,3.3955582],[-76.559722,3.3955463],[-76.5596957,3.395526],[-76.5596465,3.3954979],[-76.5595915,3.3954843],[-76.5595165,3.3954578],[-76.5594719,3.3954366],[-76.5594289,3.3954381],[-76.5594089,3.3954543],[-76.5593786,3.3954951],[-76.5593593,3.3954985],[-76.5592913,3.3954829],[-76.5590586,3.3954531],[-76.5589788,3.3954467],[-76.5589205,3.3954399],[-76.5588817,3.3954284],[-76.5588409,3.3954094],[-76.558746,3.3953626],[-76.5586643,3.3953049],[-76.5585892,3.395234],[-76.5585163,3.3951492],[-76.5584538,3.3950577],[-76.5584052,3.3949986],[-76.5583825,3.3949771],[-76.5583642,3.3949599],[-76.5583423,3.3949392],[-76.5583285,3.3949261],[-76.5583188,3.3949188],[-76.5583094,3.3949111],[-76.5583002,3.3949038],[-76.5582902,3.3948967],[-76.5582805,3.3948898],[-76.5582703,3.3948835],[-76.5582591,3.3948769],[-76.5582478,3.39487],[-76.5582366,3.3948634],[-76.5582241,3.3948568],[-76.5582121,3.3948505],[-76.5582002,3.3948442],[-76.5581954,3.3948418],[-76.5581884,3.3948383],[-76.5581769,3.3948328],[-76.5581652,3.3948264],[-76.5581535,3.3948201],[-76.5581407,3.3948125],[-76.5581375,3.3948103],[-76.5581303,3.3948054],[-76.5581198,3.3947985],[-76.5581096,3.3947917],[-76.5580991,3.3947853],[-76.5580897,3.3947795],[-76.5580808,3.3947747],[-76.5580734,3.3947714],[-76.5580667,3.3947689],[-76.5580599,3.3947669],[-76.5580535,3.3947648],[-76.5580469,3.3947631],[-76.5580408,3.3947616],[-76.5580398,3.3947613],[-76.5580314,3.3947584],[-76.5580314,3.3947546],[-76.55798,3.3947213],[-76.557905,3.3946875],[-76.55788,3.3946965],[-76.5578588,3.3947044],[-76.557856,3.3947054],[-76.5578021,3.3947255],[-76.5577833,3.3947346],[-76.5577545,3.3947487],[-76.5577184,3.394757],[-76.5576982,3.3947617],[-76.5576161,3.3947853],[-76.5575593,3.3947939],[-76.5570464,3.3948572],[-76.5570114,3.3948595],[-76.5569933,3.3948607],[-76.5569114,3.3948662],[-76.5560205,3.3950018],[-76.5559305,3.3950199],[-76.5558855,3.3950199],[-76.5554896,3.3950651],[-76.5553906,3.3950832],[-76.5551116,3.3951194],[-76.5549317,3.3951375],[-76.5544457,3.3951917],[-76.5541038,3.3952459],[-76.5540768,3.395255],[-76.5539328,3.3952821],[-76.5530869,3.3953816],[-76.5530689,3.3953906],[-76.5530077,3.3953962],[-76.5529699,3.3953996],[-76.5529249,3.3954087],[-76.552223,3.39549],[-76.552034,3.3955172],[-76.551872,3.3955443],[-76.5514941,3.3955895],[-76.5514311,3.3955985],[-76.5512961,3.3956257],[-76.5510351,3.3956528],[-76.5508372,3.3956799],[-76.5507202,3.395698],[-76.5502792,3.3957522],[-76.5501802,3.3957613],[-76.5497213,3.3958155],[-76.5496522,3.3958254],[-76.5495762,3.3952034],[-76.5495093,3.3952181],[-76.5492626,3.3952517],[-76.5490012,3.3952896],[-76.548767,3.3953211],[-76.5486332,3.39534],[-76.5486334,3.3953413],[-76.5486499,3.3954807],[-76.5486667,3.3956341],[-76.5486834,3.3957833],[-76.548698,3.3959115],[-76.5487053,3.3959503],[-76.5487014,3.3959509],[-76.5486414,3.3959602],[-76.5482275,3.3960144],[-76.5481195,3.3960325],[-76.5477865,3.3960686],[-76.5476425,3.3960867],[-76.5475076,3.3961048],[-76.5472736,3.3961319],[-76.5471656,3.39615],[-76.5462567,3.3962766],[-76.5462533,3.3962572],[-76.5461667,3.3957701],[-76.5461128,3.3953903],[-76.5460498,3.3950286],[-76.5459958,3.3946487],[-76.5459542,3.3944343],[-76.5459238,3.394278],[-76.5458429,3.3937444],[-76.5457709,3.3933194],[-76.5456899,3.3927948],[-76.5456088,3.3922997],[-76.5455712,3.3920701],[-76.5453808,3.3909085],[-76.5453157,3.390511],[-76.5451771,3.3896658],[-76.5450872,3.3890328],[-76.5449689,3.388233],[-76.5448893,3.3876943],[-76.5446646,3.3861212],[-76.5446399,3.3859486],[-76.5446374,3.3859309],[-76.5445474,3.3853702],[-76.5444035,3.384303],[-76.5443495,3.3839413],[-76.5443135,3.3837695],[-76.5441966,3.3832359],[-76.5441336,3.3829465],[-76.5440616,3.38263],[-76.5439716,3.3822502],[-76.5439267,3.3820241],[-76.5438007,3.3815086],[-76.5436245,3.3807114],[-76.5436208,3.3806947],[-76.5434768,3.3801249],[-76.5434138,3.3798627],[-76.5433689,3.3796637],[-76.5433488,3.3795857],[-76.5432249,3.379103],[-76.5430899,3.3785604],[-76.543045,3.3783976],[-76.542928,3.3779093],[-76.5426941,3.3769688],[-76.5426313,3.3766552],[-76.5424747,3.375874],[-76.5424332,3.3756665],[-76.5423869,3.3754759],[-76.5423876,3.3754757],[-76.5423942,3.3754718],[-76.5424299,3.3754259],[-76.5424813,3.3753781],[-76.5425709,3.375313],[-76.5426306,3.3752614],[-76.5426582,3.3751782],[-76.5426942,3.3750968],[-76.5427302,3.3750154],[-76.5427752,3.374925],[-76.5428292,3.3748255],[-76.5428742,3.3747622],[-76.5429282,3.3746989],[-76.5429821,3.3746808],[-76.5430271,3.3746989],[-76.5430901,3.3747441],[-76.5431981,3.3747712],[-76.5433151,3.3748074],[-76.5434141,3.3748436],[-76.5435311,3.3748617],[-76.543666,3.3748798],[-76.543792,3.3749069],[-76.543918,3.3749069],[-76.543954,3.3748707],[-76.54399,3.3748346],[-76.544044,3.3747894],[-76.544116,3.3747351],[-76.544206,3.3746447],[-76.5442094,3.3746407],[-76.544269,3.3745723],[-76.544314,3.3744819],[-76.544341,3.3744367],[-76.54435,3.3744005],[-76.544395,3.3743643],[-76.544422,3.3743372],[-76.5444669,3.3743101],[-76.5444759,3.3742739],[-76.5444759,3.3742377],[-76.544467,3.3741925],[-76.544467,3.3741563],[-76.544449,3.3741021],[-76.54444,3.3740659],[-76.544422,3.3740297],[-76.544377,3.3739936],[-76.54435,3.3739574],[-76.544341,3.3739031],[-76.544332,3.3738579],[-76.54435,3.3738127],[-76.544386,3.3737856],[-76.544449,3.3737403],[-76.544494,3.3737132],[-76.544548,3.3736861],[-76.544593,3.3736861],[-76.544629,3.3736951],[-76.5446829,3.3737223],[-76.5447459,3.3737494],[-76.5448269,3.3737675],[-76.5448809,3.3737765],[-76.5449349,3.3737765],[-76.5449799,3.3737675],[-76.5450249,3.3737494],[-76.5450789,3.3737042],[-76.5451239,3.373659],[-76.5451419,3.3735776],[-76.5451509,3.3734872],[-76.5451329,3.3734239],[-76.5451059,3.3733696],[-76.5450969,3.3733153],[-76.5450969,3.373243],[-76.5451149,3.3731978],[-76.5451689,3.3730531],[-76.5451869,3.3729807],[-76.5451959,3.3728993],[-76.5452049,3.372836],[-76.5452049,3.3727456],[-76.5452049,3.3726913],[-76.5451869,3.3726009],[-76.5451599,3.3725286],[-76.5451239,3.3724562],[-76.5451059,3.3723929],[-76.5450789,3.3723206],[-76.545034,3.372212],[-76.544998,3.3721216],[-76.544962,3.3720583],[-76.544908,3.3719859],[-76.544845,3.3719317],[-76.544782,3.3719046],[-76.544719,3.3718774],[-76.544683,3.3718593],[-76.544629,3.3718322],[-76.544566,3.3718051],[-76.5444941,3.3717779],[-76.5444581,3.3717327],[-76.5444221,3.3717146],[-76.5443501,3.3716965],[-76.5442871,3.3716694],[-76.5442061,3.3716151],[-76.5441251,3.371579],[-76.5440801,3.3715247],[-76.5440801,3.3714795],[-76.5441071,3.3714343],[-76.5441521,3.3713981],[-76.5442151,3.3713619],[-76.5443051,3.3713348],[-76.5443771,3.3712986],[-76.5444311,3.3712805],[-76.5444941,3.3712534],[-76.5446111,3.3711992],[-76.544764,3.3711449],[-76.544908,3.3710816],[-76.545016,3.3710545],[-76.54507,3.3710364],[-76.545115,3.3710364],[-76.545169,3.3710274],[-76.545259,3.3710183],[-76.545358,3.3710002],[-76.5454749,3.370955],[-76.5455739,3.3708827],[-76.5456459,3.3708375],[-76.5457539,3.3707832],[-76.5459069,3.3707199],[-76.5460329,3.3706747],[-76.5461679,3.3706205],[-76.5463118,3.3705662],[-76.5464198,3.3705481],[-76.5465188,3.3705391],[-76.5465908,3.3705391],[-76.5466358,3.3705662],[-76.5467168,3.3705933],[-76.5467888,3.3706114],[-76.5468518,3.3706386],[-76.5469327,3.3706657],[-76.5469957,3.3707019],[-76.5470587,3.3707381],[-76.5471127,3.3707742],[-76.5471667,3.3708014],[-76.5472297,3.3708375],[-76.5472927,3.3709009],[-76.5473287,3.3709461],[-76.5473647,3.3710094],[-76.5473827,3.3710636],[-76.5474186,3.3711269],[-76.5474546,3.3711722],[-76.5474816,3.3712083],[-76.5475176,3.3712174],[-76.5475626,3.3712174],[-76.5476166,3.3712174],[-76.5476796,3.3711903],[-76.5477336,3.3711631],[-76.5478056,3.371136],[-76.5478506,3.3711089],[-76.5479046,3.3710998],[-76.5479406,3.3711089],[-76.5479766,3.3711179],[-76.5480216,3.371136],[-76.5480486,3.371136],[-76.5480665,3.3711089],[-76.5480756,3.3710637],[-76.5480756,3.3710365],[-76.5480756,3.3710004],[-76.5480486,3.3709551],[-76.5480036,3.3708918],[-76.5479406,3.3708285],[-76.5478596,3.3707562],[-76.5478056,3.37072],[-76.5477516,3.3706838],[-76.5477156,3.3706296],[-76.5476706,3.3705843],[-76.5476076,3.3705391],[-76.5475267,3.3704487],[-76.5474907,3.3703763],[-76.5474817,3.3703402],[-76.5474817,3.370295],[-76.5474997,3.3702407],[-76.5475177,3.3702045],[-76.5475537,3.3701683],[-76.5475807,3.3701503],[-76.5476167,3.3701412],[-76.5476707,3.3701322],[-76.5477246,3.3701322],[-76.5477876,3.3701503],[-76.5478416,3.3701774],[-76.5478776,3.3702045],[-76.5479406,3.3702407],[-76.5480036,3.3702859],[-76.5480666,3.3703221],[-76.5481026,3.3703492],[-76.5481296,3.3703764],[-76.5481746,3.3703854],[-76.5482016,3.3703945],[-76.5482286,3.3704216],[-76.5482735,3.3704487],[-76.5483005,3.3704759],[-76.5483545,3.3705211],[-76.5484175,3.3705753],[-76.5484715,3.3706477],[-76.5485255,3.3707019],[-76.5485885,3.3707562],[-76.5486425,3.3708105],[-76.5486785,3.3708376],[-76.5487325,3.3708557],[-76.5488044,3.3708557],[-76.5488854,3.3708376],[-76.5489484,3.3708195],[-76.5489934,3.3707653],[-76.5490204,3.370702],[-76.5490204,3.3706477],[-76.5490294,3.3705935],[-76.5490384,3.3705573]]]}},{"type":"Feature","properties":{"comuna":2,"nombre":"Comuna 2","shape_leng":27855.554,"shape_area":10863187.424},"geometry":{"type":"Polygon","coordinates":[[[-76.5008068,3.4921152],[-76.5009194,3.4919841],[-76.5010757,3.491725],[-76.5012353,3.4914522],[-76.5014478,3.4911617],[-76.5015659,3.4910001],[-76.5016361,3.4909388],[-76.5016385,3.490937],[-76.5016457,3.4909317],[-76.501653,3.4909264],[-76.5016604,3.4909213],[-76.5016679,3.4909162],[-76.5016712,3.490914],[-76.5016754,3.4909113],[-76.501683,3.4909064],[-76.5016907,3.4909017],[-76.5016984,3.490897],[-76.5017062,3.4908925],[-76.5018389,3.4907978],[-76.5020211,3.4906459],[-76.5022357,3.4904233],[-76.5022363,3.4904223],[-76.5022859,3.4903189],[-76.5023126,3.4902768],[-76.5023531,3.4901808],[-76.5023967,3.4900778],[-76.502481,3.4898237],[-76.5025693,3.4896018],[-76.5026978,3.4892832],[-76.5028142,3.4890654],[-76.5029146,3.4888275],[-76.503019,3.4886097],[-76.5030428,3.4885687],[-76.503046,3.4885632],[-76.5031087,3.4884743],[-76.5031905,3.4884052],[-76.503204,3.4883939],[-76.5032954,3.4883327],[-76.5033509,3.4882811],[-76.5034229,3.4882449],[-76.5035587,3.4881749],[-76.5036183,3.4881151],[-76.5037492,3.4879189],[-76.5038064,3.4876581],[-76.5038445,3.4875624],[-76.5038779,3.4874691],[-76.5038969,3.4873447],[-76.5038993,3.4872011],[-76.5039241,3.4871056],[-76.503918,3.4869698],[-76.503909,3.4868523],[-76.503909,3.4866533],[-76.5039,3.4865719],[-76.503891,3.4864815],[-76.5038892,3.4864749],[-76.5038994,3.4863134],[-76.5039423,3.4859545],[-76.5039352,3.4857104],[-76.5039281,3.4855998],[-76.5039451,3.4855229],[-76.5039631,3.4854415],[-76.5039521,3.485335],[-76.503954,3.4850747],[-76.5039452,3.4848266],[-76.5039503,3.4847684],[-76.5039426,3.4846746],[-76.5039274,3.4845196],[-76.5039274,3.4843875],[-76.5039636,3.484242],[-76.5039827,3.4841099],[-76.5039812,3.4840307],[-76.5040352,3.4838951],[-76.5040712,3.4838228],[-76.5041253,3.4836871],[-76.5041963,3.4836138],[-76.5042348,3.4835808],[-76.504292,3.4835392],[-76.5044049,3.4834861],[-76.5044992,3.4834401],[-76.5046006,3.4833942],[-76.5047106,3.4833497],[-76.5048093,3.4833074],[-76.5048903,3.4832712],[-76.5050578,3.4832205],[-76.5051693,3.4831861],[-76.5053836,3.4830957],[-76.5055779,3.4829923],[-76.5057636,3.482889],[-76.5059422,3.4827842],[-76.5060722,3.4826779],[-76.5062623,3.4825631],[-76.5064151,3.4824842],[-76.5066537,3.4823693],[-76.5068309,3.4823248],[-76.5069783,3.4823037],[-76.5070739,3.4822792],[-76.5073673,3.4821931],[-76.5076533,3.4820777],[-76.5077163,3.4820415],[-76.5078063,3.4819873],[-76.5078963,3.4819511],[-76.5079502,3.4819328],[-76.508154,3.4818008],[-76.5083998,3.4816017],[-76.5085713,3.4814538],[-76.5086021,3.4814196],[-76.5087668,3.4812745],[-76.5089745,3.4810682],[-76.5090507,3.4809965],[-76.509051,3.4809963],[-76.5091023,3.4808931],[-76.5091383,3.4808389],[-76.5091923,3.4807485],[-76.5092643,3.4806399],[-76.5093273,3.4805405],[-76.5093723,3.4804591],[-76.5094174,3.4803687],[-76.5094714,3.4802782],[-76.5095254,3.4801607],[-76.5095884,3.4800431],[-76.5096514,3.4799165],[-76.5096784,3.4798351],[-76.5097144,3.4797537],[-76.5097504,3.4796904],[-76.5098134,3.4796181],[-76.5098674,3.4795457],[-76.5099304,3.4794644],[-76.5099754,3.4794011],[-76.5100294,3.4793287],[-76.5101014,3.4792292],[-76.5101644,3.4791569],[-76.5102454,3.4790484],[-76.5102994,3.478976],[-76.5103714,3.4788856],[-76.5104344,3.4787952],[-76.5105335,3.4786415],[-76.5106235,3.4785149],[-76.5106865,3.4783973],[-76.5107315,3.4783159],[-76.5107765,3.4782164],[-76.5108215,3.4781441],[-76.5108426,3.4781016],[-76.5108575,3.4780718],[-76.5109205,3.4779813],[-76.5109745,3.4778999],[-76.5110375,3.4777914],[-76.5110915,3.4776919],[-76.5111545,3.4776106],[-76.5111925,3.477558],[-76.5112265,3.4775111],[-76.5112895,3.4774297],[-76.5113615,3.4773212],[-76.5114425,3.4772127],[-76.5114965,3.4771132],[-76.5115865,3.4770047],[-76.5116585,3.4769324],[-76.5117396,3.476851],[-76.5118116,3.4767515],[-76.5118836,3.4766701],[-76.5119736,3.4765797],[-76.5119847,3.476564],[-76.5120186,3.4765164],[-76.5120738,3.4764451],[-76.5120816,3.476435],[-76.5121536,3.4763265],[-76.5122256,3.476218],[-76.5122796,3.4761366],[-76.5123336,3.4760462],[-76.5123786,3.4759557],[-76.5124416,3.4758653],[-76.5124956,3.4757839],[-76.5125586,3.4756844],[-76.5126216,3.475594],[-76.5126846,3.4754945],[-76.5127296,3.4754312],[-76.5127746,3.4753679],[-76.5128196,3.4753137],[-76.5129006,3.4752142],[-76.5129636,3.4751238],[-76.5130266,3.4750334],[-76.5130896,3.4749429],[-76.5131977,3.4748163],[-76.5132877,3.4747169],[-76.5133687,3.4746355],[-76.5134497,3.4745631],[-76.5135487,3.4744637],[-76.5136413,3.4743664],[-76.5137348,3.4742681],[-76.5137467,3.4742557],[-76.5138187,3.4741562],[-76.5138817,3.4740748],[-76.5139344,3.4739694],[-76.5140821,3.4736895],[-76.5142464,3.4734119],[-76.5144217,3.4731615],[-76.5144847,3.473053],[-76.5145567,3.4729173],[-76.5146017,3.472854],[-76.5146467,3.4727817],[-76.5147007,3.4727184],[-76.5147101,3.4727012],[-76.5147548,3.4726189],[-76.5148628,3.4724833],[-76.5149708,3.4723295],[-76.5150968,3.4721487],[-76.5152408,3.4719678],[-76.5153488,3.4718322],[-76.5154478,3.4717056],[-76.5155558,3.4715699],[-76.5156728,3.4714343],[-76.5157358,3.4713529],[-76.5158348,3.4712354],[-76.5159428,3.4710726],[-76.5160148,3.4709641],[-76.5161408,3.4708013],[-76.5162308,3.4706657],[-76.5163118,3.47053],[-76.5163658,3.4704215],[-76.5164289,3.4702949],[-76.5164919,3.4702135],[-76.5165729,3.4700869],[-76.5166257,3.470014],[-76.5166449,3.4699874],[-76.5166899,3.469897],[-76.5167342,3.4698143],[-76.5167529,3.4697794],[-76.5168249,3.46968],[-76.5168879,3.4695715],[-76.5169239,3.469472],[-76.5169689,3.4693725],[-76.5170139,3.4692821],[-76.5170589,3.4692007],[-76.5171129,3.4690922],[-76.5171939,3.4689384],[-76.5172479,3.4687937],[-76.5172839,3.4686762],[-76.5173199,3.4685948],[-76.5173559,3.4685315],[-76.5173919,3.4684682],[-76.5174293,3.4683806],[-76.5175,3.468215],[-76.517536,3.4681336],[-76.517599,3.4679889],[-76.517644,3.4678894],[-76.517698,3.4677447],[-76.517743,3.4676272],[-76.517806,3.4674825],[-76.517878,3.4673378],[-76.517905,3.4672745],[-76.517959,3.467175],[-76.518004,3.4670756],[-76.51804,3.4669761],[-76.518085,3.4668766],[-76.518148,3.4667138],[-76.518211,3.4665963],[-76.518274,3.4664878],[-76.518346,3.4663792],[-76.5183911,3.4662888],[-76.5184451,3.4661893],[-76.5184811,3.466108],[-76.5185351,3.4660175],[-76.5185711,3.4659181],[-76.5186341,3.4658367],[-76.5186971,3.4656829],[-76.5187781,3.4655292],[-76.5188681,3.4653303],[-76.5189311,3.4651946],[-76.5189851,3.4650499],[-76.5190121,3.4649685],[-76.5190391,3.4649233],[-76.5191201,3.4648148],[-76.5191436,3.4647859],[-76.5192011,3.4647153],[-76.5192641,3.464643],[-76.5193451,3.4645616],[-76.5193991,3.4645073],[-76.5194441,3.4644621],[-76.5195341,3.4643717],[-76.5195602,3.4643343],[-76.5195971,3.4642813],[-76.5196421,3.4641818],[-76.5196961,3.4640552],[-76.5197322,3.4639738],[-76.5197682,3.4639015],[-76.5198132,3.4637929],[-76.5198492,3.4636844],[-76.5198582,3.463594],[-76.5198762,3.4634855],[-76.5199122,3.4633589],[-76.5199572,3.4632413],[-76.5200022,3.4631509],[-76.5200742,3.4630605],[-76.5201552,3.4629519],[-76.5202092,3.4628886],[-76.5202992,3.4627982],[-76.5204342,3.4626716],[-76.5205332,3.4625721],[-76.5206412,3.4624998],[-76.5207402,3.4624546],[-76.5210642,3.4623461],[-76.5212712,3.4623099],[-76.5213151,3.4623001],[-76.521344,3.4622937],[-76.5213522,3.4622919],[-76.5218477,3.4622391],[-76.5219462,3.4622286],[-76.5220901,3.4622105],[-76.5221891,3.4622196],[-76.5222971,3.4622196],[-76.5224051,3.4622196],[-76.5225131,3.4622105],[-76.5226931,3.4622196],[-76.5229181,3.4622468],[-76.5231071,3.462292],[-76.5232691,3.4623191],[-76.5234131,3.4623282],[-76.5235391,3.4623463],[-76.523629,3.4623644],[-76.52371,3.4623825],[-76.523845,3.4624096],[-76.523971,3.4624096],[-76.52407,3.4624006],[-76.524133,3.4623734],[-76.524169,3.4623373],[-76.524196,3.4622921],[-76.524214,3.4622468],[-76.52425,3.4622107],[-76.524304,3.4621383],[-76.524349,3.462066],[-76.524394,3.4619756],[-76.524457,3.4618761],[-76.52452,3.4617676],[-76.524565,3.4616681],[-76.524619,3.4615777],[-76.524673,3.4615053],[-76.524727,3.461433],[-76.524763,3.4613697],[-76.5247901,3.4613154],[-76.5248261,3.4612431],[-76.5248801,3.4611707],[-76.5249521,3.4610713],[-76.5250061,3.4609989],[-76.5250781,3.4609356],[-76.5251771,3.4608542],[-76.5252671,3.4607819],[-76.5252951,3.4607569],[-76.5253481,3.4607095],[-76.5254291,3.4606553],[-76.5255281,3.460592],[-76.5256271,3.4605377],[-76.525845,3.4604525],[-76.5261701,3.4602875],[-76.5264272,3.460126],[-76.5266773,3.4599142],[-76.5267716,3.4598208],[-76.526842,3.459751],[-76.526914,3.4596877],[-76.526959,3.4596154],[-76.526995,3.4595431],[-76.527076,3.4594436],[-76.52713,3.4593622],[-76.527211,3.4592265],[-76.5272609,3.4591543],[-76.527292,3.459109],[-76.5273641,3.4589914],[-76.5274271,3.45891],[-76.5274811,3.4588287],[-76.5275171,3.4587473],[-76.5275531,3.4586659],[-76.5275801,3.4585664],[-76.5275981,3.458476],[-76.5276071,3.4584127],[-76.5276251,3.4583584],[-76.5276521,3.4583132],[-76.5276791,3.458277],[-76.5277241,3.4582409],[-76.5278231,3.4581595],[-76.5279491,3.4580781],[-76.5280841,3.4580057],[-76.5282551,3.4579334],[-76.5283991,3.4578792],[-76.528633,3.457834],[-76.528872,3.457786],[-76.528903,3.4577797],[-76.529074,3.4577436],[-76.529227,3.4577345],[-76.529317,3.4577345],[-76.529389,3.4577436],[-76.529614,3.4578431],[-76.529722,3.4578702],[-76.529839,3.4578793],[-76.529929,3.4578793],[-76.530001,3.4578702],[-76.530064,3.4578521],[-76.530145,3.4577979],[-76.530289,3.4577165],[-76.530415,3.4576261],[-76.530496,3.4575628],[-76.530568,3.4574723],[-76.53064,3.457409],[-76.530703,3.4573548],[-76.5307839,3.4573096],[-76.5309009,3.4572282],[-76.5311082,3.4571215],[-76.5311087,3.4571213],[-76.5312699,3.4570383],[-76.5313329,3.456975],[-76.5314229,3.4569117],[-76.5315219,3.4568394],[-76.5316389,3.4567218],[-76.5317379,3.4566043],[-76.5318279,3.4564686],[-76.5318729,3.4563691],[-76.5318909,3.4562877],[-76.5318999,3.456134],[-76.531918,3.4559712],[-76.531945,3.4557723],[-76.531954,3.4557542],[-76.531963,3.4556185],[-76.531999,3.4554648],[-76.532035,3.4552206],[-76.532062,3.4550579],[-76.532089,3.4549403],[-76.532134,3.4547685],[-76.532188,3.4545786],[-76.532269,3.4543796],[-76.532341,3.454244],[-76.532377,3.4541626],[-76.532449,3.4540631],[-76.532494,3.4540269],[-76.532566,3.4539817],[-76.532665,3.4539365],[-76.532722,3.4539007],[-76.532809,3.4538461],[-76.532935,3.4537647],[-76.5329427,3.4537615],[-76.533043,3.4537195],[-76.53316,3.4536924],[-76.5331644,3.4536898],[-76.533268,3.4536291],[-76.533358,3.4535929],[-76.533421,3.4535748],[-76.533574,3.4535206],[-76.533817,3.4534121],[-76.534105,3.4533216],[-76.53451,3.4532041],[-76.5348159,3.4531137],[-76.5349732,3.4530441],[-76.5350409,3.4530142],[-76.5350859,3.4529781],[-76.5351849,3.4529148],[-76.5352659,3.4528786],[-76.5356889,3.4526887],[-76.5357969,3.4526073],[-76.5358869,3.4525621],[-76.5360489,3.4524174],[-76.5361839,3.4522908],[-76.5362209,3.4522536],[-76.5363369,3.4521371],[-76.5364089,3.4520557],[-76.5365439,3.4519381],[-76.5366879,3.4518296],[-76.5368049,3.4517573],[-76.5369129,3.4516849],[-76.5370029,3.4515945],[-76.5370929,3.4515222],[-76.5372099,3.4514317],[-76.5373719,3.4513232],[-76.5375159,3.4512328],[-76.5377049,3.4511243],[-76.5378488,3.451052],[-76.5379588,3.4509984],[-76.5381458,3.4509073],[-76.5382448,3.4508621],[-76.5384698,3.4507897],[-76.5385418,3.4507717],[-76.5387038,3.4507445],[-76.5388568,3.4507265],[-76.5389738,3.4507084],[-76.5390998,3.4506993],[-76.5392348,3.4506903],[-76.5393068,3.4506903],[-76.5394418,3.4506903],[-76.5395407,3.4506903],[-76.5396847,3.4506903],[-76.5399187,3.4507175],[-76.5400987,3.4507536],[-76.5405217,3.4509436],[-76.5406562,3.451038],[-76.5408406,3.4511673],[-76.5409986,3.4512782],[-76.5410706,3.4513234],[-76.5411606,3.4513958],[-76.5412146,3.451441],[-76.5412506,3.4514862],[-76.5413046,3.4515224],[-76.5413856,3.4515405],[-76.5415116,3.4515676],[-76.5416556,3.4515676],[-76.5417456,3.4515586],[-76.541754,3.4515552],[-76.5417771,3.4515459],[-76.5418355,3.4515224],[-76.5418985,3.4514953],[-76.5419705,3.4514863],[-76.5420425,3.4514863],[-76.5421145,3.4514772],[-76.5421955,3.4514591],[-76.5426905,3.4512512],[-76.5427895,3.451206],[-76.5428345,3.4511879],[-76.5428705,3.4511698],[-76.5429155,3.4511427],[-76.5429425,3.4511246],[-76.5430055,3.4510974],[-76.5430865,3.4510884],[-76.5431495,3.4510794],[-76.5432485,3.4510613],[-76.5433565,3.4510522],[-76.5434375,3.4510522],[-76.5435275,3.4510522],[-76.5436084,3.4510523],[-76.5436894,3.4510703],[-76.5438154,3.4511065],[-76.5439144,3.4511246],[-76.5440134,3.4511518],[-76.5440854,3.4511608],[-76.5441484,3.4511698],[-76.5442114,3.4511789],[-76.5442834,3.4511879],[-76.5443464,3.451197],[-76.5444454,3.4511879],[-76.5444814,3.4511789],[-76.5444814,3.4511776],[-76.5444724,3.4503288],[-76.5444814,3.4502113],[-76.5444815,3.4496596],[-76.54448,3.4496494],[-76.5444775,3.449595],[-76.5444773,3.4495902],[-76.5444684,3.4495488],[-76.544442,3.449472],[-76.5444096,3.449401],[-76.5443498,3.4493359],[-76.544339,3.4493241],[-76.544236,3.4492413],[-76.5441389,3.4491763],[-76.5440654,3.4491053],[-76.5440242,3.4489989],[-76.543983,3.4488481],[-76.5439359,3.4487032],[-76.5438977,3.4486323],[-76.5438271,3.4486086],[-76.5437094,3.4486086],[-76.5435799,3.4486589],[-76.5432651,3.448786],[-76.5430268,3.4488717],[-76.5426855,3.4489722],[-76.5425648,3.4490106],[-76.5425378,3.4489292],[-76.5425295,3.4489042],[-76.5427355,3.4488126],[-76.5433181,3.4485613],[-76.5433507,3.4485458],[-76.54373,3.4483662],[-76.5440684,3.4481947],[-76.544239,3.4481296],[-76.5443773,3.4481119],[-76.5444803,3.4481237],[-76.5445715,3.4481504],[-76.5445925,3.4481606],[-76.5446487,3.448199],[-76.5447237,3.4482488],[-76.5448157,3.4483099],[-76.5448673,3.4482982],[-76.5448908,3.4482929],[-76.544929,3.4482819],[-76.54497,3.4482701],[-76.5449814,3.448268],[-76.5449913,3.4482662],[-76.5450143,3.448262],[-76.5450194,3.4482627],[-76.5450575,3.4482579],[-76.5451925,3.4482308],[-76.5452825,3.4482127],[-76.5454984,3.4481765],[-76.5455884,3.4481675],[-76.5456964,3.4481494],[-76.5458134,3.4481404],[-76.5460564,3.4481404],[-76.5462724,3.4481314],[-76.5463534,3.4481314],[-76.5463714,3.4481314],[-76.5464254,3.4481223],[-76.5464704,3.4481042],[-76.5465064,3.4480862],[-76.5465334,3.448059],[-76.5465694,3.4480319],[-76.5465964,3.4480048],[-76.5465964,3.4479957],[-76.5466144,3.4479596],[-76.5466324,3.4479234],[-76.5466414,3.4478691],[-76.5466414,3.4478329],[-76.5466144,3.4477425],[-76.5465784,3.4476883],[-76.5465064,3.4476159],[-76.5463444,3.4475616],[-76.5462454,3.4475255],[-76.5461914,3.4475074],[-76.5461194,3.4474712],[-76.5460744,3.4474441],[-76.5460294,3.4474079],[-76.5459845,3.4473717],[-76.5459575,3.4473265],[-76.5459305,3.4472813],[-76.5459125,3.4472361],[-76.5459035,3.447218],[-76.5458855,3.4471637],[-76.5458855,3.4471094],[-76.5458765,3.4470733],[-76.5458855,3.447019],[-76.5458945,3.4469738],[-76.5459125,3.4469286],[-76.5459395,3.4468834],[-76.5459665,3.4468381],[-76.5459845,3.446811],[-76.5460655,3.4466844],[-76.5461015,3.4466302],[-76.5461104,3.4466033],[-76.5462967,3.4467625],[-76.5464967,3.4468936],[-76.5467055,3.4469723],[-76.5469839,3.4469723],[-76.5472623,3.4469549],[-76.5472625,3.4469548],[-76.5474489,3.4470066],[-76.5476293,3.4470469],[-76.54797,3.4470973],[-76.5481905,3.4471309],[-76.5483575,3.4471611],[-76.5485012,3.4471578],[-76.5485914,3.4471376],[-76.5486716,3.4471074],[-76.548706,3.4470876],[-76.5488044,3.4471132],[-76.5490389,3.447233],[-76.5492542,3.4473662],[-76.5493348,3.4474472],[-76.5494344,3.4475473],[-76.5495197,3.4476044],[-76.5496003,3.4475925],[-76.5496762,3.4475663],[-76.5497473,3.4475473],[-76.5498397,3.4475401],[-76.5499322,3.4475115],[-76.5499362,3.4475186],[-76.5501072,3.4474122],[-76.5502227,3.4473304],[-76.5505146,3.4476033],[-76.5510103,3.4472349],[-76.5514584,3.4469142],[-76.5515263,3.4469278],[-76.5516282,3.4469278],[-76.5518047,3.4468869],[-76.5519201,3.4468937],[-76.5520899,3.4470302],[-76.5521985,3.4471599],[-76.5522868,3.447194],[-76.552375,3.447194],[-76.5528096,3.4469961],[-76.5528911,3.4469279],[-76.5529522,3.4467369],[-76.5530201,3.4465526],[-76.5531355,3.4464435],[-76.5533053,3.4464094],[-76.5534343,3.4464912],[-76.5536448,3.4466686],[-76.553862,3.4467505],[-76.5541336,3.4467574],[-76.5543577,3.4466755],[-76.5544188,3.4466823],[-76.5545342,3.4468802],[-76.5545953,3.4470508],[-76.5545885,3.4471736],[-76.554541,3.4472828],[-76.5544527,3.4474329],[-76.5544052,3.4475557],[-76.5543577,3.447658],[-76.554378,3.4477535],[-76.5544459,3.4478354],[-76.5546089,3.44789],[-76.5549008,3.4478968],[-76.5551521,3.4479105],[-76.5552811,3.4479242],[-76.5553829,3.4479856],[-76.555481,3.4480917],[-76.5556047,3.4480684],[-76.5556137,3.4480684],[-76.5556587,3.4480503],[-76.5556947,3.4480323],[-76.5557307,3.4480142],[-76.5557757,3.447987],[-76.5558117,3.4479509],[-76.5559107,3.4478514],[-76.5559647,3.4478062],[-76.5560727,3.4477338],[-76.5560817,3.4477248],[-76.5561447,3.4476977],[-76.5561897,3.4476796],[-76.5562257,3.4476705],[-76.5562527,3.4476615],[-76.5562977,3.4476615],[-76.5563337,3.4476615],[-76.5563517,3.4476615],[-76.5563967,3.4476796],[-76.5565137,3.4477339],[-76.5565587,3.44777],[-76.5566553,3.4478583],[-76.5566577,3.4478605],[-76.5566587,3.4478615],[-76.5566584,3.4478617],[-76.5566582,3.447862],[-76.5566566,3.4478632],[-76.5565923,3.447914],[-76.5565696,3.4479358],[-76.5565594,3.4479455],[-76.5564697,3.4480314],[-76.5564671,3.4480339],[-76.5563858,3.4481117],[-76.5562803,3.4482065],[-76.5562845,3.4482112],[-76.5563064,3.4482353],[-76.5563235,3.4482543],[-76.5563539,3.4482879],[-76.5564014,3.4483405],[-76.5564147,3.4483582],[-76.556428,3.4483759],[-76.5564507,3.448385],[-76.5564867,3.448394],[-76.5565227,3.4484121],[-76.5566306,3.4484664],[-76.5567116,3.4485026],[-76.5567746,3.4485387],[-76.5568376,3.4485749],[-76.5569636,3.4486473],[-76.5570446,3.4487015],[-76.5570806,3.4487196],[-76.5571256,3.4487558],[-76.5571616,3.448792],[-76.5572246,3.4488372],[-76.5572516,3.4488553],[-76.5573055,3.4488891],[-76.5573055,3.4489006],[-76.5573055,3.4489632],[-76.5573055,3.4500644],[-76.5573055,3.4501005],[-76.5573055,3.4501029],[-76.5572892,3.4501051],[-76.5572832,3.4501059],[-76.5572827,3.4501059],[-76.5572827,3.450106],[-76.5572559,3.4501101],[-76.5572509,3.4501109],[-76.5572507,3.4501109],[-76.5572367,3.4501131],[-76.5571872,3.4501208],[-76.5571868,3.4501181],[-76.5571705,3.4501213],[-76.5571166,3.4501394],[-76.5570716,3.4501575],[-76.5570356,3.4501846],[-76.5569906,3.4502118],[-76.5568331,3.4503836],[-76.5566756,3.4505554],[-76.5566396,3.4506006],[-76.5566036,3.4506368],[-76.5565586,3.450673],[-76.5565136,3.4507001],[-76.5564596,3.4507272],[-76.5564056,3.4507453],[-76.5554516,3.4509894],[-76.5551007,3.4510799],[-76.5550017,3.451107],[-76.5549387,3.4511251],[-76.5548937,3.4511432],[-76.5548487,3.4511793],[-76.5548127,3.4512065],[-76.5547857,3.4512517],[-76.5547587,3.4512878],[-76.5547317,3.4513331],[-76.5547227,3.4513602],[-76.5547137,3.4513873],[-76.5547047,3.4514325],[-76.5546507,3.4516315],[-76.5546327,3.4516858],[-76.5546147,3.451731],[-76.5545877,3.4517762],[-76.5545517,3.4518214],[-76.5545337,3.4518485],[-76.5544977,3.4518847],[-76.5543627,3.4520294],[-76.5542007,3.4522012],[-76.5541017,3.4523097],[-76.5538047,3.4526353],[-76.5537327,3.4527167],[-76.5536697,3.45278],[-76.5535707,3.4528885],[-76.5534987,3.4529699],[-76.5534177,3.4530513],[-76.5533547,3.4531236],[-76.5533097,3.4531688],[-76.5532647,3.4531959],[-76.5532107,3.4532321],[-76.5531567,3.4532592],[-76.5528867,3.4533587],[-76.5527247,3.453413],[-76.5524457,3.4535124],[-76.5521578,3.4536209],[-76.5520858,3.4536481],[-76.5518788,3.4537295],[-76.5517258,3.4537928],[-76.5516628,3.4538108],[-76.5515908,3.453838],[-76.5514828,3.4538651],[-76.5513478,3.4538832],[-76.5511768,3.4538922],[-76.5511408,3.4539012],[-76.5509968,3.4539103],[-76.5509518,3.4539193],[-76.5508888,3.4539193],[-76.5508528,3.4539193],[-76.5507718,3.4539193],[-76.5506908,3.4539193],[-76.5506099,3.4539012],[-76.5505109,3.4538741],[-76.5503669,3.4538289],[-76.5503039,3.4538108],[-76.5502319,3.4537836],[-76.5498899,3.4536751],[-76.5498449,3.4537113],[-76.5496829,3.4538469],[-76.5496649,3.4538831],[-76.5496199,3.4539464],[-76.5493679,3.454064],[-76.5492599,3.4541182],[-76.54845,3.4545703],[-76.548351,3.4546246],[-76.5483084,3.4546479],[-76.548185,3.4547155],[-76.5480552,3.4548026],[-76.5480196,3.4548588],[-76.5479788,3.4549202],[-76.5479636,3.454997],[-76.5479686,3.4550635],[-76.5479941,3.4551453],[-76.5481926,3.4554062],[-76.5484013,3.4556927],[-76.5485482,3.4558966],[-76.5484659,3.4559559],[-76.5483734,3.4559837],[-76.5482964,3.4560209],[-76.5481977,3.456055],[-76.548093,3.4560705],[-76.5480313,3.4560797],[-76.5479851,3.4561076],[-76.5479419,3.4561448],[-76.5479173,3.4561819],[-76.5479019,3.4562036],[-76.5478752,3.4562102],[-76.5476815,3.4562591],[-76.54743,3.4564257],[-76.5472472,3.4565577],[-76.5470986,3.456707],[-76.5469694,3.4569096],[-76.5469601,3.4569051],[-76.546891,3.4568718],[-76.5468174,3.4568363],[-76.5466828,3.4567713],[-76.546699,3.4568604],[-76.5467011,3.4568718],[-76.5467105,3.4569254],[-76.546713,3.4570889],[-76.5467139,3.4570989],[-76.5467139,3.4571097],[-76.5467139,3.4571206],[-76.5467139,3.457121],[-76.5467148,3.4571314],[-76.5467156,3.4571413],[-76.546711,3.45717],[-76.5467087,3.4571704],[-76.5463667,3.4572346],[-76.5463824,3.4572992],[-76.5462852,3.4573451],[-76.5461438,3.4573107],[-76.5461208,3.45721],[-76.5461109,3.4572082],[-76.546101,3.4572055],[-76.5460947,3.4572034],[-76.5460929,3.4572028],[-76.5460839,3.4571992],[-76.5460731,3.4571929],[-76.546065,3.4571883],[-76.5460524,3.4571838],[-76.5460425,3.457182],[-76.5460317,3.457182],[-76.5460209,3.457182],[-76.5460092,3.457182],[-76.5459984,3.457182],[-76.5459876,3.4571811],[-76.5459777,3.4571802],[-76.5459669,3.4571784],[-76.5459579,3.4571748],[-76.5459498,3.4571703],[-76.5459417,3.4571639],[-76.5459372,3.4571558],[-76.5459336,3.4571467],[-76.5459282,3.4571358],[-76.5459228,3.4571286],[-76.5459156,3.4571232],[-76.5459048,3.4571205],[-76.5458958,3.457125],[-76.5458894,3.4571316],[-76.5458804,3.4571519],[-76.5458639,3.457169],[-76.5458464,3.4571698],[-76.5458232,3.4571604],[-76.5458037,3.4571485],[-76.5457826,3.4571433],[-76.5457695,3.4571411],[-76.545755,3.4571397],[-76.5457404,3.457139],[-76.5457281,3.4571391],[-76.5457159,3.4571392],[-76.5457044,3.4571393],[-76.5456891,3.4571402],[-76.5456761,3.457141],[-76.5456537,3.4571362],[-76.5456559,3.4571042],[-76.5456565,3.4570911],[-76.5456565,3.4570868],[-76.5456565,3.4570796],[-76.5456548,3.4570642],[-76.5456486,3.4570512],[-76.5456393,3.457042],[-76.5456285,3.4570321],[-76.5456162,3.4570206],[-76.5456015,3.4570076],[-76.5455915,3.4569992],[-76.5455784,3.4569909],[-76.5455638,3.456984],[-76.5455469,3.456978],[-76.5455293,3.4569727],[-76.5455131,3.456969],[-76.5454978,3.4569676],[-76.545484,3.4569669],[-76.545471,3.4569678],[-76.5454572,3.4569687],[-76.5454489,3.4569691],[-76.5454411,3.4569695],[-76.5454243,3.4569697],[-76.5454059,3.4569698],[-76.5453883,3.4569684],[-76.5453691,3.4569655],[-76.545356,3.4569625],[-76.5453407,3.4569564],[-76.5453253,3.4569504],[-76.5453099,3.4569413],[-76.5452953,3.4569306],[-76.5452822,3.4569207],[-76.5452699,3.4569146],[-76.5452553,3.4569078],[-76.5452445,3.4569025],[-76.5452337,3.4568949],[-76.5452245,3.4568872],[-76.5452137,3.4568765],[-76.5452005,3.4568589],[-76.5451873,3.4568375],[-76.5451726,3.4568137],[-76.5450936,3.4566752],[-76.5450891,3.4566672],[-76.5450886,3.4566663],[-76.5450792,3.45665],[-76.5450706,3.4566357],[-76.5450679,3.4566267],[-76.5450652,3.4566177],[-76.5450607,3.4566068],[-76.5450571,3.4565986],[-76.5450508,3.4565924],[-76.5450031,3.4565562],[-76.54494,3.4565224],[-76.5449068,3.4565046],[-76.544896,3.4565037],[-76.5447997,3.4564811],[-76.5447898,3.4564811],[-76.5447781,3.456482],[-76.5447682,3.456482],[-76.5447583,3.4564811],[-76.5447475,3.4564801],[-76.544734,3.4564801],[-76.5447205,3.4564811],[-76.5447106,3.4564811],[-76.5447016,3.4564801],[-76.5446917,3.4564784],[-76.544681,3.4564756],[-76.544672,3.456472],[-76.544662,3.4564684],[-76.544653,3.456463],[-76.5446422,3.4564575],[-76.5446296,3.4564512],[-76.5446206,3.4564476],[-76.5446116,3.4564449],[-76.544599,3.4564413],[-76.54459,3.4564394],[-76.5445801,3.4564358],[-76.5445711,3.4564332],[-76.5445603,3.4564286],[-76.5445477,3.456425],[-76.5445387,3.4564223],[-76.5445297,3.4564196],[-76.5445188,3.4564149],[-76.5445171,3.4564141],[-76.5445072,3.4564096],[-76.5444982,3.4564069],[-76.5444892,3.456406],[-76.5444785,3.4564033],[-76.5444695,3.4563987],[-76.5444605,3.4563951],[-76.5444496,3.4563906],[-76.5444397,3.4563852],[-76.5444307,3.4563816],[-76.5444226,3.4563789],[-76.5444118,3.456378],[-76.5444095,3.4563777],[-76.5444088,3.4563777],[-76.5444028,3.4563771],[-76.5443938,3.4563771],[-76.544384,3.4563771],[-76.544375,3.456378],[-76.5443642,3.4563798],[-76.5443525,3.4563807],[-76.5443435,3.4563798],[-76.5443327,3.456377],[-76.5443227,3.4563734],[-76.5443137,3.4563689],[-76.5443038,3.4563644],[-76.5443016,3.4563632],[-76.5442957,3.4563599],[-76.5442867,3.4563563],[-76.5442777,3.4563535],[-76.5442678,3.4563499],[-76.544258,3.4563481],[-76.5442481,3.4563481],[-76.5442391,3.4563481],[-76.5442282,3.4563508],[-76.5442037,3.4563362],[-76.5441746,3.4562703],[-76.5440866,3.4560706],[-76.5440689,3.4560384],[-76.5440334,3.4559736],[-76.5439988,3.4559104],[-76.5440015,3.4559005],[-76.5440042,3.4558896],[-76.5440042,3.4558779],[-76.5440042,3.455876],[-76.5440033,3.4558679],[-76.5440033,3.455858],[-76.5440033,3.455848],[-76.5440024,3.4558372],[-76.5440024,3.4558263],[-76.5440033,3.4558163],[-76.5440042,3.4558055],[-76.5439962,3.4557739],[-76.5439483,3.4555855],[-76.543913,3.4554465],[-76.5439034,3.4554085],[-76.5437982,3.4552421],[-76.5437982,3.4552384],[-76.5437982,3.4552349],[-76.5437999,3.4552258],[-76.5437963,3.455205],[-76.5437892,3.4551914],[-76.5437792,3.4551851],[-76.5437676,3.4551842],[-76.5437549,3.4551851],[-76.5437423,3.455186],[-76.5437324,3.4551887],[-76.5437207,3.4551914],[-76.5437091,3.4551951],[-76.5436982,3.4551987],[-76.5436892,3.4551978],[-76.5436821,3.4551914],[-76.5436722,3.455186],[-76.5436596,3.4551869],[-76.5436497,3.4551923],[-76.5436019,3.455205],[-76.5435614,3.4552123],[-76.5435488,3.4552177],[-76.5435408,3.4552213],[-76.5435282,3.4552285],[-76.5435183,3.4552349],[-76.5435083,3.4552385],[-76.5434984,3.4552421],[-76.5434886,3.4552448],[-76.5434768,3.4552475],[-76.5434661,3.4552493],[-76.5434543,3.4552502],[-76.5434427,3.4552511],[-76.5434318,3.4552511],[-76.5434211,3.4552511],[-76.5434084,3.4552511],[-76.5433986,3.4552502],[-76.5433869,3.4552484],[-76.5433743,3.4552475],[-76.5433617,3.4552475],[-76.5433482,3.4552466],[-76.5433392,3.4552439],[-76.5433266,3.4552403],[-76.5433158,3.4552375],[-76.5433059,3.4552358],[-76.5432969,3.4552358],[-76.5432879,3.455233],[-76.5432789,3.4552312],[-76.5432681,3.4552294],[-76.5432573,3.4552285],[-76.5432447,3.4552276],[-76.5432339,3.4552258],[-76.5432239,3.4552249],[-76.5432149,3.455224],[-76.5432042,3.455223],[-76.5431934,3.4552185],[-76.5431844,3.4552168],[-76.5431745,3.455214],[-76.5431664,3.4552104],[-76.5431547,3.4552068],[-76.543143,3.4552014],[-76.5431304,3.4551959],[-76.5431223,3.4551914],[-76.5431097,3.4551878],[-76.5430989,3.4551851],[-76.5430872,3.4551823],[-76.5430764,3.4551806],[-76.5430656,3.4551787],[-76.5430548,3.4551778],[-76.5430449,3.4551751],[-76.543035,3.4551733],[-76.5430242,3.4551733],[-76.5430143,3.4551733],[-76.5430053,3.4551733],[-76.5429963,3.4551742],[-76.5429873,3.455176],[-76.5429774,3.4551787],[-76.5429666,3.4551815],[-76.5429549,3.4551851],[-76.542945,3.4551887],[-76.5429351,3.4551932],[-76.5429252,3.4551977],[-76.5429171,3.4552023],[-76.5429108,3.4552077],[-76.5429018,3.455214],[-76.5428928,3.4552203],[-76.5428847,3.4552275],[-76.5428766,3.4552366],[-76.5428703,3.4552448],[-76.5428622,3.4552538],[-76.542855,3.4552592],[-76.5428478,3.4552656],[-76.5428415,3.4552791],[-76.542837,3.4552936],[-76.5428226,3.4553117],[-76.5427974,3.4553243],[-76.5427875,3.4553225],[-76.5427785,3.4553198],[-76.5427686,3.455318],[-76.5427596,3.4553217],[-76.5427542,3.4553289],[-76.5427488,3.4553379],[-76.5427452,3.455346],[-76.5427416,3.4553569],[-76.5427398,3.4553696],[-76.5427371,3.4553804],[-76.5427353,3.4553922],[-76.5427353,3.4554021],[-76.5427344,3.4554129],[-76.5427344,3.4554247],[-76.5427344,3.4554338],[-76.5427344,3.4554455],[-76.5427326,3.4554573],[-76.5427317,3.4554709],[-76.5427308,3.4554844],[-76.5427299,3.4554962],[-76.5427299,3.455507],[-76.5427299,3.4555188],[-76.5427299,3.4555314],[-76.5427299,3.4555414],[-76.5427299,3.4555531],[-76.5427299,3.4555631],[-76.5427272,3.4555749],[-76.5427227,3.4555893],[-76.5427182,3.4556002],[-76.5426876,3.455649],[-76.5426543,3.4557023],[-76.542648,3.4557096],[-76.5426426,3.4557168],[-76.5426273,3.4557376],[-76.542621,3.4557494],[-76.5426165,3.4557611],[-76.5426102,3.455772],[-76.5426048,3.4557819],[-76.5425985,3.455791],[-76.5425904,3.4557991],[-76.5425814,3.4558091],[-76.5425742,3.4558163],[-76.542567,3.4558226],[-76.5425589,3.4558281],[-76.5425499,3.4558317],[-76.5425364,3.4558326],[-76.5425256,3.4558326],[-76.5425139,3.4558317],[-76.5425022,3.4558298],[-76.5424932,3.4558272],[-76.5424842,3.4558226],[-76.5424761,3.4558172],[-76.5424698,3.4558108],[-76.5424626,3.4558045],[-76.5424554,3.4558],[-76.5424446,3.4557937],[-76.5424338,3.4557901],[-76.5424239,3.4557865],[-76.5424131,3.4557837],[-76.5424023,3.4557819],[-76.5423906,3.455781],[-76.5423798,3.455781],[-76.542369,3.4557801],[-76.5423591,3.4557801],[-76.5423492,3.4557801],[-76.5423366,3.4557801],[-76.5423231,3.455781],[-76.5423096,3.4557828],[-76.5422997,3.4557837],[-76.5422898,3.4557855],[-76.5422772,3.4557882],[-76.5422664,3.4557919],[-76.5422547,3.4557955],[-76.5422448,3.4557991],[-76.5422349,3.4558027],[-76.5422259,3.4558072],[-76.5422133,3.4558127],[-76.5422025,3.4558181],[-76.5421944,3.4558244],[-76.5421872,3.4558307],[-76.5421818,3.4558379],[-76.5421755,3.4558461],[-76.5421692,3.4558552],[-76.5421629,3.4558642],[-76.5421539,3.4558724],[-76.5421476,3.455876],[-76.5421449,3.4558769],[-76.5421341,3.4558805],[-76.5421251,3.4558841],[-76.542117,3.4558895],[-76.542108,3.4558931],[-76.5420981,3.4558967],[-76.5420873,3.4559004],[-76.5420783,3.4559031],[-76.5420693,3.4559012],[-76.5420585,3.4558967],[-76.5420495,3.4558914],[-76.5420414,3.4558859],[-76.5420324,3.4558796],[-76.5420279,3.4558759],[-76.5420243,3.4558733],[-76.5420162,3.4558669],[-76.542009,3.4558597],[-76.5420009,3.4558533],[-76.5419919,3.4558488],[-76.541982,3.4558443],[-76.5419722,3.4558425],[-76.5419622,3.455847],[-76.5419559,3.4558543],[-76.5419523,3.4558624],[-76.5419505,3.4558723],[-76.5419497,3.4558759],[-76.5419487,3.4558841],[-76.5419478,3.4558931],[-76.5419452,3.455904],[-76.5419433,3.4559148],[-76.541937,3.4559238],[-76.541928,3.4559248],[-76.5419182,3.4559238],[-76.54191,3.4559193],[-76.541901,3.4559121],[-76.5418929,3.4559058],[-76.5418848,3.4558995],[-76.541874,3.455894],[-76.541865,3.4558895],[-76.5418569,3.4558859],[-76.541847,3.4558823],[-76.5418372,3.4558795],[-76.5418263,3.4558759],[-76.5418254,3.4558759],[-76.5418164,3.4558733],[-76.5418038,3.4558696],[-76.5417958,3.4558669],[-76.5417858,3.4558642],[-76.5417759,3.4558624],[-76.5417633,3.4558605],[-76.5417534,3.4558597],[-76.5417444,3.4558597],[-76.5417328,3.4558605],[-76.5417238,3.4558633],[-76.5417129,3.455866],[-76.5417013,3.4558714],[-76.5416923,3.4558759],[-76.5416913,3.4558768],[-76.5416833,3.4558814],[-76.5416733,3.4558877],[-76.5416662,3.4558931],[-76.541658,3.4558985],[-76.5416482,3.455904],[-76.5416383,3.4559103],[-76.5416302,3.4559148],[-76.5416212,3.4559202],[-76.5416122,3.4559266],[-76.541604,3.4559329],[-76.5415968,3.4559383],[-76.5415888,3.4559447],[-76.5415788,3.4559501],[-76.541568,3.4559537],[-76.541559,3.4559537],[-76.5415483,3.4559537],[-76.5415393,3.4559537],[-76.5415312,3.4559483],[-76.541523,3.4559411],[-76.541514,3.4559338],[-76.5415069,3.4559293],[-76.5414979,3.4559257],[-76.5414879,3.4559221],[-76.5414799,3.4559175],[-76.5414727,3.4559094],[-76.5414664,3.4559021],[-76.5414583,3.455894],[-76.5414493,3.4558868],[-76.5414384,3.4558804],[-76.5414294,3.4558759],[-76.5414214,3.4558696],[-76.541415,3.4558633],[-76.5414097,3.4558551],[-76.541406,3.4558461],[-76.5414043,3.4558371],[-76.5414034,3.4558271],[-76.5414025,3.4558162],[-76.5414015,3.4558063],[-76.5413998,3.4557964],[-76.5413989,3.4557864],[-76.541397,3.4557755],[-76.5413953,3.4557656],[-76.5413953,3.4557565],[-76.5413944,3.4557457],[-76.5413944,3.4557339],[-76.5413944,3.4557213],[-76.5413935,3.4557077],[-76.5413935,3.4556941],[-76.5413925,3.4556806],[-76.5413925,3.455667],[-76.5413925,3.4556553],[-76.5413925,3.4556462],[-76.5413925,3.4556363],[-76.5413917,3.4556236],[-76.5413917,3.4556101],[-76.5413917,3.4555974],[-76.5413917,3.4555838],[-76.5413917,3.4555711],[-76.5413917,3.4555585],[-76.5413908,3.4555449],[-76.5413908,3.4555304],[-76.5413908,3.455516],[-76.5413908,3.4555061],[-76.5413908,3.4554961],[-76.5413908,3.4554861],[-76.5413908,3.4554762],[-76.5413908,3.4554663],[-76.5413908,3.4554563],[-76.5413908,3.4554464],[-76.5413908,3.4554364],[-76.5413908,3.4554264],[-76.5413908,3.4554174],[-76.5413908,3.4554075],[-76.5413908,3.4553939],[-76.5413908,3.4553821],[-76.5413908,3.4553686],[-76.5413908,3.4553568],[-76.5413908,3.455346],[-76.5413908,3.4553333],[-76.5413899,3.4553234],[-76.541399,3.4552634],[-76.541378,3.4551471],[-76.5413666,3.4551239],[-76.5413276,3.4550511],[-76.5412833,3.4549684],[-76.5412583,3.4549218],[-76.5412468,3.4549018],[-76.5412233,3.4548613],[-76.541159,3.4547504],[-76.5411274,3.4547008],[-76.5410792,3.4546401],[-76.5410565,3.4545951],[-76.5410315,3.4545323],[-76.5410134,3.4544753],[-76.5409812,3.4541883],[-76.5409625,3.4539201],[-76.5409795,3.4537498],[-76.5412831,3.4538435],[-76.5413081,3.4537814],[-76.5413513,3.4537417],[-76.5413954,3.4536793],[-76.5414296,3.4536241],[-76.5414521,3.4535753],[-76.5414736,3.4535156],[-76.5414867,3.4534792],[-76.5414926,3.4534463],[-76.5414896,3.4533986],[-76.5414867,3.4533389],[-76.5414837,3.4532852],[-76.5414807,3.4532285],[-76.5414718,3.4531778],[-76.5414689,3.453136],[-76.5414718,3.4530555],[-76.5414689,3.4529779],[-76.5414748,3.4529093],[-76.5414718,3.4528585],[-76.5414807,3.4527899],[-76.5414778,3.4527243],[-76.5414718,3.4526139],[-76.5414494,3.4525479],[-76.5414227,3.4524912],[-76.5413959,3.4524315],[-76.5413732,3.4523844],[-76.5413548,3.4523391],[-76.5413381,3.4523055],[-76.5413261,3.4522676],[-76.5413081,3.452235],[-76.5412847,3.4522097],[-76.5412586,3.4521853],[-76.5412303,3.4521712],[-76.5412125,3.4521659],[-76.5411911,3.4521636],[-76.5411587,3.4521609],[-76.5411102,3.4521545],[-76.5410589,3.4521491],[-76.5410184,3.4521437],[-76.5409967,3.4521383],[-76.5409626,3.4521256],[-76.5409383,3.4521112],[-76.5408915,3.4520713],[-76.5408636,3.4520343],[-76.5408474,3.4520072],[-76.5408303,3.4519782],[-76.5408177,3.4519556],[-76.5407988,3.4519294],[-76.540779,3.4519049],[-76.5407637,3.4518896],[-76.5407502,3.4518805],[-76.5407178,3.4518606],[-76.5406962,3.4518516],[-76.5406665,3.4518425],[-76.540644,3.4518371],[-76.5406215,3.4518299],[-76.5405855,3.451819],[-76.540556,3.4518143],[-76.5405405,3.4518118],[-76.5405145,3.4518109],[-76.5404775,3.4518135],[-76.5404568,3.4518154],[-76.5404045,3.4518238],[-76.5403611,3.4518389],[-76.5403293,3.4518574],[-76.5402976,3.4518742],[-76.5402625,3.4518926],[-76.5402358,3.4519077],[-76.5401907,3.4519413],[-76.5401673,3.4519615],[-76.5401306,3.4519917],[-76.5401105,3.4520084],[-76.5401005,3.4520219],[-76.5400816,3.4520369],[-76.5400645,3.4520659],[-76.5400473,3.452093],[-76.5400221,3.4521599],[-76.5400086,3.4522169],[-76.5400041,3.4522485],[-76.5399987,3.4522901],[-76.5399925,3.4523227],[-76.5399906,3.4523516],[-76.5399915,3.4523706],[-76.5399942,3.4523905],[-76.5399897,3.452433],[-76.5399816,3.4524548],[-76.539979,3.4524646],[-76.5399745,3.4524774],[-76.53997,3.4524981],[-76.5399655,3.4525181],[-76.5399555,3.452547],[-76.539942,3.4525768],[-76.5399288,3.452609],[-76.5399159,3.4526537],[-76.5399145,3.4526661],[-76.5399137,3.4526729],[-76.5399138,3.452673],[-76.5399123,3.4526854],[-76.5399114,3.452708],[-76.5399141,3.4527378],[-76.5399186,3.4527676],[-76.5399231,3.4527866],[-76.5399258,3.4527882],[-76.5399243,3.4527901],[-76.539927,3.4527985],[-76.5399304,3.452809],[-76.5399402,3.4528318],[-76.5399456,3.4528508],[-76.5399492,3.4528798],[-76.5399492,3.4528987],[-76.5399456,3.4529322],[-76.5399375,3.4529512],[-76.5399276,3.4529693],[-76.5399222,3.4529793],[-76.539906,3.4530082],[-76.5398844,3.4530525],[-76.5398691,3.4530878],[-76.5398502,3.4531276],[-76.539845,3.4531415],[-76.5398419,3.4531498],[-76.5398412,3.4531502],[-76.539834,3.4531745],[-76.5398295,3.4532126],[-76.539825,3.4532523],[-76.539825,3.4532849],[-76.5398286,3.453303],[-76.539843,3.4533238],[-76.539861,3.4533292],[-76.5398735,3.4533334],[-76.5398817,3.4533361],[-76.5398853,3.4533373],[-76.5399042,3.4533446],[-76.5399222,3.4533527],[-76.5399267,3.4533699],[-76.5399258,3.4533989],[-76.539915,3.4534377],[-76.5399006,3.4534767],[-76.5398736,3.4535381],[-76.5398569,3.453683],[-76.5399754,3.4540604],[-76.5396656,3.4542088],[-76.5396966,3.4542771],[-76.5397786,3.4544577],[-76.5397644,3.4546069],[-76.5395875,3.4547134],[-76.5395478,3.4547334],[-76.5395186,3.4547633],[-76.5395107,3.4548031],[-76.5395305,3.4548906],[-76.5395424,3.4549662],[-76.5395281,3.4550452],[-76.5395265,3.4550538],[-76.5394949,3.4551333],[-76.5394474,3.4552328],[-76.5394038,3.4553243],[-76.5393523,3.45538],[-76.5393167,3.4554397],[-76.539268,3.455518],[-76.5392192,3.4555964],[-76.5391894,3.4556861],[-76.5391582,3.4557804],[-76.5391311,3.455937],[-76.5391062,3.4561274],[-76.5390966,3.4562116],[-76.5390869,3.4562972],[-76.5390843,3.4563587],[-76.5390817,3.4564222],[-76.5390794,3.4565338],[-76.5390804,3.4566054],[-76.5390815,3.4566849],[-76.5390064,3.4566886],[-76.5390064,3.4566891],[-76.5389204,3.4568055],[-76.5388079,3.4570513],[-76.5387539,3.4571455],[-76.5387503,3.4571563],[-76.5387449,3.4571671],[-76.5387404,3.4571807],[-76.538735,3.4571934],[-76.5387295,3.4572052],[-76.5387233,3.4572178],[-76.5387179,3.4572259],[-76.5387134,3.457235],[-76.538708,3.4572432],[-76.5387016,3.4572522],[-76.5386926,3.457263],[-76.5386845,3.4572739],[-76.5386755,3.4572856],[-76.5386701,3.4572938],[-76.538663,3.4573028],[-76.5386575,3.4573118],[-76.538653,3.4573191],[-76.5386485,3.4573291],[-76.5386431,3.4573381],[-76.5386386,3.457348],[-76.5386341,3.457358],[-76.538627,3.4573689],[-76.5386198,3.4573797],[-76.5386153,3.4573887],[-76.5386108,3.4573987],[-76.5386071,3.4574077],[-76.5386018,3.4574186],[-76.5385981,3.4574276],[-76.5385928,3.4574412],[-76.5385883,3.457452],[-76.5385838,3.457462],[-76.5385793,3.4574719],[-76.5385739,3.4574837],[-76.5385694,3.4574945],[-76.5385649,3.4575063],[-76.5385604,3.4575181],[-76.5385559,3.4575298],[-76.5385514,3.4575416],[-76.5385469,3.4575533],[-76.5385433,3.4575642],[-76.5385388,3.457575],[-76.5385343,3.457585],[-76.5385298,3.4575931],[-76.5385261,3.4576021],[-76.5385208,3.4576112],[-76.5385163,3.4576202],[-76.5385109,3.4576293],[-76.5385036,3.4576401],[-76.5384965,3.4576537],[-76.5384901,3.4576618],[-76.5384856,3.45767],[-76.5384785,3.4576826],[-76.5384721,3.4576944],[-76.5384659,3.4577071],[-76.5384605,3.4577152],[-76.538455,3.4577242],[-76.5384496,3.4577342],[-76.5384434,3.4577441],[-76.538438,3.457755],[-76.5384316,3.4577677],[-76.538426,3.4577769],[-76.5384245,3.4577794],[-76.538419,3.4577911],[-76.5384128,3.457802],[-76.5384074,3.4578137],[-76.5384029,3.4578246],[-76.538393,3.4578301],[-76.5383849,3.4578363],[-76.5383768,3.4578445],[-76.5383695,3.4578517],[-76.5383624,3.4578599],[-76.5383579,3.4578689],[-76.5383515,3.457878],[-76.5383461,3.457887],[-76.5383408,3.457896],[-76.5383354,3.4579042],[-76.5383309,3.4579124],[-76.5383254,3.4579214],[-76.53832,3.4579286],[-76.5383146,3.4579367],[-76.5383093,3.4579458],[-76.5383039,3.4579557],[-76.5383003,3.4579648],[-76.5382966,3.4579747],[-76.5382921,3.4579856],[-76.5382885,3.4579955],[-76.538284,3.4580055],[-76.5382804,3.4580145],[-76.5382778,3.4580245],[-76.5383714,3.458114],[-76.5383605,3.4581339],[-76.5383489,3.458152],[-76.5383454,3.4581596],[-76.53832,3.4582144],[-76.5382984,3.458246],[-76.5382759,3.4582723],[-76.5382318,3.4582975],[-76.5382105,3.458319],[-76.5382517,3.4583866],[-76.5382416,3.4586191],[-76.5381986,3.4586806],[-76.5381324,3.4587752],[-76.5380333,3.4587154],[-76.5379592,3.4586824],[-76.5379591,3.4586823],[-76.537927,3.458668],[-76.5378959,3.4586542],[-76.5378316,3.4586256],[-76.5378135,3.4586542],[-76.5376629,3.4588913],[-76.537606,3.4589062],[-76.5376,3.4589078],[-76.5375434,3.4588727],[-76.5374711,3.458828],[-76.5374649,3.4588356],[-76.5374413,3.4588645],[-76.5373022,3.4592831],[-76.5372257,3.4595667],[-76.5371177,3.4599672],[-76.5370836,3.4600937],[-76.5371,3.4602698],[-76.5371693,3.4604392],[-76.537258,3.4605485],[-76.5372576,3.4605493],[-76.5372544,3.4605575],[-76.5372345,3.4606054],[-76.5372328,3.4606154],[-76.537231,3.4606253],[-76.5372292,3.4606352],[-76.5372265,3.4606443],[-76.5372202,3.4606515],[-76.5372094,3.4606479],[-76.5372004,3.4606434],[-76.5371923,3.4606389],[-76.5371815,3.460637],[-76.5371715,3.4606397],[-76.5371644,3.4606452],[-76.5371563,3.4606497],[-76.5371473,3.460656],[-76.5371392,3.4606623],[-76.537131,3.4606696],[-76.5371212,3.4606787],[-76.537114,3.4606868],[-76.5371068,3.4606949],[-76.5371005,3.4607022],[-76.5370996,3.4607033],[-76.5370942,3.4607103],[-76.537087,3.4607203],[-76.5370789,3.4607311],[-76.5370717,3.4607392],[-76.5369913,3.4608718],[-76.5367954,3.461157],[-76.5367864,3.4611679],[-76.5367792,3.4611769],[-76.5367729,3.4611841],[-76.5367665,3.4611914],[-76.5367594,3.4612004],[-76.5367522,3.4612077],[-76.536745,3.4612167],[-76.5367378,3.4612258],[-76.5367288,3.4612384],[-76.5367225,3.4612501],[-76.5367144,3.4612619],[-76.536709,3.4612701],[-76.5367045,3.4612782],[-76.5367,3.4612863],[-76.5366928,3.4612981],[-76.5366855,3.4613117],[-76.5366802,3.4613207],[-76.5366757,3.4613288],[-76.5366703,3.4613379],[-76.5366638,3.4613491],[-76.536663,3.4613505],[-76.5366568,3.4613632],[-76.5366504,3.461375],[-76.536646,3.461384],[-76.5366397,3.461394],[-76.5366352,3.4614021],[-76.5366279,3.4614147],[-76.5366217,3.4614238],[-76.5366154,3.4614328],[-76.536609,3.4614419],[-76.5366028,3.46145],[-76.5365964,3.4614573],[-76.5365893,3.4614663],[-76.536582,3.4614762],[-76.5365749,3.4614862],[-76.5365685,3.4614952],[-76.5365623,3.4615061],[-76.536555,3.4615178],[-76.5365504,3.4615265],[-76.5365497,3.4615278],[-76.5365452,3.4615368],[-76.5365415,3.4615459],[-76.5365362,3.4615567],[-76.5365325,3.4615676],[-76.5365272,3.4615794],[-76.5365218,3.4615929],[-76.5365164,3.4616046],[-76.5365119,3.4616146],[-76.5365064,3.4616237],[-76.5364984,3.4616354],[-76.5364929,3.4616427],[-76.5364875,3.4616508],[-76.5364804,3.4616607],[-76.5364749,3.4616706],[-76.5364669,3.4616815],[-76.5364614,3.4616896],[-76.5364552,3.4616996],[-76.5364479,3.4617105],[-76.5364425,3.4617204],[-76.5364372,3.4617303],[-76.536429,3.461743],[-76.5364237,3.4617512],[-76.5364183,3.4617602],[-76.5364138,3.4617674],[-76.5364084,3.4617765],[-76.5364012,3.4617882],[-76.5363958,3.4617982],[-76.5363894,3.461809],[-76.5363832,3.4618208],[-76.5363787,3.4618307],[-76.5363733,3.4618389],[-76.5363679,3.4618497],[-76.5363634,3.4618605],[-76.5363589,3.4618696],[-76.5363553,3.4618795],[-76.5363499,3.4618959],[-76.5363463,3.4619067],[-76.5363454,3.4619176],[-76.5363454,3.4619204],[-76.5363454,3.4619293],[-76.5363454,3.4619392],[-76.5363454,3.461951],[-76.5363463,3.4619628],[-76.5363472,3.4619736],[-76.5363489,3.4619863],[-76.5363517,3.4619971],[-76.5363521,3.4619994],[-76.5363534,3.4620071],[-76.536357,3.4620161],[-76.5363591,3.4620236],[-76.5363598,3.4620261],[-76.5363633,3.4620387],[-76.5363669,3.4620487],[-76.5363697,3.4620604],[-76.5363714,3.4620704],[-76.5363723,3.4620803],[-76.5363733,3.4620903],[-76.5363742,3.4621011],[-76.5363742,3.4621111],[-76.5363742,3.4621237],[-76.5363742,3.4621355],[-76.5363742,3.4621499],[-76.5363742,3.462159],[-76.5363742,3.4621699],[-76.536375,3.4621843],[-76.536375,3.4621979],[-76.536375,3.4622087],[-76.5363742,3.4622268],[-76.5363742,3.4622377],[-76.5363732,3.4622467],[-76.5363714,3.4622603],[-76.5363697,3.4622702],[-76.5363687,3.462282],[-76.5363678,3.4622955],[-76.5363562,3.4623679],[-76.5363552,3.4623805],[-76.5363543,3.4623896],[-76.5363534,3.4623995],[-76.5363507,3.4624104],[-76.5363489,3.4624212],[-76.5363462,3.4624339],[-76.5363453,3.4624457],[-76.5363444,3.4624556],[-76.5363435,3.4624674],[-76.5363417,3.46248],[-76.5363408,3.46249],[-76.5363381,3.4625009],[-76.5363345,3.4625117],[-76.5363309,3.4625207],[-76.5363282,3.4625307],[-76.5363237,3.4625433],[-76.5363201,3.4625551],[-76.5363165,3.4625678],[-76.5363129,3.4625804],[-76.5363102,3.4625894],[-76.5363075,3.4626021],[-76.5363066,3.462613],[-76.5363057,3.4626256],[-76.5363057,3.4626347],[-76.5363057,3.4626374],[-76.5362985,3.4626548],[-76.5362096,3.4628103],[-76.5361066,3.4629903],[-76.5359973,3.4632128],[-76.5359435,3.4632966],[-76.5359435,3.4632966],[-76.535931,3.4633161],[-76.5359077,3.4633428],[-76.5358565,3.4633177],[-76.5358113,3.4633823],[-76.5357736,3.4634579],[-76.5357146,3.4635],[-76.5356945,3.4635177],[-76.5356775,3.4635327],[-76.5355978,3.463603],[-76.5355965,3.4636041],[-76.5356589,3.4636876],[-76.5357108,3.4637569],[-76.5356044,3.4638342],[-76.5353208,3.4640584],[-76.5352492,3.4641001],[-76.5351374,3.4641653],[-76.5350977,3.4641884],[-76.5349786,3.4642648],[-76.5349785,3.4642649],[-76.534938,3.4642908],[-76.5348389,3.4643489],[-76.5348314,3.4643495],[-76.5348276,3.4643806],[-76.5348598,3.4644375],[-76.534891,3.4644929],[-76.5348919,3.4644944],[-76.534911,3.4645282],[-76.534953,3.4646064],[-76.5349534,3.4646071],[-76.535016,3.4647236],[-76.535016,3.4647236],[-76.5350269,3.4647439],[-76.5350516,3.4647898],[-76.535121,3.464919],[-76.5346802,3.4652369],[-76.5346328,3.4651693],[-76.5346319,3.465168],[-76.5346318,3.4651679],[-76.5344752,3.4649445],[-76.5344103,3.465007],[-76.5343865,3.465271],[-76.534371,3.4654431],[-76.5343673,3.4655024],[-76.534368,3.4655195],[-76.5343696,3.4655619],[-76.5343777,3.4656208],[-76.5343844,3.4656486],[-76.5343916,3.4656786],[-76.5344112,3.4657348],[-76.5344129,3.4657384],[-76.5344129,3.4657385],[-76.5344137,3.4657401],[-76.5344363,3.4657886],[-76.5344468,3.4658078],[-76.5344738,3.4658584],[-76.5345059,3.4659059],[-76.5345426,3.4659498],[-76.5345469,3.4659539],[-76.5344807,3.4663472],[-76.534477,3.4663526],[-76.5344737,3.4663567],[-76.5344708,3.4663618],[-76.5344672,3.4663683],[-76.534465,3.4663726],[-76.5344626,3.4663767],[-76.5344622,3.4663775],[-76.5344599,3.4663814],[-76.534455,3.4663888],[-76.5344518,3.4663939],[-76.5344488,3.4663983],[-76.5344463,3.4664029],[-76.5343691,3.4665674],[-76.5343548,3.4665978],[-76.5341023,3.4668767],[-76.5340144,3.4669901],[-76.5339456,3.4670789],[-76.5338289,3.467366],[-76.533794,3.4674518],[-76.5337723,3.4674853],[-76.533702,3.4675942],[-76.5336985,3.4675996],[-76.5336983,3.4675999],[-76.5336346,3.4676986],[-76.5335484,3.4678025],[-76.5335131,3.4678451],[-76.5334778,3.4678876],[-76.5333454,3.4680898],[-76.5333437,3.4680942],[-76.5333397,3.4680998],[-76.5333362,3.4681049],[-76.5333338,3.4681091],[-76.5333313,3.4681137],[-76.533327,3.4681196],[-76.533323,3.4681252],[-76.5333189,3.4681322],[-76.5333144,3.4681391],[-76.5333109,3.468144],[-76.5333076,3.4681486],[-76.5333036,3.4681532],[-76.5332996,3.4681583],[-76.5332953,3.4681639],[-76.5332916,3.468169],[-76.5332888,3.4681718],[-76.5332876,3.4681731],[-76.5332828,3.4681784],[-76.5332796,3.468182],[-76.5332766,3.4681856],[-76.5332737,3.4681892],[-76.5332678,3.4681961],[-76.5332627,3.4682014],[-76.5332571,3.4682073],[-76.5332507,3.4682144],[-76.5332446,3.4682221],[-76.5332387,3.4682295],[-76.5332341,3.4682356],[-76.5332296,3.4682415],[-76.5332255,3.4682482],[-76.5332225,3.4682539],[-76.5332201,3.4682585],[-76.533216,3.4682654],[-76.5332136,3.4682695],[-76.5332111,3.4682736],[-76.5332087,3.468278],[-76.5332038,3.468286],[-76.5332011,3.4682906],[-76.5331965,3.4682983],[-76.5331935,3.4683035],[-76.5331911,3.4683081],[-76.5331881,3.468314],[-76.5331853,3.468321],[-76.5331831,3.4683261],[-76.5331801,3.4683318],[-76.5331771,3.4683377],[-76.5331736,3.4683454],[-76.5331716,3.4683514],[-76.5331697,3.468356],[-76.5331674,3.468362],[-76.533166,3.4683679],[-76.5331645,3.4683742],[-76.5331634,3.4683804],[-76.5331619,3.4683866],[-76.533161,3.4683921],[-76.5331607,3.4683947],[-76.5331577,3.4684089],[-76.5331573,3.4684149],[-76.5331558,3.4684235],[-76.5331548,3.4684308],[-76.5331545,3.4684357],[-76.5331543,3.468442],[-76.5331539,3.4684498],[-76.5331534,3.4684571],[-76.5331533,3.4684623],[-76.5331534,3.4684675],[-76.5331535,3.4684743],[-76.5331533,3.4684821],[-76.5331534,3.4684883],[-76.5331532,3.4684956],[-76.5331533,3.468504],[-76.5331531,3.4685121],[-76.5331534,3.4685148],[-76.5331535,3.4685157],[-76.5331581,3.4685299],[-76.5331598,3.4685362],[-76.5331614,3.4685433],[-76.5331618,3.4685493],[-76.5331616,3.4685558],[-76.5331617,3.468561],[-76.5331621,3.4685663],[-76.5331628,3.4685717],[-76.5331629,3.4685777],[-76.533163,3.4685845],[-76.5331631,3.4685895],[-76.5331637,3.4685958],[-76.5331644,3.4686018],[-76.5331655,3.4686088],[-76.5331667,3.4686141],[-76.533178,3.4686646],[-76.533178,3.4686647],[-76.5331783,3.4686658],[-76.5331788,3.4686669],[-76.5331928,3.4686981],[-76.5332016,3.4687239],[-76.5332031,3.4687376],[-76.5332027,3.468746],[-76.5332013,3.4687547],[-76.5331994,3.4687648],[-76.5331883,3.4688214],[-76.5331861,3.4688263],[-76.5331836,3.4688327],[-76.5331811,3.4688389],[-76.53318,3.4688423],[-76.5331772,3.4688495],[-76.5331749,3.4688562],[-76.5331735,3.4688619],[-76.5331715,3.4688702],[-76.5331698,3.4688749],[-76.5331681,3.4688793],[-76.5331662,3.4688844],[-76.5331645,3.4688899],[-76.5331631,3.4688953],[-76.5331614,3.468901],[-76.5331599,3.4689064],[-76.5331588,3.4689114],[-76.5331579,3.468916],[-76.5331564,3.4689243],[-76.5331555,3.468929],[-76.5331538,3.4689355],[-76.5331529,3.4689396],[-76.5331509,3.4689482],[-76.5331497,3.4689523],[-76.5331486,3.468957],[-76.5331472,3.4689614],[-76.5331457,3.4689666],[-76.5331441,3.4689715],[-76.5331427,3.4689761],[-76.5331415,3.4689808],[-76.5331389,3.4689899],[-76.5331378,3.4689951],[-76.5331366,3.4689997],[-76.5331377,3.4690076],[-76.5331389,3.4690128],[-76.5331387,3.4690193],[-76.5331371,3.4690234],[-76.533137,3.4690284],[-76.5331366,3.4690341],[-76.5331364,3.4690391],[-76.533136,3.4690474],[-76.5331355,3.469055],[-76.5331354,3.4690607],[-76.533135,3.4690664],[-76.5331348,3.4690737],[-76.5331346,3.4690802],[-76.5331345,3.4690873],[-76.5331341,3.4690935],[-76.5331339,3.4690995],[-76.5331322,3.4691052],[-76.533131,3.4691109],[-76.533129,3.4691179],[-76.5331273,3.4691257],[-76.5331266,3.4691306],[-76.5331254,3.4691387],[-76.5331242,3.4691457],[-76.5331232,3.4691535],[-76.5331228,3.4691608],[-76.5331226,3.4691675],[-76.533122,3.4691733],[-76.5331216,3.4691782],[-76.5331212,3.4691842],[-76.5331213,3.4691894],[-76.5331211,3.4691962],[-76.533121,3.4692006],[-76.5331209,3.4692058],[-76.5331208,3.4692105],[-76.5331206,3.4692191],[-76.5331204,3.4692277],[-76.53312,3.4692332],[-76.5331196,3.4692384],[-76.5331192,3.4692438],[-76.5331188,3.4692498],[-76.5331181,3.4692558],[-76.5331192,3.4692631],[-76.5331199,3.4692681],[-76.5331205,3.4692741],[-76.533121,3.4692777],[-76.5331214,3.4692806],[-76.5331223,3.4692869],[-76.5331229,3.4692919],[-76.5331238,3.4692969],[-76.5331245,3.4693018],[-76.5331254,3.4693066],[-76.5331261,3.4693118],[-76.5331258,3.4693149],[-76.5331257,3.4693173],[-76.5331245,3.469323],[-76.5331233,3.4693281],[-76.5331227,3.4693328],[-76.5331215,3.469338],[-76.5331204,3.4693432],[-76.5331192,3.4693481],[-76.533118,3.4693533],[-76.5331171,3.4693582],[-76.5331162,3.4693637],[-76.5331158,3.4693689],[-76.5331157,3.4693739],[-76.5331156,3.4693791],[-76.5331154,3.4693848],[-76.5331153,3.4693905],[-76.5331152,3.4693955],[-76.5331148,3.4694009],[-76.5331144,3.4694061],[-76.5331134,3.4694129],[-76.5331125,3.4694197],[-76.5331095,3.469438],[-76.5331092,3.4694406],[-76.5331047,3.4694538],[-76.5330929,3.4694745],[-76.5330771,3.4694924],[-76.5330444,3.4695178],[-76.5330156,3.4695441],[-76.5330061,3.4695566],[-76.5330058,3.4695572],[-76.5330033,3.4695623],[-76.533001,3.4695678],[-76.5329984,3.4695733],[-76.5329961,3.4695784],[-76.532994,3.4695837],[-76.5329908,3.4695929],[-76.5329889,3.4695975],[-76.5329857,3.4696053],[-76.5329841,3.4696092],[-76.5329808,3.4696175],[-76.5329783,3.4696256],[-76.5329757,3.4696337],[-76.5329734,3.4696417],[-76.5329718,3.4696493],[-76.5329706,3.4696532],[-76.5329697,3.4696581],[-76.5329688,3.4696631],[-76.5329678,3.4696682],[-76.5329667,3.4696735],[-76.5329657,3.4696793],[-76.5329648,3.4696846],[-76.5329636,3.4696901],[-76.5329627,3.4696956],[-76.5329617,3.4697009],[-76.532961,3.4697065],[-76.5329599,3.469712],[-76.5329587,3.4697168],[-76.5329575,3.4697217],[-76.5329566,3.4697267],[-76.5329554,3.4697316],[-76.5329543,3.4697369],[-76.5329533,3.469742],[-76.5329522,3.4697475],[-76.5329508,3.4697532],[-76.5329494,3.4697585],[-76.5329482,3.4697634],[-76.5329473,3.4697689],[-76.5329459,3.4697737],[-76.5329445,3.4697784],[-76.5329426,3.4697839],[-76.5329408,3.4697892],[-76.5329389,3.4697942],[-76.5329366,3.4698002],[-76.5329341,3.469806],[-76.5329315,3.4698108],[-76.5329292,3.4698155],[-76.5329255,3.4698216],[-76.5329225,3.4698263],[-76.5329195,3.4698314],[-76.5329172,3.4698362],[-76.5329144,3.4698415],[-76.5329123,3.4698462],[-76.5329059,3.4698616],[-76.5329042,3.4698669],[-76.5329025,3.4698722],[-76.5329013,3.4698777],[-76.5328996,3.4698832],[-76.5328976,3.4698886],[-76.5328962,3.4698946],[-76.532895,3.4699006],[-76.5328937,3.4699063],[-76.532893,3.4699123],[-76.5328918,3.4699185],[-76.5328912,3.4699243],[-76.5328908,3.4699303],[-76.5328906,3.4699363],[-76.5328904,3.4699428],[-76.5328902,3.4699486],[-76.53289,3.469955],[-76.5328902,3.469961],[-76.5328902,3.469967],[-76.5328901,3.4699733],[-76.5328901,3.469979],[-76.5328901,3.469985],[-76.5328901,3.4699912],[-76.5328898,3.4699975],[-76.5328898,3.4700035],[-76.5328896,3.4700095],[-76.5328896,3.4700155],[-76.5328893,3.4700215],[-76.5328886,3.4700277],[-76.5328879,3.4700344],[-76.5328872,3.4700406],[-76.5328865,3.4700473],[-76.5328855,3.4700535],[-76.5328846,3.4700599],[-76.5328836,3.4700662],[-76.5328829,3.4700726],[-76.5328822,3.4700789],[-76.5328815,3.4700848],[-76.5328806,3.4700911],[-76.5328799,3.4700971],[-76.5328796,3.4701024],[-76.5328796,3.4701084],[-76.5328796,3.4701143],[-76.5328796,3.4701203],[-76.5328795,3.4701266],[-76.5328793,3.4701333],[-76.532879,3.4701399],[-76.5328788,3.4701466],[-76.5328785,3.470154],[-76.5328781,3.4701612],[-76.5328778,3.4701688],[-76.5328773,3.4701757],[-76.5328768,3.4701826],[-76.5328766,3.47019],[-76.5328759,3.4701971],[-76.5328749,3.4702043],[-76.5328742,3.4702114],[-76.5328733,3.4702188],[-76.5328723,3.4702271],[-76.5328714,3.4702349],[-76.5328707,3.4702423],[-76.5328695,3.4702504],[-76.532869,3.4702573],[-76.5328683,3.470264],[-76.5328676,3.4702702],[-76.5328671,3.4702757],[-76.5328666,3.4702817],[-76.5328664,3.4702873],[-76.5328659,3.4702926],[-76.5328654,3.4702979],[-76.5328654,3.4703036],[-76.5328647,3.4703094],[-76.5328642,3.4703152],[-76.5328642,3.4703209],[-76.5328642,3.4703267],[-76.5328644,3.4703322],[-76.5328644,3.4703373],[-76.5328644,3.4703431],[-76.5328643,3.4703479],[-76.5328646,3.4703527],[-76.5328648,3.4703583],[-76.5328648,3.4703629],[-76.5328647,3.4703677],[-76.5328649,3.4703772],[-76.5328652,3.4703823],[-76.5328654,3.4703869],[-76.5328656,3.4703917],[-76.5328656,3.4703966],[-76.5328658,3.4704016],[-76.5328667,3.4704106],[-76.5328673,3.4704185],[-76.5328678,3.4704249],[-76.5328684,3.4704298],[-76.5328686,3.4704353],[-76.5328686,3.4704418],[-76.5328686,3.4704487],[-76.5328651,3.470454],[-76.5328361,3.470475],[-76.5328069,3.4704962],[-76.5327257,3.4705399],[-76.5327225,3.4705424],[-76.5327112,3.4705424],[-76.532695,3.4705338],[-76.5326855,3.4705242],[-76.5326655,3.4705118],[-76.5326465,3.4704975],[-76.5326198,3.4704812],[-76.5325922,3.4704707],[-76.5325807,3.4704678],[-76.5325674,3.4704659],[-76.5325462,3.4704635],[-76.5325418,3.4704645],[-76.5325329,3.470465],[-76.5325272,3.4704651],[-76.5325207,3.4704652],[-76.5325135,3.4704653],[-76.5325056,3.4704649],[-76.5324982,3.4704644],[-76.5324904,3.4704634],[-76.5324826,3.4704625],[-76.5324747,3.4704613],[-76.5324678,3.4704602],[-76.5324605,3.4704587],[-76.5324546,3.4704569],[-76.5324462,3.4704539],[-76.5324429,3.4704521],[-76.532439,3.47045],[-76.5324349,3.4704476],[-76.5324268,3.4704433],[-76.5324197,3.47044],[-76.5324114,3.4704357],[-76.5324072,3.4704334],[-76.5323991,3.4704295],[-76.5323938,3.4704272],[-76.5323894,3.4704253],[-76.5323835,3.4704229],[-76.5323776,3.4704215],[-76.5323722,3.4704202],[-76.5323656,3.4704186],[-76.5323588,3.4704173],[-76.5323519,3.4704166],[-76.5323449,3.4704158],[-76.5323377,3.4704154],[-76.5323324,3.4704153],[-76.5323261,3.4704149],[-76.5323205,3.4704148],[-76.5323113,3.4704147],[-76.5323052,3.4704147],[-76.5322995,3.4704148],[-76.5322904,3.4704154],[-76.5322854,3.4704165],[-76.5322783,3.470419],[-76.5322728,3.4704208],[-76.5322672,3.4704229],[-76.5322602,3.4704254],[-76.5322555,3.4704279],[-76.5322496,3.4704301],[-76.5322451,3.4704319],[-76.5322353,3.4704364],[-76.5322288,3.4704398],[-76.5322228,3.4704429],[-76.5322176,3.4704459],[-76.5322126,3.4704485],[-76.5322059,3.4704526],[-76.5322012,3.4704564],[-76.5321966,3.4704606],[-76.5321919,3.470465],[-76.532187,3.4704701],[-76.5321839,3.470473],[-76.5321812,3.470477],[-76.5321754,3.4704841],[-76.5321604,3.4705007],[-76.5321466,3.470521],[-76.5321439,3.470526],[-76.5321422,3.4705309],[-76.5321399,3.4705366],[-76.5321378,3.4705419],[-76.5321343,3.4705485],[-76.5321315,3.4705603],[-76.532131,3.4705657],[-76.5321305,3.4705717],[-76.5321303,3.4705781],[-76.5321295,3.4705864],[-76.5321288,3.4705936],[-76.5321285,3.4706012],[-76.5321278,3.4706095],[-76.5321273,3.4706176],[-76.532127,3.4706259],[-76.5321261,3.4706347],[-76.5321256,3.4706434],[-76.5321248,3.4706518],[-76.5321241,3.470661],[-76.5321234,3.4706695],[-76.5321222,3.4706776],[-76.532121,3.4706862],[-76.5321196,3.4706947],[-76.5321181,3.470703],[-76.5321167,3.4707115],[-76.5321151,3.4707201],[-76.5321136,3.4707284],[-76.5321118,3.4707376],[-76.5321099,3.4707461],[-76.5321085,3.4707551],[-76.5321073,3.4707639],[-76.5321065,3.4707727],[-76.532106,3.470781],[-76.5321055,3.4707891],[-76.5321048,3.4707969],[-76.5321043,3.4708045],[-76.5321031,3.4708122],[-76.5321012,3.4708195],[-76.5320987,3.4708274],[-76.5320954,3.4708352],[-76.532091,3.4708437],[-76.5320861,3.4708527],[-76.532081,3.4708622],[-76.5320752,3.4708723],[-76.5320697,3.4708827],[-76.5320636,3.4708935],[-76.5320574,3.4709048],[-76.5320502,3.4709174],[-76.5320437,3.4709292],[-76.5320372,3.4709402],[-76.53203,3.470952],[-76.5320238,3.4709632],[-76.532018,3.4709745],[-76.5320128,3.4709856],[-76.5320075,3.4709966],[-76.5320022,3.4710072],[-76.5319973,3.4710171],[-76.5319922,3.4710273],[-76.5319873,3.471037],[-76.531982,3.4710466],[-76.5319778,3.4710558],[-76.5319738,3.4710651],[-76.5319704,3.4710741],[-76.5319666,3.4710828],[-76.5319638,3.4710909],[-76.5319615,3.4710987],[-76.5319594,3.4711063],[-76.5319568,3.471113],[-76.5319547,3.4711197],[-76.5319531,3.4711264],[-76.5319517,3.4711322],[-76.53195,3.4711377],[-76.5319484,3.4711432],[-76.5319468,3.4711495],[-76.5319447,3.471155],[-76.5319423,3.4711605],[-76.5319393,3.4711663],[-76.5319361,3.4711716],[-76.5319321,3.4711775],[-76.5319273,3.4711835],[-76.5319231,3.4711895],[-76.531919,3.4711957],[-76.5319139,3.4712017],[-76.531909,3.4712081],[-76.531903,3.4712146],[-76.531897,3.471221],[-76.5318912,3.4712275],[-76.5318852,3.471233],[-76.5318808,3.4712376],[-76.5318762,3.4712415],[-76.5318709,3.4712454],[-76.5318661,3.4712493],[-76.5318614,3.4712525],[-76.5318573,3.4712566],[-76.5318538,3.4712612],[-76.5318501,3.4712665],[-76.5318466,3.4712718],[-76.5318436,3.4712766],[-76.5318399,3.4712822],[-76.531836,3.4712877],[-76.5318334,3.4712925],[-76.5318316,3.4712978],[-76.5318302,3.4713036],[-76.5318299,3.4713091],[-76.5318297,3.4713137],[-76.5318292,3.4713195],[-76.5318287,3.4713244],[-76.5318284,3.471329],[-76.5318279,3.4713378],[-76.531827,3.4713426],[-76.5318258,3.471347],[-76.5318242,3.4713516],[-76.5318219,3.4713569],[-76.5318186,3.4713624],[-76.5318149,3.4713686],[-76.531811,3.4713746],[-76.531807,3.4713815],[-76.5318038,3.4713882],[-76.531801,3.4713949],[-76.5317973,3.4714016],[-76.5317936,3.4714071],[-76.5317892,3.4714133],[-76.531785,3.4714186],[-76.5317811,3.4714234],[-76.5317765,3.4714276],[-76.5317721,3.4714312],[-76.5317672,3.4714349],[-76.5317615,3.4714381],[-76.5317557,3.4714408],[-76.531749,3.4714431],[-76.5317419,3.4714449],[-76.5317361,3.4714468],[-76.5317288,3.4714483],[-76.5317214,3.4714497],[-76.5317171,3.4714508],[-76.5317099,3.4714522],[-76.5317026,3.471454],[-76.5316957,3.4714565],[-76.5316881,3.4714597],[-76.5316795,3.471464],[-76.5316719,3.4714688],[-76.5316641,3.4714739],[-76.5316569,3.4714785],[-76.5316482,3.4714846],[-76.5316394,3.4714911],[-76.5316293,3.4714982],[-76.5316205,3.4715055],[-76.5316122,3.4715122],[-76.5316034,3.4715186],[-76.5315963,3.4715246],[-76.5315882,3.4715301],[-76.5315801,3.4715358],[-76.5315727,3.4715415],[-76.5315642,3.4715461],[-76.5315573,3.4715509],[-76.5315506,3.4715555],[-76.5315428,3.4715603],[-76.5315359,3.4715649],[-76.5315296,3.4715695],[-76.5315241,3.4715743],[-76.5315199,3.471578],[-76.5315148,3.4715826],[-76.5315091,3.4715876],[-76.5315033,3.4715922],[-76.5314973,3.4715973],[-76.5314913,3.4716021],[-76.5314853,3.4716067],[-76.5314793,3.471612],[-76.5314729,3.4716172],[-76.5314657,3.4716227],[-76.5314595,3.4716278],[-76.5314525,3.4716331],[-76.5314456,3.4716388],[-76.5314394,3.4716434],[-76.5314341,3.4716475],[-76.5314265,3.4716523],[-76.5314193,3.4716572],[-76.5314136,3.4716615],[-76.5314076,3.4716659],[-76.531402,3.4716695],[-76.5313965,3.4716737],[-76.5313921,3.4716764],[-76.5313877,3.4716792],[-76.5313834,3.4716819],[-76.5313751,3.4716863],[-76.5313693,3.4716897],[-76.5313647,3.4716924],[-76.5313589,3.4716947],[-76.5313525,3.4716979],[-76.5313453,3.4717014],[-76.5313403,3.4717057],[-76.5313363,3.4717085],[-76.5313315,3.4717117],[-76.5313283,3.4717137],[-76.5313082,3.4717282],[-76.5313218,3.4717412],[-76.5315068,3.4719154],[-76.5314328,3.4719975],[-76.5313353,3.4721054],[-76.5311707,3.4723293],[-76.5310958,3.4725389],[-76.5313775,3.4730248],[-76.5321675,3.4731705],[-76.5321575,3.4733253],[-76.5321412,3.4735763],[-76.5321192,3.4739154],[-76.5323045,3.4740855],[-76.5322582,3.474676],[-76.5322484,3.4747188],[-76.5322013,3.4747571],[-76.532096,3.4748246],[-76.5320664,3.4748448],[-76.5319708,3.4749103],[-76.5318075,3.4749969],[-76.5317586,3.4750288],[-76.5317023,3.4750598],[-76.5316703,3.4750835],[-76.5316343,3.4751106],[-76.5315839,3.4751485],[-76.5315337,3.4751873],[-76.5315227,3.4752001],[-76.531418,3.4753041],[-76.5313775,3.4753369],[-76.5313467,3.4753752],[-76.5313096,3.4754338],[-76.5312644,3.4754889],[-76.5312354,3.4755181],[-76.5311903,3.4755375],[-76.5311333,3.4755388],[-76.5310522,3.4755098],[-76.5309424,3.4755097],[-76.5308876,3.4755268],[-76.5307843,3.4756369],[-76.5307772,3.4756486],[-76.5306858,3.4756697],[-76.5306476,3.4756786],[-76.5305877,3.4756946],[-76.5305795,3.4756968],[-76.5305704,3.4756992],[-76.5305622,3.4757014],[-76.5305059,3.4757165],[-76.5304895,3.4757209],[-76.5304667,3.4757388],[-76.530458,3.4757534],[-76.5303849,3.4759296],[-76.5303594,3.4759912],[-76.5303361,3.4760473],[-76.530321,3.4760777],[-76.5303023,3.4760894],[-76.5302514,3.4761001],[-76.5302333,3.4761055],[-76.5302181,3.4761232],[-76.5301955,3.4761685],[-76.5301728,3.4762107],[-76.5301445,3.47626],[-76.5301247,3.47631],[-76.5301042,3.4763599],[-76.5300851,3.4764091],[-76.5300688,3.4764583],[-76.5300525,3.4765018],[-76.5300489,3.4765113],[-76.5300382,3.4765396],[-76.5300266,3.476571],[-76.5300137,3.4766102],[-76.5300009,3.4766529],[-76.5299908,3.4766921],[-76.5299669,3.4767485],[-76.5299484,3.4767877],[-76.5299319,3.4768249],[-76.5299178,3.4768642],[-76.5298974,3.4769356],[-76.5298866,3.4769813],[-76.5298669,3.4770384],[-76.5298659,3.4770411],[-76.5298545,3.4770733],[-76.5298391,3.4771199],[-76.5298362,3.4771288],[-76.5298278,3.4771948],[-76.529803,3.477237],[-76.5297704,3.4772742],[-76.5297451,3.4773138],[-76.5297195,3.4773558],[-76.5296925,3.4773971],[-76.5296815,3.4774131],[-76.5296619,3.477442],[-76.5296332,3.4774836],[-76.5296153,3.4775334],[-76.5296094,3.4775799],[-76.5295984,3.4776311],[-76.5295657,3.4776661],[-76.5295349,3.4777117],[-76.5295143,3.4777597],[-76.5294993,3.4778048],[-76.5294775,3.4778532],[-76.5294583,3.4779041],[-76.5294433,3.4779481],[-76.5294285,3.4780006],[-76.5294197,3.4780494],[-76.5294114,3.4780944],[-76.5294009,3.4781436],[-76.5293851,3.4781985],[-76.5293693,3.4782498],[-76.5293616,3.4782974],[-76.5293489,3.4783512],[-76.529338,3.4783678],[-76.5293213,3.4783932],[-76.5293015,3.4784429],[-76.5292832,3.4784927],[-76.5292695,3.478537],[-76.5292615,3.4785877],[-76.5292637,3.4786443],[-76.5292749,3.4786968],[-76.5292781,3.4787517],[-76.5292773,3.4788031],[-76.5292722,3.4788546],[-76.52927,3.478869],[-76.5292643,3.4789063],[-76.5292533,3.4789583],[-76.5292415,3.479004],[-76.5292304,3.4790534],[-76.5292283,3.4790781],[-76.5292257,3.4791107],[-76.5292248,3.4791607],[-76.5292242,3.4791996],[-76.529224,3.479217],[-76.5292219,3.4792652],[-76.5292215,3.4793165],[-76.5292213,3.4793736],[-76.5292232,3.4794172],[-76.5292285,3.4794602],[-76.5292362,3.4795017],[-76.5292456,3.4795414],[-76.5292567,3.479579],[-76.5292691,3.4796152],[-76.5292779,3.4796521],[-76.5292618,3.4797066],[-76.5292447,3.4797285],[-76.5292265,3.4797862],[-76.5292183,3.4798425],[-76.5292127,3.4798737],[-76.5292073,3.4799049],[-76.5291976,3.4799685],[-76.5291945,3.4799822],[-76.5291845,3.4800264],[-76.5291735,3.4800713],[-76.529157,3.480117],[-76.5291569,3.4801171],[-76.5291397,3.4801607],[-76.5291294,3.4802082],[-76.5291526,3.4802238],[-76.5291913,3.4801928],[-76.529229,3.4801601],[-76.5292813,3.4801544],[-76.5293239,3.480191],[-76.5293367,3.4802155],[-76.5293345,3.4802728],[-76.5293285,3.4802881],[-76.5293127,3.4803286],[-76.5292471,3.4804215],[-76.5292385,3.4804319],[-76.5292367,3.4804319],[-76.5293804,3.4804862],[-76.529524,3.4805404],[-76.5296646,3.4805992],[-76.5301084,3.4806721],[-76.5304715,3.4809507],[-76.5305086,3.4810268],[-76.5310163,3.4811549],[-76.5312458,3.4815668],[-76.5309488,3.4819967],[-76.5305125,3.4819871],[-76.5303506,3.4819995],[-76.5303369,3.4820006],[-76.5303379,3.4820007],[-76.5303669,3.4821302],[-76.5303814,3.482253],[-76.5303955,3.4823719],[-76.5304407,3.4826398],[-76.5304144,3.4830547],[-76.5303978,3.4833159],[-76.5304089,3.4833194],[-76.530439,3.4833272],[-76.5304626,3.483343],[-76.5305111,3.4833864],[-76.5305792,3.4834744],[-76.5306145,3.4835086],[-76.5306405,3.4835242],[-76.5306538,3.4835322],[-76.5306793,3.483542],[-76.5306983,3.4835493],[-76.5307559,3.4835611],[-76.5308122,3.4835703],[-76.5308842,3.4835715],[-76.5309549,3.4835623],[-76.5310043,3.483561],[-76.5310046,3.4835609],[-76.5310157,3.4835621],[-76.5310439,3.4835649],[-76.5310552,3.4835688],[-76.5310884,3.4835806],[-76.5311618,3.4836227],[-76.5312128,3.4836594],[-76.53126,3.4837081],[-76.5313294,3.4837659],[-76.5313459,3.4837802],[-76.5314361,3.4838583],[-76.5314931,3.4839078],[-76.531611,3.4840037],[-76.5316712,3.4840392],[-76.5317183,3.4840654],[-76.5317655,3.4840838],[-76.5318087,3.4841048],[-76.5318191,3.4841135],[-76.5318637,3.4841508],[-76.5318806,3.484171],[-76.5319187,3.4842165],[-76.531958,3.4842652],[-76.5320484,3.4843532],[-76.5321008,3.4844045],[-76.5321401,3.4844531],[-76.5321898,3.4845214],[-76.5322012,3.4845381],[-76.53221,3.4845509],[-76.5322213,3.4845674],[-76.5322609,3.4845964],[-76.5322789,3.4846095],[-76.5324151,3.4847225],[-76.5324845,3.4847895],[-76.5325461,3.4848683],[-76.5326443,3.4850234],[-76.5326994,3.4851115],[-76.5327159,3.4851366],[-76.5327341,3.4851644],[-76.53274,3.4851733],[-76.5327531,3.4852061],[-76.532761,3.4852522],[-76.532761,3.485289],[-76.5327479,3.4853468],[-76.5327284,3.4854494],[-76.5327192,3.4855086],[-76.5327206,3.4855454],[-76.5327337,3.4855783],[-76.532752,3.4856019],[-76.5327795,3.4856216],[-76.5327971,3.485629],[-76.5328201,3.4856387],[-76.532879,3.4856571],[-76.5329353,3.4856768],[-76.5330259,3.4856974],[-76.5330475,3.4857023],[-76.5330505,3.485703],[-76.5331085,3.4857183],[-76.5331998,3.4857424],[-76.5332508,3.4857677],[-76.5332621,3.4857733],[-76.5332821,3.4857858],[-76.533318,3.4858083],[-76.5333515,3.4858364],[-76.5333683,3.4858644],[-76.5333705,3.4858816],[-76.5333725,3.4858967],[-76.5333711,3.4859331],[-76.5333516,3.4859892],[-76.5333349,3.4860566],[-76.5333084,3.4861211],[-76.5333028,3.4861674],[-76.5333015,3.4861954],[-76.5333071,3.4862277],[-76.533319,3.486239],[-76.533335,3.4862543],[-76.5333685,3.4862683],[-76.5334048,3.4862739],[-76.5334551,3.4862781],[-76.5335068,3.4862837],[-76.5335489,3.4862889],[-76.5335514,3.4862893],[-76.5336003,3.4863019],[-76.5336492,3.4863187],[-76.5337037,3.4863467],[-76.5337637,3.4863761],[-76.5338294,3.4864223],[-76.5339048,3.486484],[-76.5339565,3.4865359],[-76.533981,3.4865617],[-76.5339867,3.4865676],[-76.5339868,3.4865678],[-76.5340124,3.4865947],[-76.5340571,3.4866536],[-76.5341353,3.4867518],[-76.5341734,3.4868077],[-76.5341926,3.4868359],[-76.5342531,3.4869316],[-76.5342989,3.4870041],[-76.5343254,3.4870406],[-76.5343631,3.487084],[-76.5344078,3.4871303],[-76.5344442,3.4871751],[-76.5344861,3.4872382],[-76.5345084,3.4872747],[-76.5345154,3.4873125],[-76.5345183,3.487349],[-76.5345085,3.4873911],[-76.5344948,3.4874256],[-76.5344948,3.4874257],[-76.5344939,3.4874278],[-76.5344918,3.4874332],[-76.5344864,3.4874413],[-76.5344611,3.4874795],[-76.534457,3.4874848],[-76.5344061,3.4875517],[-76.5343954,3.4876066],[-76.5343818,3.4876768],[-76.5343819,3.4876805],[-76.5343825,3.4876958],[-76.5343884,3.487709],[-76.5344008,3.4877171],[-76.534419,3.4877229],[-76.5344394,3.4877229],[-76.5344694,3.4877214],[-76.5345037,3.4877185],[-76.5345255,3.4877119],[-76.5345386,3.4877062],[-76.534546,3.4877031],[-76.53457,3.4876899],[-76.5345868,3.4876855],[-76.5346138,3.4876833],[-76.5346462,3.487685],[-76.5346484,3.4876851],[-76.5346484,3.4876851],[-76.5346539,3.4876854],[-76.5347017,3.4876927],[-76.5347027,3.4876928],[-76.5347494,3.4876999],[-76.5347643,3.4877042],[-76.5348086,3.4877171],[-76.5349431,3.4877631],[-76.5350624,3.4878152],[-76.5350669,3.4878182],[-76.5351358,3.4878644],[-76.5351688,3.4878905],[-76.5351939,3.4879104],[-76.5352521,3.4879688],[-76.5352949,3.4880271],[-76.5353439,3.48811],[-76.535399,3.4881991],[-76.5354532,3.48827],[-76.5354694,3.4882913],[-76.5354025,3.4883786],[-76.5353971,3.4883857],[-76.5353784,3.4884025],[-76.535354,3.4884245],[-76.535326,3.488458],[-76.5352981,3.4884915],[-76.53529,3.4884887],[-76.5352846,3.4884871],[-76.535281,3.4884861],[-76.5352729,3.4884834],[-76.5352639,3.4884815],[-76.5352549,3.4884797],[-76.5352459,3.4884789],[-76.5352369,3.4884779],[-76.5352279,3.488477],[-76.5352189,3.4884761],[-76.5352099,3.4884743],[-76.5352009,3.4884725],[-76.5351928,3.4884698],[-76.5351848,3.4884653],[-76.5351775,3.4884608],[-76.5351694,3.4884553],[-76.5351623,3.4884499],[-76.535155,3.4884454],[-76.5351469,3.4884399],[-76.5351398,3.4884354],[-76.5351316,3.4884318],[-76.5351235,3.4884273],[-76.5351154,3.4884237],[-76.5351073,3.4884191],[-76.5350993,3.4884146],[-76.535092,3.4884101],[-76.5350858,3.4884028],[-76.5350785,3.4883983],[-76.5350695,3.4884001],[-76.5350623,3.4884047],[-76.5350551,3.488411],[-76.5350498,3.4884182],[-76.5350107,3.4883922],[-76.5349485,3.4883505],[-76.5348871,3.4883225],[-76.5348239,3.4883016],[-76.5347163,3.4882681],[-76.5345953,3.4882518],[-76.5344362,3.4882173],[-76.5343343,3.4881896],[-76.5342334,3.4881733],[-76.5341264,3.4881575],[-76.5340583,3.4881631],[-76.5340348,3.4881784],[-76.5342047,3.4883829],[-76.5343189,3.4885249],[-76.5345743,3.488715],[-76.5346114,3.488738],[-76.5347114,3.4888107],[-76.5347572,3.4888528],[-76.5348219,3.4889198],[-76.5348781,3.4889811],[-76.5349448,3.4890529],[-76.5349867,3.4890988],[-76.5350048,3.4891361],[-76.535001,3.4892232],[-76.5350029,3.4892826],[-76.5350182,3.4893161],[-76.5350153,3.4894434],[-76.535122,3.4894434],[-76.5351667,3.4894405],[-76.5352191,3.4894548],[-76.5352553,3.4894654],[-76.5352963,3.4894826],[-76.5353144,3.4894941],[-76.5353296,3.4895037],[-76.5353382,3.4895171],[-76.5353429,3.4895305],[-76.5353401,3.4895525],[-76.5353353,3.4896061],[-76.5353296,3.489674],[-76.5353372,3.4897219],[-76.5353563,3.4897506],[-76.5353898,3.4897684],[-76.5354592,3.4897783],[-76.5354944,3.4897774],[-76.5355344,3.4897755],[-76.5355811,3.4897688],[-76.5356115,3.4897716],[-76.5356373,3.4897783],[-76.5356644,3.4897889],[-76.5357187,3.489819],[-76.5357742,3.4898588],[-76.5357697,3.489867],[-76.5357669,3.4898752],[-76.5357624,3.4898833],[-76.535757,3.4898914],[-76.5357498,3.4898959],[-76.5357408,3.4898959],[-76.5357318,3.4898959],[-76.5357228,3.489895],[-76.5357147,3.4898923],[-76.5357057,3.4898896],[-76.5356977,3.4898869],[-76.5356887,3.4898842],[-76.5356797,3.4898814],[-76.5356715,3.4898797],[-76.5356625,3.4898797],[-76.5356535,3.4898814],[-76.5356445,3.4898842],[-76.5356364,3.4898878],[-76.5356292,3.4898923],[-76.535622,3.4898978],[-76.5356148,3.4899041],[-76.5356085,3.4899095],[-76.5356022,3.4899159],[-76.535595,3.4899221],[-76.5355887,3.4899285],[-76.5355861,3.4899305],[-76.5355815,3.4899339],[-76.5355743,3.4899385],[-76.5355662,3.4899439],[-76.5355582,3.4899475],[-76.53555,3.4899511],[-76.5355419,3.4899547],[-76.5355329,3.4899583],[-76.5355257,3.4899628],[-76.5355122,3.4899755],[-76.5354924,3.4900054],[-76.5354879,3.4900135],[-76.5354843,3.4900216],[-76.5354807,3.4900298],[-76.5354772,3.4900379],[-76.5354744,3.4900461],[-76.5354708,3.4900551],[-76.5354672,3.4900632],[-76.5354637,3.4900713],[-76.53546,3.4900795],[-76.5354564,3.4900877],[-76.5354528,3.4900967],[-76.5354502,3.4901048],[-76.5354465,3.490113],[-76.5354438,3.490122],[-76.535442,3.490131],[-76.5354393,3.4901392],[-76.5354367,3.4901482],[-76.5354348,3.4901573],[-76.535433,3.4901655],[-76.5354303,3.4901745],[-76.5354285,3.4901835],[-76.5354267,3.4901917],[-76.5354249,3.4902007],[-76.5354222,3.4902098],[-76.5354213,3.4902188],[-76.5354195,3.4902278],[-76.5354168,3.490236],[-76.5354123,3.4902441],[-76.5354078,3.4902522],[-76.5354015,3.4902586],[-76.5353934,3.4902622],[-76.5353844,3.4902622],[-76.5353754,3.4902595],[-76.5353673,3.4902631],[-76.5353673,3.4902721],[-76.535361,3.4902776],[-76.5353538,3.4902812],[-76.535352,3.4902902],[-76.5353493,3.4902983],[-76.5353475,3.4903074],[-76.5353457,3.4903164],[-76.5353439,3.4903255],[-76.535343,3.4903336],[-76.5353412,3.4903426],[-76.5353394,3.4903517],[-76.5353367,3.4903607],[-76.5353331,3.4903689],[-76.5353286,3.490377],[-76.5353241,3.4903843],[-76.5353187,3.4903915],[-76.5353106,3.4903969],[-76.5353034,3.4904014],[-76.5352962,3.4904078],[-76.5352899,3.4904132],[-76.5352836,3.4904195],[-76.5352773,3.4904268],[-76.5352719,3.490434],[-76.5352674,3.4904413],[-76.535262,3.4904485],[-76.5352575,3.4904566],[-76.5352521,3.4904639],[-76.5352467,3.4904711],[-76.5352413,3.4904783],[-76.5352368,3.4904865],[-76.5352305,3.4904928],[-76.5352242,3.4904991],[-76.535217,3.4905046],[-76.5352089,3.4905091],[-76.5352017,3.4905145],[-76.5351945,3.4905199],[-76.5351873,3.4905253],[-76.5351792,3.4905289],[-76.5351711,3.4905317],[-76.5351621,3.4905344],[-76.5351531,3.4905362],[-76.5351441,3.4905371],[-76.5351351,3.4905371],[-76.5351261,3.4905371],[-76.5351171,3.4905353],[-76.535109,3.4905325],[-76.5351009,3.490528],[-76.5350937,3.4905226],[-76.5350874,3.4905163],[-76.535082,3.4905082],[-76.5350775,3.4905009],[-76.5350721,3.4904937],[-76.5350676,3.4904856],[-76.5350622,3.4904783],[-76.535055,3.490472],[-76.5350478,3.4904684],[-76.5350388,3.4904665],[-76.5350298,3.4904665],[-76.5350208,3.4904656],[-76.5350118,3.4904665],[-76.5350028,3.4904684],[-76.5349938,3.4904711],[-76.5349857,3.4904756],[-76.5349785,3.4904801],[-76.5349704,3.4904846],[-76.5349632,3.4904892],[-76.5349551,3.4904937],[-76.534947,3.4904982],[-76.5349398,3.4905036],[-76.5349326,3.4905091],[-76.5349263,3.4905154],[-76.5349209,3.4905235],[-76.5349164,3.4905308],[-76.5349119,3.4905389],[-76.5349092,3.490547],[-76.5349065,3.4905561],[-76.5349056,3.4905651],[-76.5349047,3.4905741],[-76.5349029,3.4905832],[-76.534902,3.4905913],[-76.5349011,3.4906004],[-76.5349002,3.4906094],[-76.5349002,3.4906184],[-76.5349002,3.4906275],[-76.5349002,3.4906365],[-76.5349002,3.4906456],[-76.5349002,3.4906546],[-76.5349002,3.4906637],[-76.5349002,3.4906727],[-76.5349002,3.4906817],[-76.5348993,3.4906908],[-76.5348984,3.4907007],[-76.5348984,3.4907089],[-76.5349002,3.4907179],[-76.5349029,3.490727],[-76.5349047,3.4907352],[-76.5349074,3.4907442],[-76.5349092,3.4907532],[-76.5349119,3.4907614],[-76.5349141,3.4907687],[-76.5349146,3.4907704],[-76.5349173,3.4907785],[-76.53492,3.4907876],[-76.5349218,3.4907966],[-76.5349245,3.4908047],[-76.5349272,3.4908138],[-76.5349299,3.4908219],[-76.5349326,3.490831],[-76.5349353,3.49084],[-76.534938,3.4908482],[-76.5349407,3.4908572],[-76.5349434,3.4908654],[-76.5349461,3.4908771],[-76.5349677,3.4909304],[-76.5349713,3.4909386],[-76.5349749,3.4909477],[-76.5349776,3.4909558],[-76.5349782,3.4909589],[-76.5349794,3.4909648],[-76.5349812,3.4909739],[-76.5349821,3.4909829],[-76.5349839,3.490992],[-76.5349848,3.491001],[-76.5349857,3.4910091],[-76.5349857,3.4910182],[-76.5349866,3.4910272],[-76.5349866,3.4910363],[-76.5349857,3.4910453],[-76.5349848,3.4910544],[-76.5349839,3.4910634],[-76.5349821,3.4910725],[-76.5349812,3.4910815],[-76.5349794,3.4910905],[-76.5349776,3.4910996],[-76.5349767,3.4911086],[-76.5349758,3.4911177],[-76.534974,3.4911267],[-76.5349731,3.4911348],[-76.5349722,3.4911439],[-76.5349704,3.4911529],[-76.5349695,3.491162],[-76.5349677,3.491171],[-76.5349659,3.4911801],[-76.5349641,3.4911891],[-76.5349623,3.4911972],[-76.5349605,3.4912063],[-76.5349587,3.4912153],[-76.5349569,3.4912244],[-76.5349551,3.4912334],[-76.5349542,3.4912424],[-76.5349533,3.4912515],[-76.5349524,3.4912597],[-76.5349514,3.4912687],[-76.5349506,3.4912778],[-76.5349488,3.4912868],[-76.5349479,3.4912958],[-76.5349461,3.4913049],[-76.5349443,3.4913139],[-76.5349434,3.491323],[-76.5349416,3.4913311],[-76.5349389,3.4913401],[-76.5349371,3.4913492],[-76.5349353,3.4913582],[-76.5349326,3.4913664],[-76.5349308,3.4913754],[-76.5349281,3.4913844],[-76.5349254,3.4913926],[-76.5349227,3.4914016],[-76.5349191,3.4914097],[-76.5349164,3.4914179],[-76.5349128,3.4914261],[-76.5349083,3.4914342],[-76.5349038,3.4914423],[-76.5348993,3.4914504],[-76.5348957,3.4914586],[-76.5348912,3.4914668],[-76.5348876,3.4914749],[-76.5348839,3.491483],[-76.5348822,3.491492],[-76.5348804,3.4915011],[-76.5348794,3.4915101],[-76.5348794,3.4915192],[-76.5348794,3.4915282],[-76.5348794,3.4915373],[-76.5348794,3.4915463],[-76.5348777,3.4915544],[-76.5348749,3.4915635],[-76.5348713,3.4915717],[-76.5349296,3.4916259],[-76.5349405,3.491636],[-76.5351143,3.4917978],[-76.5353339,3.4918954],[-76.5355166,3.4919551],[-76.5355031,3.4919659],[-76.5354771,3.4919741],[-76.5354347,3.4919895],[-76.5354014,3.492003],[-76.5353681,3.4920166],[-76.5353511,3.492022],[-76.5353186,3.4920374],[-76.5352926,3.4920627],[-76.5352637,3.4920989],[-76.5352457,3.4921206],[-76.5352268,3.4921396],[-76.535207,3.4921568],[-76.5351755,3.4921722],[-76.5351494,3.4921784],[-76.5351044,3.4921866],[-76.5350639,3.4921948],[-76.5350385,3.4922045],[-76.5350048,3.4922118],[-76.5349712,3.4922174],[-76.5349532,3.492221],[-76.5349262,3.4922264],[-76.5348921,3.4922372],[-76.5348632,3.492259],[-76.5348461,3.4922897],[-76.5348407,3.4923168],[-76.5348353,3.4923349],[-76.5348173,3.4923656],[-76.5347957,3.4923946],[-76.5347919,3.4923992],[-76.5347919,3.4923992],[-76.5347884,3.4924035],[-76.5347573,3.4924412],[-76.5347435,3.4924579],[-76.5347273,3.4924787],[-76.5347138,3.4925022],[-76.5347111,3.4925293],[-76.5346975,3.4925732],[-76.5346694,3.4926176],[-76.5346423,3.492639],[-76.5346102,3.4926556],[-76.5345598,3.4926754],[-76.5345434,3.4926821],[-76.5345434,3.4926815],[-76.5345352,3.4926846],[-76.5345203,3.4926915],[-76.5345016,3.4927089],[-76.5344827,3.4927363],[-76.5344752,3.4927508],[-76.5344483,3.4927794],[-76.5344232,3.4928024],[-76.5344034,3.4928166],[-76.5343771,3.4928363],[-76.534358,3.4928479],[-76.5343237,3.4928747],[-76.5342972,3.4928849],[-76.5342636,3.492876],[-76.5342403,3.4928774],[-76.5340668,3.4926421],[-76.5339912,3.4925043],[-76.5339884,3.4925003],[-76.5338989,3.492368],[-76.533886,3.4923489],[-76.5338402,3.4922813],[-76.5337808,3.4921935],[-76.5336283,3.4919994],[-76.5335232,3.4917405],[-76.5334148,3.4914476],[-76.5333639,3.4912603],[-76.5333599,3.4911761],[-76.5333623,3.4910333],[-76.5333551,3.4909559],[-76.5333118,3.4908833],[-76.5332491,3.4908034],[-76.5331614,3.490773],[-76.5331012,3.4907577],[-76.5330562,3.490754],[-76.5330139,3.4907685],[-76.532994,3.4907884],[-76.5329734,3.4908182],[-76.5329572,3.4908399],[-76.532931,3.490877],[-76.5329122,3.4909077],[-76.532895,3.4909394],[-76.5328717,3.4909883],[-76.5328072,3.4909324],[-76.5327562,3.4908538],[-76.5327449,3.4908364],[-76.532679,3.4907075],[-76.5326608,3.490672],[-76.5326532,3.490657],[-76.5326131,3.4905786],[-76.5325375,3.4904308],[-76.5325259,3.4904081],[-76.5324937,3.4902068],[-76.5326391,3.4899019],[-76.5324616,3.4896249],[-76.5322997,3.4896672],[-76.5322068,3.4897004],[-76.5321281,3.4897379],[-76.5320659,3.4898045],[-76.5319747,3.4899128],[-76.5318545,3.4900502],[-76.5317975,3.4901132],[-76.5317363,3.4901659],[-76.5316721,3.4902216],[-76.5316079,3.490248],[-76.5315088,3.4902656],[-76.5314417,3.4902539],[-76.5314038,3.4902392],[-76.5313338,3.4902802],[-76.5312725,3.4903389],[-76.5312439,3.4903398],[-76.5312209,3.4903405],[-76.5311962,3.490297],[-76.5311905,3.4902697],[-76.5311947,3.4902066],[-76.5311947,3.4901348],[-76.5312062,3.4900974],[-76.5312119,3.4900142],[-76.5312119,3.4899568],[-76.531209,3.4898548],[-76.5311719,3.4898534],[-76.5311654,3.489834],[-76.5311633,3.4897249],[-76.5312097,3.4897184],[-76.5312112,3.4896258],[-76.531214,3.4896143],[-76.531214,3.489611],[-76.531214,3.4896095],[-76.531214,3.4896063],[-76.531214,3.4895972],[-76.531214,3.4895882],[-76.531214,3.4895848],[-76.531214,3.4895792],[-76.531214,3.4895701],[-76.531214,3.4895601],[-76.531214,3.4895551],[-76.531214,3.4895511],[-76.531214,3.4895421],[-76.531214,3.489533],[-76.531214,3.4895269],[-76.531214,3.489524],[-76.531214,3.4895149],[-76.531214,3.4895059],[-76.531214,3.4894968],[-76.531214,3.4894878],[-76.5312149,3.4894788],[-76.5312149,3.4894697],[-76.5312149,3.4894607],[-76.5312158,3.4894516],[-76.5312167,3.4894426],[-76.5312176,3.4894345],[-76.5312194,3.4894254],[-76.5312221,3.4894164],[-76.5312248,3.4894082],[-76.5312284,3.4893992],[-76.5312311,3.4893911],[-76.5312338,3.489382],[-76.5312374,3.4893739],[-76.5312401,3.4893657],[-76.5312437,3.4893567],[-76.5312473,3.4893485],[-76.53125,3.4893404],[-76.5312536,3.4893314],[-76.5312563,3.4893233],[-76.531259,3.4893142],[-76.5312626,3.4893061],[-76.5312644,3.489297],[-76.5312671,3.4892888],[-76.5312698,3.4892798],[-76.5312716,3.4892708],[-76.5312734,3.4892626],[-76.5312743,3.4892536],[-76.5312752,3.4892446],[-76.5312761,3.4892355],[-76.531277,3.4892265],[-76.5312779,3.4892174],[-76.5312788,3.4892084],[-76.5312797,3.4891993],[-76.5312806,3.4891903],[-76.5312815,3.4891812],[-76.5312824,3.4891722],[-76.5312833,3.4891632],[-76.5312851,3.4891541],[-76.531286,3.4891451],[-76.5312878,3.489136],[-76.5312896,3.4891279],[-76.5312923,3.4891189],[-76.5312959,3.4891107],[-76.5313004,3.4891026],[-76.5313067,3.4890963],[-76.5313139,3.4890908],[-76.531322,3.4890863],[-76.5313301,3.4890836],[-76.5313391,3.4890809],[-76.5313481,3.48908],[-76.5313571,3.4890791],[-76.5313661,3.4890791],[-76.5313799,3.4890766],[-76.5314078,3.4890829],[-76.531437,3.4890818],[-76.5314722,3.48907],[-76.5315472,3.4890678],[-76.5315832,3.4890498],[-76.5315829,3.489025],[-76.53157,3.4889913],[-76.5315621,3.4889669],[-76.531555,3.4889353],[-76.5315428,3.4888937],[-76.5315214,3.4888319],[-76.531505,3.4888018],[-76.5314893,3.4887671],[-76.5314778,3.4887063],[-76.5314814,3.4886826],[-76.5314917,3.4886513],[-76.5315115,3.4886363],[-76.5315424,3.488622],[-76.5315434,3.4886208],[-76.5315425,3.4886124],[-76.5315389,3.4886043],[-76.5315354,3.4885962],[-76.5315299,3.4885889],[-76.5315245,3.4885817],[-76.5315164,3.4885772],[-76.5315084,3.4885736],[-76.5315002,3.4885691],[-76.531493,3.4885636],[-76.5314876,3.4885563],[-76.5314859,3.4885473],[-76.5314867,3.4885383],[-76.5314867,3.4885292],[-76.5314885,3.4885202],[-76.5314894,3.4885111],[-76.5314921,3.488503],[-76.5314921,3.488494],[-76.5314912,3.4884849],[-76.5314911,3.4884845],[-76.5314905,3.4884812],[-76.5314894,3.4884759],[-76.5314867,3.4884668],[-76.5314831,3.4884587],[-76.5314786,3.4884515],[-76.5314732,3.4884442],[-76.5314687,3.4884361],[-76.5314642,3.488428],[-76.5314606,3.4884198],[-76.5314561,3.4884117],[-76.5314525,3.4884035],[-76.531448,3.4883963],[-76.5314435,3.4883882],[-76.531439,3.48838],[-76.5314345,3.4883728],[-76.53143,3.4883647],[-76.5314255,3.4883565],[-76.5314201,3.4883493],[-76.5314156,3.4883421],[-76.5314102,3.4883339],[-76.5314049,3.4883267],[-76.5314004,3.4883194],[-76.531395,3.4883122],[-76.5313895,3.488305],[-76.5313841,3.4882978],[-76.5313787,3.4882905],[-76.5313734,3.4882833],[-76.531368,3.488276],[-76.5313616,3.4882688],[-76.5313562,3.4882616],[-76.5313509,3.4882543],[-76.5313455,3.4882471],[-76.5313401,3.4882398],[-76.5313346,3.4882326],[-76.5313292,3.4882254],[-76.5313239,3.4882181],[-76.5313185,3.4882109],[-76.5313121,3.4882046],[-76.5313059,3.4881991],[-76.5312977,3.4881938],[-76.5312906,3.4881892],[-76.5312825,3.4881847],[-76.5312744,3.4881802],[-76.5312671,3.4881757],[-76.5312591,3.4881711],[-76.531251,3.4881666],[-76.5312429,3.4881621],[-76.5312356,3.4881584],[-76.5312266,3.4881567],[-76.5312176,3.4881557],[-76.5312086,3.4881548],[-76.5311996,3.4881548],[-76.5311906,3.4881548],[-76.5311816,3.4881548],[-76.5311726,3.4881539],[-76.5311636,3.4881539],[-76.5311546,3.4881539],[-76.5311457,3.4881539],[-76.5311367,3.4881539],[-76.5311277,3.4881539],[-76.5311187,3.4881539],[-76.5311097,3.488153],[-76.5311007,3.4881539],[-76.5310917,3.4881548],[-76.5310827,3.4881557],[-76.5310737,3.4881584],[-76.5310656,3.4881612],[-76.5310566,3.4881639],[-76.5310476,3.4881657],[-76.5310395,3.4881684],[-76.5310305,3.4881711],[-76.5310224,3.4881738],[-76.5310134,3.4881765],[-76.5310052,3.4881793],[-76.5309962,3.4881819],[-76.5309882,3.4881847],[-76.5309792,3.4881874],[-76.5309711,3.4881901],[-76.5309621,3.4881928],[-76.530954,3.4881964],[-76.530945,3.4881983],[-76.530936,3.4882009],[-76.530927,3.4882019],[-76.530918,3.4882019],[-76.530909,3.4882028],[-76.5309,3.4882036],[-76.5308919,3.4882064],[-76.5308837,3.4882109],[-76.5308766,3.4882163],[-76.5308721,3.4882235],[-76.5308694,3.4882326],[-76.5308676,3.4882416],[-76.5308667,3.4882507],[-76.530864,3.4882588],[-76.5308622,3.4882678],[-76.5308595,3.4882769],[-76.5308577,3.488285],[-76.5308567,3.488294],[-76.5308559,3.4883031],[-76.5308541,3.4883121],[-76.5308505,3.4883203],[-76.5308469,3.4883285],[-76.5308451,3.4883375],[-76.5308424,3.4883465],[-76.5308415,3.4883556],[-76.5308415,3.4883646],[-76.5308351,3.4883709],[-76.5308277,3.4883743],[-76.5308271,3.4883746],[-76.5308181,3.4883782],[-76.53081,3.4883809],[-76.5308019,3.4883845],[-76.5307929,3.4883882],[-76.5307847,3.4883918],[-76.5307695,3.4883999],[-76.5307605,3.4884026],[-76.5307515,3.4884053],[-76.5307434,3.4884062],[-76.5307344,3.4884053],[-76.5307254,3.4884053],[-76.5307164,3.4884053],[-76.5307074,3.4884053],[-76.5306984,3.4884053],[-76.5306894,3.4884053],[-76.5306804,3.4884062],[-76.5306714,3.4884089],[-76.5306624,3.4884108],[-76.5306542,3.4884134],[-76.5306452,3.4884153],[-76.5306362,3.4884161],[-76.5306272,3.4884153],[-76.5306182,3.4884153],[-76.5306092,3.4884144],[-76.5306002,3.4884144],[-76.5305912,3.4884144],[-76.5305822,3.4884134],[-76.5305732,3.4884134],[-76.5305642,3.4884125],[-76.5305552,3.4884125],[-76.5305462,3.4884125],[-76.5305372,3.4884134],[-76.5305282,3.4884134],[-76.5305192,3.4884153],[-76.5305102,3.4884153],[-76.5305012,3.4884153],[-76.5304922,3.4884143],[-76.5304832,3.4884143],[-76.5304742,3.4884161],[-76.5304662,3.4884189],[-76.5304581,3.4884234],[-76.53045,3.4884279],[-76.5304427,3.4884324],[-76.5304347,3.488436],[-76.5304257,3.488437],[-76.5304167,3.4884379],[-76.5304077,3.4884406],[-76.5304005,3.4884451],[-76.530396,3.4884478],[-76.5303887,3.4884541],[-76.5303825,3.4884605],[-76.5303771,3.4884677],[-76.5303726,3.4884758],[-76.530369,3.4884839],[-76.5303636,3.4884912],[-76.5303582,3.4884975],[-76.5303519,3.4885048],[-76.5303465,3.488512],[-76.5303392,3.4885174],[-76.5303321,3.4885229],[-76.530324,3.4885265],[-76.530315,3.4885283],[-76.530306,3.4885291],[-76.530297,3.4885283],[-76.5302889,3.4885246],[-76.5302799,3.4885238],[-76.5302709,3.4885238],[-76.5302619,3.4885246],[-76.5302537,3.4885291],[-76.5302466,3.4885346],[-76.5302394,3.4885409],[-76.530234,3.4885472],[-76.5302277,3.4885545],[-76.5302214,3.4885599],[-76.5302132,3.4885645],[-76.5302052,3.4885681],[-76.5301962,3.4885717],[-76.5301881,3.4885726],[-76.5301791,3.4885735],[-76.5301701,3.4885744],[-76.5301611,3.4885744],[-76.5301521,3.4885744],[-76.5301422,3.4885735],[-76.5301341,3.4885717],[-76.5301251,3.4885681],[-76.530117,3.4885645],[-76.5301097,3.4885599],[-76.5301026,3.4885545],[-76.5300954,3.4885491],[-76.5300882,3.4885427],[-76.530081,3.4885373],[-76.5300747,3.488531],[-76.5300675,3.4885255],[-76.5300612,3.4885192],[-76.5300549,3.4885129],[-76.5300486,3.4885057],[-76.5300432,3.4884993],[-76.5300387,3.4884912],[-76.5300351,3.4884831],[-76.5300324,3.488474],[-76.5300261,3.4884677],[-76.530018,3.4884641],[-76.5298983,3.4883564],[-76.5298936,3.4883531],[-76.5298911,3.488361],[-76.529865,3.4883673],[-76.5298389,3.4883754],[-76.5298128,3.4884007],[-76.5297993,3.4884233],[-76.5297939,3.4884505],[-76.5297903,3.4884767],[-76.5297858,3.4884948],[-76.5297768,3.4885102],[-76.5297606,3.4885319],[-76.5297462,3.4885545],[-76.52973,3.488587],[-76.5297156,3.4886096],[-76.5297021,3.4886331],[-76.5296912,3.4886575],[-76.5296769,3.4886693],[-76.5296454,3.4886865],[-76.5296076,3.48871],[-76.5295922,3.4887199],[-76.5295697,3.4887344],[-76.5295392,3.4887543],[-76.5295131,3.4887787],[-76.5294996,3.4887914],[-76.5294928,3.4888074],[-76.5294789,3.4888402],[-76.5294717,3.4888574],[-76.5294674,3.4888672],[-76.5294673,3.4888672],[-76.5294661,3.4888699],[-76.5294609,3.4888818],[-76.5294474,3.4889153],[-76.5294452,3.4889211],[-76.5294347,3.4889496],[-76.5294343,3.4889519],[-76.5294276,3.4889849],[-76.5294231,3.4890121],[-76.5294186,3.4890383],[-76.5294176,3.4890654],[-76.5294456,3.4890826],[-76.5294636,3.4890853],[-76.5294663,3.4890857],[-76.5294816,3.489088],[-76.5294932,3.4890997],[-76.5294951,3.4891178],[-76.5294932,3.489145],[-76.5294888,3.4891635],[-76.529487,3.4891712],[-76.5294864,3.4891722],[-76.5294789,3.4891875],[-76.5294654,3.489211],[-76.5294502,3.4892286],[-76.5294474,3.4892318],[-76.5294365,3.4892661],[-76.5294285,3.4892915],[-76.5294294,3.4893186],[-76.529432,3.4893458],[-76.5294311,3.4893638],[-76.5294221,3.4893792],[-76.5294204,3.4893809],[-76.5294095,3.4893919],[-76.5294015,3.4894072],[-76.5294005,3.4894253],[-76.5294,3.4894426],[-76.5293996,3.4894524],[-76.5293987,3.4894796],[-76.5293889,3.489513],[-76.5293756,3.4895475],[-76.5293735,3.4895528],[-76.5293726,3.48958],[-76.5293664,3.4896062],[-76.52936,3.4896423],[-76.5293535,3.4896546],[-76.5293474,3.4896659],[-76.5293249,3.4896939],[-76.529297,3.4897147],[-76.5292719,3.4897092],[-76.5292511,3.4896921],[-76.5292097,3.4896875],[-76.5291881,3.4897165],[-76.5291819,3.4897337],[-76.5291809,3.4897518],[-76.5291773,3.489778],[-76.5291755,3.4897961],[-76.5291746,3.4898051],[-76.5291719,3.4898232],[-76.529162,3.4898476],[-76.5291404,3.4898639],[-76.5291143,3.4898693],[-76.52909,3.4898567],[-76.5290747,3.4898486],[-76.5290387,3.489844],[-76.5289937,3.4898413],[-76.5289577,3.4898404],[-76.5289217,3.4898395],[-76.5288776,3.4898449],[-76.5288452,3.4898603],[-76.5288326,3.4898738],[-76.5288272,3.489891],[-76.5288146,3.4899136],[-76.5287975,3.4899172],[-76.5287724,3.4899055],[-76.5287534,3.4898874],[-76.5287364,3.4898657],[-76.5287201,3.489844],[-76.5287013,3.4898206],[-76.5286814,3.4898078],[-76.5286464,3.4898015],[-76.5285851,3.4898141],[-76.528532,3.4898259],[-76.528497,3.4898358],[-76.5284312,3.4898638],[-76.5283764,3.4898955],[-76.5283234,3.4899382],[-76.5283112,3.4899484],[-76.5283112,3.4899484],[-76.5283111,3.4899484],[-76.5282791,3.4899751],[-76.5282557,3.4900052],[-76.5282404,3.4900248],[-76.5282134,3.490061],[-76.5281882,3.4900863],[-76.5281612,3.4901108],[-76.5281514,3.4901252],[-76.5281621,3.4901487],[-76.5281594,3.4901849],[-76.5281513,3.4902201],[-76.5281279,3.4902789],[-76.5281081,3.4903296],[-76.5280937,3.4903621],[-76.5280712,3.490401],[-76.528064,3.4904173],[-76.5280649,3.4904354],[-76.5280703,3.4904526],[-76.5280739,3.4904887],[-76.5280829,3.490514],[-76.5280928,3.4905294],[-76.5280937,3.4905647],[-76.5280865,3.4905819],[-76.5280748,3.4906063],[-76.5280667,3.4906225],[-76.528055,3.4906361],[-76.5280325,3.4906506],[-76.5280091,3.4906632],[-76.5279929,3.490685],[-76.5279947,3.4907022],[-76.5280163,3.4907175],[-76.5280253,3.4907203],[-76.5280424,3.4907265],[-76.5280685,3.4907329],[-76.5280919,3.4907456],[-76.5281054,3.4907682],[-76.5281072,3.4907853],[-76.5281135,3.4907926],[-76.5281351,3.4908089],[-76.5281709,3.4908405],[-76.528197,3.4908978],[-76.5281996,3.4909071],[-76.5282137,3.4909575],[-76.5282208,3.4910172],[-76.5282278,3.4911156],[-76.5282254,3.4912619],[-76.5282224,3.4914466],[-76.5282109,3.4921441],[-76.5282184,3.4922808],[-76.5282113,3.4923334],[-76.5281989,3.4923806],[-76.5281683,3.4924069],[-76.5281557,3.4924213],[-76.5281278,3.4924538],[-76.5281134,3.4924864],[-76.5281143,3.4925099],[-76.5281242,3.4925397],[-76.5281377,3.4925597],[-76.5281503,3.4925696],[-76.5281647,3.4925751],[-76.5281901,3.4925765],[-76.5282195,3.4925768],[-76.5282475,3.4925904],[-76.5282583,3.4926113],[-76.5282555,3.4926429],[-76.5282569,3.4926502],[-76.5282628,3.4926808],[-76.5282772,3.4926989],[-76.5282989,3.4927161],[-76.5283012,3.4927179],[-76.5283149,3.4927279],[-76.5283294,3.4927333],[-76.5283313,3.4927333],[-76.5283313,3.4927333],[-76.5283323,3.4928698],[-76.5283344,3.4931584],[-76.5283357,3.4933387],[-76.5283364,3.493432],[-76.5283658,3.4974998],[-76.5282679,3.4974982],[-76.5282535,3.4975009],[-76.5282291,3.4975099],[-76.5282156,3.4975144],[-76.5281779,3.4975181],[-76.5281716,3.497519],[-76.5281671,3.497519],[-76.5281545,3.4975272],[-76.5281176,3.4975515],[-76.528078,3.4975787],[-76.5280716,3.497585],[-76.5280671,3.4975905],[-76.528032,3.4976447],[-76.5280276,3.4976492],[-76.5280231,3.4976528],[-76.5280176,3.4976555],[-76.5280114,3.4976583],[-76.528005,3.4976591],[-76.5279934,3.49766],[-76.5279895,3.497662],[-76.527988,3.4976628],[-76.5279655,3.4976764],[-76.527925,3.4976962],[-76.5279124,3.4976998],[-76.5278989,3.4977007],[-76.5278106,3.497699],[-76.5277692,3.4976917],[-76.5277621,3.4976899],[-76.5277531,3.4976862],[-76.5277476,3.4976826],[-76.5277332,3.4976709],[-76.5276927,3.497632],[-76.5276739,3.4976103],[-76.5276559,3.497594],[-76.5276505,3.4975913],[-76.5276451,3.4975886],[-76.5276396,3.4975886],[-76.5276297,3.4975922],[-76.527529,3.4976274],[-76.5275236,3.4976284],[-76.527511,3.4976293],[-76.5274992,3.4976293],[-76.527493,3.4976284],[-76.5274812,3.4976248],[-76.5273904,3.4975895],[-76.5273679,3.4975841],[-76.5273597,3.4975831],[-76.5273355,3.4975831],[-76.5273274,3.4975841],[-76.5272725,3.4975958],[-76.5272644,3.4975967],[-76.5272005,3.4975976],[-76.5271942,3.4975976],[-76.5271726,3.4976057],[-76.5271662,3.4976076],[-76.52716,3.4976085],[-76.5271456,3.4976103],[-76.5271402,3.497613],[-76.5271357,3.4976166],[-76.5271312,3.4976211],[-76.5271285,3.4976257],[-76.5271249,3.4976311],[-76.5270997,3.4976564],[-76.5270844,3.4976754],[-76.5270619,3.4976944],[-76.5270574,3.497698],[-76.527052,3.4976998],[-76.5270457,3.4977007],[-76.5270394,3.497698],[-76.5270097,3.4976944],[-76.5269944,3.4976899],[-76.5269557,3.4976519],[-76.5269332,3.4976247],[-76.5269277,3.4976166],[-76.5269179,3.4975958],[-76.5268675,3.4975135],[-76.5268621,3.4975026],[-76.5268594,3.4974972],[-76.5268279,3.4974538],[-76.5268162,3.4974402],[-76.5267919,3.4974222],[-76.5267757,3.497405],[-76.5267469,3.4973832],[-76.5267424,3.4973787],[-76.5267226,3.4973561],[-76.526719,3.4973516],[-76.5267046,3.4973408],[-76.526701,3.4973362],[-76.5266965,3.4973317],[-76.5266839,3.4973118],[-76.5266794,3.4973073],[-76.5266758,3.4973027],[-76.5266515,3.4972847],[-76.5266353,3.4972675],[-76.5266308,3.4972639],[-76.5266254,3.4972611],[-76.52662,3.4972575],[-76.5265588,3.4972349],[-76.5265426,3.4972259],[-76.5265372,3.4972241],[-76.5265102,3.4972177],[-76.5264598,3.497196],[-76.5264355,3.4971816],[-76.5264283,3.497178],[-76.5263788,3.4971599],[-76.5263725,3.4971563],[-76.5263419,3.4971354],[-76.5263365,3.4971327],[-76.5263257,3.4971291],[-76.5263203,3.4971273],[-76.5263068,3.4971273],[-76.5262852,3.49713],[-76.5262681,3.4971309],[-76.5262564,3.4971318],[-76.5262384,3.4971363],[-76.5262303,3.4971399],[-76.5262015,3.4971571],[-76.5261907,3.4971616],[-76.5261853,3.4971653],[-76.526161,3.4971834],[-76.5261547,3.4971879],[-76.5261376,3.4971969],[-76.5261115,3.4972159],[-76.5260773,3.4972349],[-76.5260719,3.4972376],[-76.5260647,3.4972394],[-76.5260206,3.4972467],[-76.5259981,3.4972512],[-76.525981,3.4972575],[-76.5259747,3.4972584],[-76.5259639,3.4972593],[-76.5259576,3.4972584],[-76.5259495,3.4972566],[-76.5259423,3.497253],[-76.5259369,3.4972494],[-76.5259117,3.4972286],[-76.5259081,3.4972249],[-76.5258335,3.4971354],[-76.5258298,3.4971318],[-76.5258245,3.4971282],[-76.525819,3.4971254],[-76.525811,3.4971237],[-76.5258046,3.4971237],[-76.5257911,3.4971263],[-76.5257848,3.4971263],[-76.5257596,3.4971273],[-76.52573,3.4971291],[-76.5256085,3.4971571],[-76.5255562,3.497177],[-76.5255256,3.4971932],[-76.5255202,3.4971969],[-76.5255148,3.4971996],[-76.5254825,3.4972141],[-76.525459,3.4972204],[-76.5254527,3.4972213],[-76.525441,3.4972249],[-76.5254086,3.4972394],[-76.5253735,3.4972466],[-76.5253456,3.4972557],[-76.5253186,3.4972683],[-76.5252907,3.4972755],[-76.5252845,3.4972764],[-76.5252727,3.4972764],[-76.5252412,3.497271],[-76.525226,3.497271],[-76.5251917,3.4972755],[-76.5251901,3.4972755],[-76.5251855,3.4972755],[-76.52518,3.4972746],[-76.525162,3.4972719],[-76.5251066,3.4972711],[-76.5251,3.497271],[-76.5250576,3.4972647],[-76.5250513,3.4972629],[-76.525046,3.497261],[-76.5250135,3.4972448],[-76.5249856,3.4972231],[-76.524965,3.4972104],[-76.5249236,3.4971824],[-76.5249065,3.4971652],[-76.5248975,3.4971579],[-76.5248786,3.4971462],[-76.5248713,3.4971417],[-76.5248651,3.4971353],[-76.5248497,3.4971163],[-76.5248461,3.4971118],[-76.5248272,3.4970974],[-76.5248236,3.4970937],[-76.5248192,3.4970883],[-76.5248153,3.4970827],[-76.5248092,3.4970737],[-76.5248056,3.4970685],[-76.5248021,3.4970639],[-76.5247841,3.4970477],[-76.5247796,3.497044],[-76.5247597,3.4970142],[-76.5247552,3.4970088],[-76.5247391,3.4969916],[-76.5246967,3.4969328],[-76.5246815,3.4969138],[-76.5246626,3.4968831],[-76.5246437,3.4968605],[-76.5246401,3.496855],[-76.5246257,3.4968224],[-76.5246077,3.4967899],[-76.5245923,3.4967682],[-76.5245798,3.4967438],[-76.5245743,3.4967365],[-76.524569,3.4967302],[-76.5245483,3.4967103],[-76.5245375,3.4966958],[-76.524533,3.4966913],[-76.5245276,3.4966868],[-76.5245222,3.4966832],[-76.5245159,3.4966814],[-76.5244979,3.4966741],[-76.5244916,3.4966715],[-76.5244772,3.4966633],[-76.5244727,3.4966597],[-76.524452,3.4966479],[-76.524434,3.4966353],[-76.5244277,3.4966308],[-76.5244214,3.4966289],[-76.5244079,3.4966253],[-76.5244016,3.4966244],[-76.5243845,3.4966244],[-76.5243665,3.496628],[-76.5243611,3.4966298],[-76.5243557,3.4966325],[-76.5243512,3.496637],[-76.5243278,3.4966633],[-76.5243134,3.496675],[-76.5243053,3.4966832],[-76.5242828,3.4967103],[-76.5242693,3.4967229],[-76.5242657,3.4967266],[-76.5242612,3.496732],[-76.5242468,3.4967564],[-76.5242396,3.4967655],[-76.5242135,3.496789],[-76.5242072,3.4967926],[-76.5242,3.4967926],[-76.5241937,3.4967899],[-76.5241676,3.4967781],[-76.5241604,3.4967709],[-76.5241415,3.4967573],[-76.5241343,3.496751],[-76.524119,3.4967374],[-76.52411,3.4967202],[-76.52411,3.4967202],[-76.5241091,3.4967103],[-76.5241055,3.4967022],[-76.5241048,3.4966994],[-76.5241064,3.4966796],[-76.5241062,3.4966774],[-76.5241064,3.496676],[-76.5241064,3.4966759],[-76.5241056,3.4966619],[-76.5241091,3.4966217],[-76.5241235,3.4965701],[-76.5241277,3.4965538],[-76.5241304,3.4965452],[-76.5241334,3.4965367],[-76.5241369,3.4965284],[-76.5241408,3.4965203],[-76.5241453,3.4965124],[-76.52415,3.4965047],[-76.5241552,3.4964973],[-76.5241608,3.4964902],[-76.5241667,3.4964834],[-76.524173,3.496477],[-76.5241811,3.4964705],[-76.524188,3.4964647],[-76.5241947,3.4964587],[-76.5242012,3.4964524],[-76.5242073,3.4964458],[-76.5242134,3.4964391],[-76.5242191,3.4964322],[-76.5242246,3.496425],[-76.5242298,3.4964176],[-76.5242348,3.4964101],[-76.5242396,3.4964024],[-76.524244,3.4963945],[-76.5242482,3.4963865],[-76.5242521,3.4963783],[-76.5242557,3.4963701],[-76.524259,3.4963617],[-76.5242619,3.4963531],[-76.5242646,3.4963445],[-76.524267,3.4963358],[-76.5242691,3.496327],[-76.5242708,3.4963181],[-76.5242723,3.4963092],[-76.5242734,3.4963002],[-76.5242731,3.4962989],[-76.5242734,3.4962966],[-76.524272,3.4962907],[-76.5242486,3.4962419],[-76.5242432,3.4962265],[-76.5242432,3.4962264],[-76.5242406,3.4962129],[-76.5242405,3.4962129],[-76.5242361,3.4961831],[-76.524236,3.496183],[-76.5242297,3.4961632],[-76.5242271,3.4961569],[-76.5242243,3.4961524],[-76.5242207,3.4961478],[-76.5242153,3.4961433],[-76.5242081,3.4961379],[-76.5241874,3.4961198],[-76.5241641,3.4960891],[-76.5241514,3.4960727],[-76.5240956,3.4960474],[-76.5240677,3.4960329],[-76.5240561,3.4960275],[-76.5240426,3.4960194],[-76.5239912,3.4959896],[-76.5239282,3.4959552],[-76.5239183,3.4959489],[-76.5238868,3.4959316],[-76.5238814,3.4959289],[-76.5238761,3.495928],[-76.5238229,3.4959],[-76.5235332,3.4957137],[-76.5235026,3.4956847],[-76.5234729,3.4956467],[-76.5234449,3.495616],[-76.5234414,3.4956115],[-76.5234396,3.495606],[-76.5234369,3.4956015],[-76.5234135,3.4955735],[-76.5233307,3.4954379],[-76.5233127,3.4954035],[-76.5232812,3.4953601],[-76.5232533,3.4953275],[-76.523247,3.4953175],[-76.5232056,3.4952407],[-76.5231921,3.4952208],[-76.523166,3.4951792],[-76.5231624,3.4951747],[-76.5231579,3.4951702],[-76.5231165,3.4951159],[-76.5231093,3.495105],[-76.5231057,3.4950978],[-76.5231039,3.4950905],[-76.5230932,3.4950752],[-76.5230877,3.4950679],[-76.5230797,3.4950589],[-76.5230769,3.4950553],[-76.5230679,3.4950472],[-76.5230328,3.4950146],[-76.5230139,3.4949992],[-76.5229734,3.4949676],[-76.5229527,3.4949558],[-76.5229293,3.494945],[-76.5229032,3.4949287],[-76.5228809,3.4948531],[-76.522851,3.4947522],[-76.5223601,3.4944726],[-76.5218169,3.4942876],[-76.520127,3.4937587],[-76.5186051,3.4932879],[-76.5178866,3.4930788],[-76.5175704,3.4929753],[-76.5175248,3.4929603],[-76.5170397,3.4928015],[-76.5164697,3.4926348],[-76.5159011,3.4924454],[-76.5153278,3.4922616],[-76.5146571,3.4920441],[-76.5145512,3.4920098],[-76.514186,3.4918913],[-76.5135162,3.4916956],[-76.5134477,3.491667],[-76.5130445,3.4915328],[-76.5130118,3.4915219],[-76.5129328,3.4915011],[-76.512732,3.491448],[-76.5123243,3.4912879],[-76.5122947,3.4912763],[-76.5120471,3.4911683],[-76.5118416,3.4910592],[-76.5114054,3.4908402],[-76.5111696,3.4907262],[-76.5110127,3.4906422],[-76.5109753,3.4906222],[-76.5109013,3.4905772],[-76.5107926,3.4905442],[-76.5100552,3.4903203],[-76.510055,3.4903202],[-76.5094189,3.490127],[-76.5093996,3.490195],[-76.5092301,3.4907923],[-76.5090081,3.4915746],[-76.508891,3.4915378],[-76.5084813,3.4914093],[-76.5084804,3.491409],[-76.5078088,3.4911983],[-76.5077038,3.491499],[-76.5074778,3.4921458],[-76.5069992,3.4920118],[-76.5068434,3.4924389],[-76.506647,3.4929772],[-76.5073805,3.4932297],[-76.5079296,3.4934187],[-76.5079306,3.4934189],[-76.5081328,3.4934726],[-76.5081392,3.4934743],[-76.5085208,3.4935756],[-76.5081219,3.4937401],[-76.5079962,3.4937943],[-76.507983,3.4938],[-76.5078051,3.4938767],[-76.507804,3.4938772],[-76.5078039,3.4938773],[-76.5078039,3.4938773],[-76.5078023,3.493878],[-76.5078023,3.493878],[-76.507801,3.4938785],[-76.507801,3.4938785],[-76.5078014,3.493882],[-76.5078013,3.493882],[-76.507801,3.4938821],[-76.5078011,3.4938823],[-76.5077989,3.4938834],[-76.5077981,3.4938837],[-76.5073631,3.4940664],[-76.5064133,3.494465],[-76.5052919,3.4949357],[-76.5030625,3.4959043],[-76.5027894,3.4960229],[-76.5024954,3.4961494],[-76.5019545,3.496382],[-76.5016229,3.4965242],[-76.5012217,3.4966963],[-76.5011927,3.4967088],[-76.5011926,3.4967088],[-76.5010545,3.496768],[-76.5003401,3.4970805],[-76.5000318,3.4972154],[-76.5000213,3.49722],[-76.5000212,3.49722],[-76.5000162,3.4972222],[-76.4995528,3.4974067],[-76.4982099,3.4980058],[-76.49815,3.4980325],[-76.4981435,3.4980357],[-76.4980003,3.4981044],[-76.4975182,3.4983359],[-76.4975058,3.4983419],[-76.4973941,3.4984228],[-76.4973094,3.4984938],[-76.4972483,3.4985256],[-76.4972483,3.4985256],[-76.4972485,3.4985229],[-76.4972485,3.4985228],[-76.4972486,3.4985217],[-76.4972494,3.4985177],[-76.4972494,3.4985175],[-76.4972541,3.4984934],[-76.4972542,3.498493],[-76.4972595,3.4984651],[-76.4972596,3.4984647],[-76.4972657,3.4984332],[-76.4972657,3.498433],[-76.4972708,3.4984066],[-76.4972709,3.4984063],[-76.4972761,3.4983791],[-76.4972762,3.4983788],[-76.4972819,3.498349],[-76.4972819,3.4983489],[-76.4972841,3.4983379],[-76.4972841,3.4983378],[-76.4972863,3.4983262],[-76.4972863,3.4983261],[-76.4972887,3.498314],[-76.4972887,3.4983139],[-76.4972905,3.4983043],[-76.4972906,3.4983042],[-76.4972928,3.4982926],[-76.4972928,3.4982924],[-76.4972934,3.4982897],[-76.4972952,3.4982799],[-76.4972953,3.4982798],[-76.4972966,3.4982728],[-76.4972966,3.4982727],[-76.4972982,3.4982647],[-76.4972982,3.4982646],[-76.4972996,3.4982575],[-76.4972996,3.4982574],[-76.497301,3.4982502],[-76.4973025,3.4982421],[-76.4973259,3.4981552],[-76.4973296,3.4981414],[-76.4973337,3.4981259],[-76.4973436,3.4980889],[-76.4973716,3.4979826],[-76.497382,3.4979349],[-76.4973858,3.497928],[-76.4973867,3.4979244],[-76.4974101,3.4978303],[-76.4974216,3.4978092],[-76.4974303,3.4977932],[-76.4974602,3.497738],[-76.497462,3.4977348],[-76.4974641,3.4977309],[-76.497495,3.4976932],[-76.4974954,3.4976927],[-76.4975529,3.4976226],[-76.4975596,3.4976144],[-76.497575,3.4975956],[-76.4975835,3.4975852],[-76.4975901,3.4975771],[-76.4975921,3.4975743],[-76.4976022,3.4975596],[-76.4976249,3.4975267],[-76.4976385,3.497507],[-76.4976582,3.4974784],[-76.4976603,3.4974753],[-76.4976712,3.4974596],[-76.4977181,3.4973888],[-76.4977252,3.4973782],[-76.4977478,3.4973426],[-76.4978213,3.4972273],[-76.4978681,3.4971538],[-76.4978945,3.4971092],[-76.4979698,3.4969818],[-76.4980737,3.4967798],[-76.4980823,3.4967632],[-76.4980879,3.4967522],[-76.4981199,3.4966769],[-76.498187,3.4965188],[-76.4982554,3.4963383],[-76.4982784,3.4962776],[-76.4983336,3.4961494],[-76.498406,3.4959772],[-76.4984169,3.4959527],[-76.498467,3.4958394],[-76.498547,3.4956825],[-76.4985965,3.4955945],[-76.4986803,3.4954912],[-76.4987908,3.4953572],[-76.4988145,3.4953175],[-76.498823,3.4953033],[-76.4988479,3.4952616],[-76.4989067,3.4951702],[-76.4989317,3.4951314],[-76.4989734,3.4950653],[-76.4990041,3.4950166],[-76.4990991,3.4948969],[-76.4991297,3.494856],[-76.4991409,3.494841],[-76.4992814,3.4946031],[-76.4996989,3.4939013],[-76.4999339,3.4934779],[-76.4999518,3.4934455],[-76.5000723,3.4932681],[-76.5002048,3.4930503],[-76.5002742,3.4929405],[-76.5003831,3.4927548],[-76.5004898,3.4925788],[-76.5005964,3.4924295],[-76.5006539,3.4923403],[-76.5006803,3.4922994],[-76.5007755,3.4921578],[-76.5007965,3.4921272],[-76.5008068,3.4921152]]]}},{"type":"Feature","properties":{"comuna":1,"nombre":"Comuna 1","shape_leng":13028.979,"shape_area":3744655.67},"geometry":{"type":"Polygon","coordinates":[[[-76.5589427,3.4629803],[-76.5589337,3.4629757],[-76.5589237,3.4629772],[-76.558904,3.4629717],[-76.5588823,3.4629717],[-76.5588715,3.4629726],[-76.5588616,3.4629717],[-76.558849,3.4629699],[-76.5588391,3.462969],[-76.5588265,3.4629671],[-76.5588166,3.4629654],[-76.5587738,3.4629675],[-76.5587648,3.4629657],[-76.5587522,3.4629639],[-76.5587224,3.4629689],[-76.5587134,3.4629671],[-76.5586774,3.4629644],[-76.5586498,3.4629608],[-76.5586372,3.4629617],[-76.5586282,3.4629626],[-76.5586237,3.462963],[-76.5586048,3.4629645],[-76.5585913,3.4629653],[-76.558567,3.4629671],[-76.5585562,3.462969],[-76.5585418,3.4629717],[-76.5585103,3.4629679],[-76.5584995,3.4629696],[-76.558486,3.4629705],[-76.5584761,3.4629705],[-76.5584644,3.4629715],[-76.5584527,3.4629715],[-76.5584302,3.4629733],[-76.5584044,3.4629784],[-76.5583954,3.4629803],[-76.5583855,3.4629829],[-76.5583765,3.4629865],[-76.5583592,3.4629924],[-76.5583502,3.4629951],[-76.5583384,3.4629978],[-76.5583277,3.4630006],[-76.5583187,3.4630032],[-76.5583069,3.4630059],[-76.5582703,3.4630166],[-76.5582626,3.4630188],[-76.5582297,3.4630344],[-76.5582198,3.4630389],[-76.558209,3.4630425],[-76.558188,3.4630549],[-76.558179,3.4630585],[-76.55817,3.4630639],[-76.5581526,3.4630705],[-76.5581402,3.4630785],[-76.5581312,3.4630849],[-76.558124,3.4630903],[-76.558115,3.4630958],[-76.5580984,3.4631122],[-76.5580641,3.463134],[-76.5580569,3.4631394],[-76.5580427,3.463157],[-76.5580355,3.4631624],[-76.5580227,3.4631756],[-76.5580155,3.4631811],[-76.5580083,3.4631883],[-76.5579926,3.4631983],[-76.5579845,3.4632046],[-76.5579688,3.463218],[-76.5579598,3.463227],[-76.5579525,3.4632333],[-76.5579412,3.4632457],[-76.5579313,3.4632556],[-76.5579232,3.4632647],[-76.5579169,3.4632701],[-76.5578944,3.4632935],[-76.5578862,3.4633016],[-76.5578772,3.4633089],[-76.5578612,3.4633273],[-76.5578522,3.4633345],[-76.5578405,3.4633426],[-76.5578333,3.4633471],[-76.5578198,3.4633562],[-76.5578081,3.4633644],[-76.5577982,3.4633734],[-76.5577874,3.4633797],[-76.5577784,3.4633842],[-76.5577658,3.4633878],[-76.557755,3.4633897],[-76.5577144,3.4634052],[-76.5577036,3.4634116],[-76.5576928,3.463417],[-76.5576793,3.4634215],[-76.5576658,3.4634252],[-76.5576424,3.4634252],[-76.5576235,3.4634188],[-76.5576043,3.4634036],[-76.5575815,3.4633864],[-76.5575658,3.4633735],[-76.5575486,3.4633606],[-76.55754,3.4633562],[-76.5575309,3.4633524],[-76.55752,3.4633433],[-76.557512,3.4633379],[-76.5575056,3.4633316],[-76.5574843,3.4633189],[-76.5574701,3.4633056],[-76.5574629,3.4633003],[-76.5574615,3.4632992],[-76.5574512,3.4632912],[-76.5574395,3.4632808],[-76.5574315,3.4632744],[-76.557415,3.4632586],[-76.5574069,3.4632513],[-76.5573989,3.4632432],[-76.5573879,3.4632357],[-76.5573693,3.4632232],[-76.5573622,3.4632141],[-76.5573558,3.4632051],[-76.5573495,3.4631978],[-76.5573353,3.4631839],[-76.557329,3.4631749],[-76.5573236,3.4631667],[-76.5573136,3.463151],[-76.5572964,3.463128],[-76.5572895,3.4631141],[-76.557285,3.463105],[-76.5572712,3.4630814],[-76.5572622,3.4630706],[-76.5572558,3.4630624],[-76.5572505,3.4630534],[-76.5572194,3.463031],[-76.557199,3.4630163],[-76.5571863,3.4630019],[-76.55718,3.4629937],[-76.557171,3.4629828],[-76.5571647,3.4629756],[-76.5571575,3.4629684],[-76.5571503,3.4629602],[-76.5571422,3.462953],[-76.5571361,3.4629461],[-76.557135,3.4629449],[-76.5571326,3.4629424],[-76.557127,3.4629368],[-76.5571107,3.4629187],[-76.5571035,3.4629105],[-76.5570972,3.4629024],[-76.5570891,3.4628906],[-76.5570865,3.4628874],[-76.557081,3.4628807],[-76.5570814,3.4628823],[-76.5570627,3.4628398],[-76.5570476,3.4628056],[-76.5570194,3.4627708],[-76.5570161,3.4627668],[-76.5570099,3.462757],[-76.5569904,3.4627266],[-76.5569671,3.4627032],[-76.5569575,3.4626936],[-76.5569361,3.462672],[-76.556899,3.4626405],[-76.5568873,3.4626297],[-76.5568818,3.4626247],[-76.5568647,3.4626118],[-76.5568592,3.4626063],[-76.5568574,3.4626045],[-76.5568422,3.4625874],[-76.5568303,3.4625825],[-76.5568283,3.4625797],[-76.5568231,3.4625725],[-76.5568168,3.4625644],[-76.5568115,3.4625571],[-76.5568016,3.4625489],[-76.5567935,3.4625408],[-76.5567854,3.4625299],[-76.5567803,3.4625185],[-76.5567704,3.4625085],[-76.5567659,3.4625045],[-76.5567614,3.4625004],[-76.5567524,3.4624941],[-76.5567422,3.4624896],[-76.5567197,3.4624567],[-76.556706,3.4624337],[-76.5566979,3.4624246],[-76.5566925,3.4624165],[-76.556678,3.4623999],[-76.5566739,3.4623948],[-76.5566699,3.4623899],[-76.5566627,3.4623791],[-76.5566555,3.46237],[-76.5566534,3.4623673],[-76.5566383,3.4623475],[-76.5566311,3.4623376],[-76.5566203,3.4623195],[-76.556614,3.4623095],[-76.5566073,3.4622987],[-76.5566011,3.4622887],[-76.5565948,3.4622779],[-76.5565919,3.4622732],[-76.5565839,3.46226],[-76.5565837,3.4622595],[-76.5565763,3.4622447],[-76.5565691,3.4622356],[-76.5565628,3.4622257],[-76.556552,3.4622094],[-76.5565439,3.4621994],[-76.5565367,3.4621886],[-76.5565304,3.4621795],[-76.5565232,3.4621678],[-76.5565151,3.4621569],[-76.5565088,3.4621461],[-76.5565016,3.4621352],[-76.5564953,3.4621244],[-76.5564881,3.4621135],[-76.5564809,3.4621009],[-76.5564799,3.4620986],[-76.5564653,3.4620674],[-76.5564546,3.4620488],[-76.5564483,3.462036],[-76.5564411,3.4620243],[-76.5564297,3.4620103],[-76.5564225,3.4619985],[-76.5564094,3.4619711],[-76.5564031,3.4619593],[-76.5563968,3.4619485],[-76.5563914,3.4619376],[-76.5563836,3.4619264],[-76.5563782,3.4619155],[-76.5563625,3.4618911],[-76.5563526,3.4618694],[-76.5563488,3.4618598],[-76.5563435,3.4618508],[-76.5563353,3.4618408],[-76.5563227,3.4618227],[-76.5563173,3.4618155],[-76.5562813,3.461756],[-76.5562759,3.461746],[-76.5562696,3.461736],[-76.556253,3.461706],[-76.5562485,3.4616979],[-76.5562432,3.4616907],[-76.5562378,3.4616825],[-76.5562097,3.461649],[-76.5562043,3.4616391],[-76.5561908,3.4616174],[-76.5561827,3.4616047],[-76.5561737,3.4615938],[-76.5561647,3.4615812],[-76.5561548,3.4615676],[-76.5561458,3.4615568],[-76.5561377,3.4615459],[-76.5561314,3.4615387],[-76.5561251,3.4615297],[-76.5561179,3.4615215],[-76.5561098,3.4615116],[-76.5561027,3.4615034],[-76.5560954,3.4614944],[-76.5560882,3.4614862],[-76.5560738,3.4614682],[-76.5560676,3.4614591],[-76.5560594,3.4614491],[-76.5560513,3.4614383],[-76.5560423,3.4614275],[-76.5560316,3.4614175],[-76.5560234,3.4614085],[-76.556018,3.4614035],[-76.5560037,3.4613904],[-76.5559919,3.4613813],[-76.5559812,3.4613741],[-76.5559712,3.461366],[-76.5559604,3.4613596],[-76.5559514,3.4613524],[-76.5559388,3.4613443],[-76.5559272,3.461337],[-76.5559154,3.4613307],[-76.5559047,3.4613235],[-76.5558948,3.4613172],[-76.5558848,3.4613117],[-76.5558768,3.4613081],[-76.5558678,3.4613036],[-76.5558588,3.4612999],[-76.5558507,3.4612954],[-76.5558381,3.4612909],[-76.5558273,3.4612891],[-76.5558083,3.4612873],[-76.5557382,3.4612683],[-76.5557202,3.4612647],[-76.5557103,3.4612637],[-76.5556824,3.4612601],[-76.5556599,3.4612601],[-76.5556424,3.4612601],[-76.5556289,3.4612619],[-76.5556181,3.4612628],[-76.5555605,3.4612701],[-76.5555371,3.4612763],[-76.5555263,3.4612791],[-76.5555033,3.4612794],[-76.5554935,3.4612822],[-76.5554845,3.461284],[-76.5554755,3.4612867],[-76.555453,3.4612912],[-76.555444,3.4612939],[-76.5554313,3.4612984],[-76.5554223,3.461302],[-76.5554125,3.4613084],[-76.5553933,3.4613095],[-76.5553834,3.4613131],[-76.5553735,3.4613158],[-76.5553546,3.4613224],[-76.5553287,3.4613214],[-76.5553197,3.4613268],[-76.5553116,3.4613314],[-76.5553035,3.461335],[-76.5552927,3.4613404],[-76.5552484,3.4613534],[-76.555235,3.4613598],[-76.5552268,3.4613652],[-76.555217,3.4613706],[-76.555208,3.4613769],[-76.5551962,3.4613841],[-76.5551855,3.4613905],[-76.5551675,3.4614035],[-76.5551665,3.4614043],[-76.5551584,3.4614079],[-76.555144,3.4614133],[-76.5551296,3.4614179],[-76.5551158,3.4614286],[-76.5551041,3.4614323],[-76.5550816,3.4614413],[-76.5550717,3.4614459],[-76.55506,3.4614485],[-76.555051,3.4614512],[-76.5550276,3.4614585],[-76.5550303,3.4614568],[-76.5550069,3.4614613],[-76.5549655,3.4614668],[-76.5549457,3.4614704],[-76.5549367,3.4614722],[-76.5549259,3.4614825],[-76.5549169,3.4614843],[-76.5549062,3.4614955],[-76.5548948,3.4615041],[-76.5548776,3.4615127],[-76.5548591,3.4615256],[-76.554805,3.4615445],[-76.5547906,3.4615454],[-76.5547717,3.4615472],[-76.5547609,3.4615481],[-76.5547456,3.461549],[-76.5547222,3.461549],[-76.5546916,3.4615518],[-76.5546682,3.4615535],[-76.5546565,3.4615535],[-76.5546475,3.4615554],[-76.5546358,3.4615571],[-76.554625,3.461558],[-76.5546133,3.4615599],[-76.5545944,3.4615626],[-76.5545845,3.4615644],[-76.5545719,3.4615662],[-76.554562,3.4615671],[-76.554553,3.4615671],[-76.5545404,3.4615662],[-76.5545305,3.4615644],[-76.554517,3.461559],[-76.5545071,3.4615517],[-76.554499,3.4615445],[-76.554474,3.461535],[-76.5544667,3.4615259],[-76.5544605,3.4615186],[-76.5544532,3.4615105],[-76.554447,3.4615024],[-76.5544425,3.4614943],[-76.5544407,3.4614852],[-76.5544371,3.4614644],[-76.5544194,3.4614091],[-76.5544171,3.4614035],[-76.5544083,3.4613821],[-76.5544028,3.4613694],[-76.5543957,3.4613477],[-76.554392,3.4613351],[-76.5543881,3.4613063],[-76.5543827,3.4612801],[-76.5543809,3.4612666],[-76.5543782,3.4612223],[-76.5543785,3.4611262],[-76.5543794,3.4611135],[-76.5543794,3.461099],[-76.5543804,3.4610873],[-76.5543804,3.4610755],[-76.5543822,3.4610557],[-76.5543875,3.461024],[-76.5543903,3.461015],[-76.5543939,3.4609969],[-76.5543957,3.4609869],[-76.5543984,3.460977],[-76.5544002,3.460967],[-76.5544019,3.4609562],[-76.5544074,3.4609344],[-76.55441,3.4609227],[-76.5544209,3.460872],[-76.5544227,3.4608603],[-76.5544244,3.4608477],[-76.5544254,3.4608359],[-76.5544272,3.4608259],[-76.554428,3.4608169],[-76.5544299,3.460807],[-76.5544325,3.4607942],[-76.5544353,3.4607825],[-76.554437,3.4607708],[-76.5544398,3.4607599],[-76.5544424,3.4607482],[-76.554446,3.4607364],[-76.5544488,3.4607247],[-76.5544514,3.4607111],[-76.5544569,3.4606812],[-76.5544587,3.4606722],[-76.5544604,3.4606595],[-76.554464,3.4606478],[-76.5544713,3.4606224],[-76.5544739,3.4606098],[-76.5544775,3.4605962],[-76.5544803,3.4605826],[-76.5544884,3.4605474],[-76.554491,3.4605347],[-76.5544938,3.4605229],[-76.5544965,3.4605094],[-76.5544983,3.460495],[-76.5544992,3.4604814],[-76.554501,3.4604678],[-76.5545028,3.460457],[-76.5545045,3.4604425],[-76.5545109,3.4603982],[-76.5545118,3.4603873],[-76.5545135,3.4603774],[-76.5545145,3.4603665],[-76.5545145,3.4603566],[-76.5545154,3.4603466],[-76.5545172,3.4603213],[-76.5545172,3.4603113],[-76.554519,3.4603005],[-76.5545208,3.4602752],[-76.5545217,3.4602644],[-76.5545235,3.4602526],[-76.5545244,3.4602408],[-76.5545262,3.460229],[-76.554528,3.4602146],[-76.5545289,3.4602019],[-76.5545307,3.4601902],[-76.5545315,3.4601775],[-76.554537,3.4601404],[-76.5545388,3.4601305],[-76.5545405,3.4601197],[-76.5545442,3.4601007],[-76.554546,3.460088],[-76.5545478,3.4600781],[-76.5545505,3.4600672],[-76.5545514,3.4600581],[-76.5545532,3.4600482],[-76.5545541,3.4600364],[-76.5545559,3.4600265],[-76.5545577,3.4600066],[-76.5545586,3.4599957],[-76.5545604,3.4599767],[-76.5545622,3.4599659],[-76.5545649,3.459956],[-76.5545676,3.4599451],[-76.5545721,3.4599343],[-76.5545748,3.4599243],[-76.5545802,3.4599062],[-76.554582,3.4598936],[-76.5545829,3.4598845],[-76.5545847,3.4598746],[-76.5545874,3.4598583],[-76.5546234,3.4597802],[-76.5546306,3.4597648],[-76.5546533,3.4597271],[-76.5545768,3.4597273],[-76.5545542,3.4597349],[-76.5545436,3.4597384],[-76.5542507,3.4598359],[-76.5542501,3.4598359],[-76.5542021,3.4598521],[-76.5541724,3.4598617],[-76.5540415,3.4599041],[-76.5539946,3.4599192],[-76.5537352,3.4600254],[-76.553517,3.4601164],[-76.5533905,3.4601692],[-76.5532443,3.4602188],[-76.5530249,3.4602892],[-76.5528209,3.4603547],[-76.5526589,3.4603979],[-76.5526625,3.4604431],[-76.5526695,3.4605323],[-76.5526697,3.4605339],[-76.5526698,3.4605359],[-76.5526704,3.4605428],[-76.5526751,3.4606027],[-76.5526775,3.4606324],[-76.5526799,3.4606638],[-76.552683,3.4607018],[-76.5526911,3.4607273],[-76.5527038,3.4607644],[-76.5527128,3.4607979],[-76.5527128,3.4608132],[-76.5527128,3.4608367],[-76.5527128,3.4608612],[-76.55271,3.4608919],[-76.5527083,3.46091],[-76.5527029,3.4609253],[-76.5527001,3.4609407],[-76.5526948,3.4609597],[-76.5526911,3.4609705],[-76.5526821,3.4609832],[-76.552665,3.461004],[-76.5526489,3.4610185],[-76.5526345,3.4610293],[-76.5526273,3.4610375],[-76.5526146,3.4610474],[-76.5525958,3.4610538],[-76.5525814,3.4610564],[-76.5525553,3.4610574],[-76.5525319,3.4610574],[-76.5525075,3.4610547],[-76.5524895,3.4610492],[-76.5524743,3.4610447],[-76.5524526,3.4610357],[-76.5524446,3.4610302],[-76.5524365,3.4610248],[-76.5524284,3.4610203],[-76.5524194,3.4610157],[-76.5524113,3.4610112],[-76.5524031,3.4610067],[-76.5523941,3.4610031],[-76.5523851,3.4609986],[-76.5523761,3.460995],[-76.5523671,3.4609931],[-76.5523573,3.4609914],[-76.5523483,3.4609895],[-76.5523393,3.4609886],[-76.5523285,3.4609878],[-76.5523186,3.4609859],[-76.5523086,3.460985],[-76.5522996,3.4609841],[-76.5522898,3.4609832],[-76.5522799,3.4609823],[-76.5522709,3.4609832],[-76.5522619,3.4609823],[-76.5522529,3.4609814],[-76.552243,3.4609805],[-76.5522331,3.4609796],[-76.5522232,3.4609769],[-76.5522142,3.460976],[-76.5522034,3.460975],[-76.5521944,3.460975],[-76.5521854,3.4609742],[-76.5521764,3.4609687],[-76.5521683,3.4609624],[-76.5521584,3.4609552],[-76.5521503,3.4609488],[-76.5521449,3.4609416],[-76.5521404,3.4609326],[-76.5521368,3.4609253],[-76.5521332,3.4609181],[-76.5521278,3.4609117],[-76.5521206,3.4609045],[-76.5521143,3.4608982],[-76.552108,3.4608928],[-76.5521017,3.4608874],[-76.5520945,3.4608819],[-76.5520882,3.4608765],[-76.552081,3.4608693],[-76.5520747,3.4608647],[-76.5520657,3.4608584],[-76.5520567,3.4608521],[-76.5520468,3.4608439],[-76.5520378,3.4608394],[-76.552027,3.4608349],[-76.5520171,3.4608312],[-76.5520063,3.4608286],[-76.5519964,3.460825],[-76.5519865,3.4608231],[-76.5519766,3.4608213],[-76.5519649,3.4608195],[-76.551955,3.4608186],[-76.5519451,3.4608177],[-76.5519379,3.4608132],[-76.551928,3.4608096],[-76.5519181,3.460806],[-76.55191,3.4608032],[-76.5519019,3.4607951],[-76.5518947,3.460786],[-76.5518875,3.4607761],[-76.5518821,3.4607662],[-76.5518749,3.4607544],[-76.5518677,3.4607444],[-76.5518605,3.4607354],[-76.5518533,3.4607263],[-76.5518452,3.4607164],[-76.551838,3.4607082],[-76.5518317,3.460702],[-76.5518236,3.4606929],[-76.5518164,3.4606856],[-76.5518134,3.4606834],[-76.5518065,3.4606784],[-76.5517975,3.4606721],[-76.5517885,3.4606667],[-76.5517795,3.4606613],[-76.5517696,3.4606549],[-76.5517615,3.4606504],[-76.5517516,3.4606458],[-76.5517408,3.4606422],[-76.5517309,3.4606404],[-76.551721,3.4606396],[-76.5517111,3.4606377],[-76.5517004,3.460635],[-76.5516832,3.4606287],[-76.5516715,3.4606178],[-76.5516589,3.4605997],[-76.551658,3.4605871],[-76.551658,3.4605763],[-76.551658,3.4605654],[-76.551658,3.4605648],[-76.551658,3.4605563],[-76.551658,3.4605464],[-76.5516554,3.4605356],[-76.5516509,3.4605247],[-76.5516427,3.4605156],[-76.5516346,3.4605102],[-76.5516211,3.4605093],[-76.5516076,3.4605111],[-76.5515977,3.4605138],[-76.5515887,3.4605166],[-76.551577,3.4605202],[-76.5515671,3.4605238],[-76.5515564,3.4605283],[-76.5515529,3.4605294],[-76.5515446,3.4605319],[-76.5515339,3.4605346],[-76.551523,3.4605364],[-76.551514,3.4605392],[-76.551505,3.4605409],[-76.5514951,3.4605437],[-76.5514852,3.4605464],[-76.5514754,3.4605491],[-76.5514655,3.4605518],[-76.5514565,3.4605536],[-76.5514475,3.4605554],[-76.5514366,3.4605563],[-76.5514267,3.4605572],[-76.5514169,3.4605582],[-76.551407,3.4605572],[-76.5513944,3.4605554],[-76.5513826,3.4605527],[-76.5513727,3.46055],[-76.551362,3.4605464],[-76.551352,3.4605428],[-76.5513412,3.4605391],[-76.5513305,3.4605346],[-76.5513196,3.460531],[-76.551308,3.4605265],[-76.5512971,3.4605228],[-76.5512855,3.4605183],[-76.5512765,3.4605156],[-76.5512656,3.4605129],[-76.5512549,3.4605102],[-76.5512459,3.4605084],[-76.551236,3.4605039],[-76.5512251,3.4604994],[-76.551218,3.4604939],[-76.5512081,3.4604866],[-76.5512,3.4604813],[-76.5511927,3.4604749],[-76.5511846,3.4604677],[-76.5511756,3.4604614],[-76.5511685,3.460455],[-76.5511595,3.4604478],[-76.5511505,3.4604406],[-76.5511424,3.4604324],[-76.5511334,3.4604243],[-76.5511262,3.4604161],[-76.5511224,3.4604112],[-76.5511199,3.460408],[-76.5511154,3.4604007],[-76.5511136,3.460398],[-76.5511109,3.4603926],[-76.5511064,3.4603818],[-76.5511027,3.4603736],[-76.5510974,3.4603628],[-76.5510929,3.4603537],[-76.5510673,3.4603286],[-76.5510272,3.4603899],[-76.5510038,3.4604959],[-76.5506628,3.460427],[-76.5505847,3.4604768],[-76.5504628,3.4605189],[-76.5503523,3.4605438],[-76.5502602,3.4603771],[-76.5502571,3.4603715],[-76.5503072,3.460304],[-76.5502586,3.4600263],[-76.5502523,3.4600191],[-76.5502433,3.4600118],[-76.5502352,3.4600046],[-76.550229,3.4599965],[-76.5502226,3.4599901],[-76.5502172,3.4599829],[-76.5502127,3.4599739],[-76.550211,3.459963],[-76.5502091,3.459954],[-76.5502046,3.4599449],[-76.5502011,3.4599368],[-76.5501966,3.4599278],[-76.5501911,3.4599196],[-76.5501857,3.4599115],[-76.5501786,3.4599033],[-76.5501713,3.4598961],[-76.5501668,3.4598889],[-76.5501606,3.4598807],[-76.5501542,3.4598744],[-76.5501471,3.459869],[-76.5501407,3.4598626],[-76.5501362,3.4598563],[-76.5501326,3.4598509],[-76.5501291,3.4598445],[-76.5501246,3.4598392],[-76.5501201,3.4598337],[-76.550112,3.4598247],[-76.5501047,3.4598151],[-76.550103,3.4598129],[-76.5500886,3.4598084],[-76.5500768,3.4597993],[-76.5500697,3.4597948],[-76.5500625,3.4597876],[-76.5500562,3.4597821],[-76.5500498,3.4597776],[-76.5500436,3.4597677],[-76.5500382,3.4597578],[-76.550031,3.4597514],[-76.5500211,3.4597433],[-76.5499967,3.4597053],[-76.5499743,3.4596619],[-76.5499698,3.459651],[-76.549959,3.4596374],[-76.5499446,3.4596248],[-76.5499347,3.459623],[-76.5499257,3.4596203],[-76.5499158,3.4596167],[-76.5499077,3.4596131],[-76.5498978,3.4596076],[-76.5498906,3.4596049],[-76.5498897,3.459604],[-76.5498807,3.4595995],[-76.5498726,3.4595941],[-76.5498663,3.4595868],[-76.5498589,3.4595794],[-76.5498315,3.4595546],[-76.5497823,3.4595101],[-76.5497103,3.4594492],[-76.5496627,3.4594202],[-76.5496177,3.4594021],[-76.5495903,3.4593848],[-76.5495752,3.4593673],[-76.5495696,3.4593512],[-76.5495629,3.4592845],[-76.5495518,3.4592479],[-76.5495469,3.459232],[-76.5495459,3.4592289],[-76.5495414,3.4592216],[-76.5494875,3.4591694],[-76.549485,3.4591693],[-76.5494712,3.4591702],[-76.5494575,3.4591803],[-76.5494446,3.4591958],[-76.5494362,3.4592051],[-76.5494271,3.4592121],[-76.5494116,3.4591983],[-76.549397,3.4591861],[-76.54938,3.4591739],[-76.5493631,3.4591602],[-76.5493477,3.4591472],[-76.5493369,3.4591396],[-76.549323,3.4591274],[-76.5493076,3.4591144],[-76.5492929,3.4591014],[-76.5492775,3.4590877],[-76.5492659,3.4590739],[-76.5492612,3.4590624],[-76.5492596,3.4590501],[-76.5492595,3.459037],[-76.5492594,3.4590254],[-76.5492593,3.45901],[-76.54926,3.4589977],[-76.5492591,3.4589846],[-76.549256,3.4589723],[-76.5492513,3.4589616],[-76.5492451,3.4589516],[-76.5492312,3.4589371],[-76.5492204,3.4589295],[-76.5492089,3.4589242],[-76.5491951,3.4589197],[-76.549182,3.4589136],[-76.5491712,3.4589045],[-76.5491596,3.4588914],[-76.549148,3.4588784],[-76.5491349,3.4588655],[-76.549121,3.458854],[-76.5491071,3.4588426],[-76.5490925,3.4588304],[-76.5490771,3.4588189],[-76.5490625,3.4588082],[-76.5490501,3.4587991],[-76.5490347,3.45879],[-76.549024,3.4587854],[-76.5490086,3.4587809],[-76.5489918,3.4587803],[-76.5489741,3.4587804],[-76.5489573,3.4587798],[-76.5489458,3.4587783],[-76.5489403,3.4587746],[-76.5489305,3.4587831],[-76.5489107,3.4587986],[-76.5488978,3.4588133],[-76.5488902,3.458825],[-76.5488834,3.4588357],[-76.5488758,3.458845],[-76.5488651,3.4588574],[-76.5488514,3.458866],[-76.5488407,3.4588722],[-76.548827,3.4588793],[-76.5488101,3.4588825],[-76.5487993,3.4588855],[-76.5487992,3.4588819],[-76.5487992,3.4588796],[-76.5488037,3.458865],[-76.5488074,3.4588519],[-76.5488104,3.4588372],[-76.5488126,3.4588257],[-76.5488064,3.4588142],[-76.548804,3.4587996],[-76.5488038,3.4587827],[-76.548803,3.4587688],[-76.5488013,3.458755],[-76.5487974,3.4587388],[-76.5487926,3.4587204],[-76.5487871,3.4587004],[-76.5487816,3.4586805],[-76.5487785,3.458669],[-76.5487737,3.4586505],[-76.5487698,3.4586352],[-76.5487643,3.4586244],[-76.5487596,3.4586129],[-76.5487588,3.4585999],[-76.5487579,3.4585868],[-76.548757,3.4585729],[-76.5487562,3.4585591],[-76.5487553,3.4585475],[-76.5487529,3.4585322],[-76.5487482,3.4585145],[-76.5487435,3.4584999],[-76.548738,3.4584846],[-76.5487302,3.4584708],[-76.5487225,3.4584601],[-76.5487071,3.4584456],[-76.5486932,3.4584372],[-76.5486786,3.4584296],[-76.5486609,3.4584228],[-76.5486448,3.4584137],[-76.5486309,3.4584023],[-76.5486208,3.458387],[-76.5486115,3.4583686],[-76.5485998,3.4583448],[-76.5485976,3.4583401],[-76.5485889,3.4583218],[-76.5485758,3.4583027],[-76.5485619,3.4582866],[-76.5485473,3.4582791],[-76.548535,3.4582753],[-76.5485251,3.4582754],[-76.5485227,3.4582754],[-76.5485067,3.4582801],[-76.5484914,3.4582833],[-76.5484761,3.4582858],[-76.5484638,3.4582859],[-76.5484508,3.4582798],[-76.5484415,3.4582706],[-76.5484345,3.4582591],[-76.5484283,3.4582492],[-76.5484257,3.4582471],[-76.5484191,3.4582416],[-76.5484163,3.4582407],[-76.5483999,3.4582356],[-76.5483861,3.4582311],[-76.5483738,3.4582258],[-76.5483569,3.458219],[-76.5483454,3.4582175],[-76.5483255,3.4582169],[-76.5483117,3.4582178],[-76.5482971,3.4582202],[-76.5482834,3.4582249],[-76.5482689,3.4582343],[-76.5482626,3.4582407],[-76.5482606,3.4582428],[-76.5482557,3.4582471],[-76.5482492,3.4582529],[-76.5482407,3.4582471],[-76.5482392,3.458246],[-76.5482391,3.4582407],[-76.5482391,3.4582367],[-76.5482391,3.4582345],[-76.5482397,3.4582153],[-76.5482395,3.4581937],[-76.5482386,3.4581729],[-76.5482385,3.4581583],[-76.5482361,3.4581414],[-76.5482306,3.4581268],[-76.5482244,3.4581153],[-76.5482181,3.4581031],[-76.5482111,3.458087],[-76.5482019,3.4580763],[-76.5481872,3.4580618],[-76.5481695,3.458045],[-76.5481509,3.4580266],[-76.5481355,3.4580083],[-76.5481223,3.4579915],[-76.548113,3.4579785],[-76.5481061,3.457967],[-76.548106,3.4579554],[-76.5481043,3.4579408],[-76.5481027,3.4579247],[-76.548101,3.4579116],[-76.5480986,3.4578978],[-76.5480981,3.4578943],[-76.5480962,3.4578809],[-76.5480938,3.4578639],[-76.5480899,3.4578509],[-76.5480844,3.4578355],[-76.5480789,3.457824],[-76.5480727,3.4578133],[-76.548065,3.4578011],[-76.548055,3.457795],[-76.5480411,3.4577905],[-76.5480258,3.4577868],[-76.5480112,3.4577815],[-76.5479974,3.4577723],[-76.5479873,3.4577563],[-76.5479823,3.4577417],[-76.5479802,3.4577355],[-76.5479774,3.4577268],[-76.5479739,3.4577164],[-76.5479469,3.4577417],[-76.5479434,3.457745],[-76.5479424,3.4577506],[-76.5479388,3.4577521],[-76.5479309,3.4577553],[-76.5479149,3.4577624],[-76.5478989,3.4577687],[-76.5478821,3.4577758],[-76.5478669,3.457782],[-76.5478538,3.4577852],[-76.547837,3.45779],[-76.5478255,3.4577916],[-76.5478133,3.4577955],[-76.5478055,3.4577972],[-76.547806,3.4577849],[-76.5478284,3.4577567],[-76.547842,3.4577417],[-76.547844,3.4577396],[-76.5478512,3.4577296],[-76.5478484,3.4577189],[-76.5478421,3.4577043],[-76.5478321,3.4576905],[-76.5478228,3.457676],[-76.547815,3.4576591],[-76.5478088,3.4576453],[-76.5478025,3.4576323],[-76.5478007,3.4576288],[-76.5477955,3.4576192],[-76.5477878,3.4576047],[-76.5477785,3.4575901],[-76.5477669,3.4575756],[-76.5477553,3.4575641],[-76.5477437,3.4575542],[-76.5477329,3.4575466],[-76.5477153,3.4575368],[-76.5477045,3.4575299],[-76.5476929,3.4575223],[-76.5476791,3.4575132],[-76.5476652,3.4575056],[-76.5476576,3.4575012],[-76.5476509,3.4574952],[-76.5475808,3.4574325],[-76.5475225,3.4573806],[-76.5474443,3.4573107],[-76.5474401,3.4573057],[-76.5474293,3.4572943],[-76.54742,3.4572843],[-76.5474084,3.4572713],[-76.5473999,3.4572614],[-76.5473884,3.4572484],[-76.5473783,3.4572385],[-76.5473706,3.4572293],[-76.5473629,3.4572194],[-76.5473551,3.4572079],[-76.547342,3.4571949],[-76.5473289,3.4571811],[-76.5473211,3.4571712],[-76.5473134,3.4571597],[-76.5473041,3.4571475],[-76.5472964,3.457136],[-76.5472886,3.4571237],[-76.5472793,3.4571115],[-76.5472716,3.4571],[-76.5472608,3.457087],[-76.5472515,3.4570771],[-76.5472422,3.4570625],[-76.5472344,3.4570518],[-76.5472259,3.4570334],[-76.5472219,3.4570315],[-76.5469694,3.4569096],[-76.5470986,3.456707],[-76.5472472,3.4565577],[-76.54743,3.4564257],[-76.5476815,3.4562591],[-76.5478752,3.4562102],[-76.5479019,3.4562036],[-76.5479173,3.4561819],[-76.5479419,3.4561448],[-76.5479851,3.4561076],[-76.5480313,3.4560797],[-76.548093,3.4560705],[-76.5481977,3.456055],[-76.5482964,3.4560209],[-76.5483734,3.4559837],[-76.5484659,3.4559559],[-76.5485482,3.4558966],[-76.5484013,3.4556927],[-76.5481926,3.4554062],[-76.5479941,3.4551453],[-76.5479686,3.4550635],[-76.5479636,3.454997],[-76.5479788,3.4549202],[-76.5480196,3.4548588],[-76.5480552,3.4548026],[-76.548185,3.4547155],[-76.5483084,3.4546479],[-76.548351,3.4546246],[-76.54845,3.4545703],[-76.5492599,3.4541182],[-76.5493679,3.454064],[-76.5496199,3.4539464],[-76.5496649,3.4538831],[-76.5496829,3.4538469],[-76.5498449,3.4537113],[-76.5498899,3.4536751],[-76.5502319,3.4537836],[-76.5503039,3.4538108],[-76.5503669,3.4538289],[-76.5505109,3.4538741],[-76.5506099,3.4539012],[-76.5506908,3.4539193],[-76.5507718,3.4539193],[-76.5508528,3.4539193],[-76.5508888,3.4539193],[-76.5509518,3.4539193],[-76.5509968,3.4539103],[-76.5511408,3.4539012],[-76.5511768,3.4538922],[-76.5513478,3.4538832],[-76.5514828,3.4538651],[-76.5515908,3.453838],[-76.5516628,3.4538108],[-76.5517258,3.4537928],[-76.5518788,3.4537295],[-76.5520858,3.4536481],[-76.5521578,3.4536209],[-76.5524457,3.4535124],[-76.5527247,3.453413],[-76.5528867,3.4533587],[-76.5531567,3.4532592],[-76.5532107,3.4532321],[-76.5532647,3.4531959],[-76.5533097,3.4531688],[-76.5533547,3.4531236],[-76.5534177,3.4530513],[-76.5534987,3.4529699],[-76.5535707,3.4528885],[-76.5536697,3.45278],[-76.5537327,3.4527167],[-76.5538047,3.4526353],[-76.5541017,3.4523097],[-76.5542007,3.4522012],[-76.5543627,3.4520294],[-76.5544977,3.4518847],[-76.5545337,3.4518485],[-76.5545517,3.4518214],[-76.5545877,3.4517762],[-76.5546147,3.451731],[-76.5546327,3.4516858],[-76.5546507,3.4516315],[-76.5547047,3.4514325],[-76.5547137,3.4513873],[-76.5547227,3.4513602],[-76.5547317,3.4513331],[-76.5547587,3.4512878],[-76.5547857,3.4512517],[-76.5548127,3.4512065],[-76.5548487,3.4511793],[-76.5548937,3.4511432],[-76.5549387,3.4511251],[-76.5550017,3.451107],[-76.5551007,3.4510799],[-76.5554516,3.4509894],[-76.5564056,3.4507453],[-76.5564596,3.4507272],[-76.5565136,3.4507001],[-76.5565586,3.450673],[-76.5566036,3.4506368],[-76.5566396,3.4506006],[-76.5566756,3.4505554],[-76.5568331,3.4503836],[-76.5569906,3.4502118],[-76.5570356,3.4501846],[-76.5570716,3.4501575],[-76.5571166,3.4501394],[-76.5571705,3.4501213],[-76.5571868,3.4501181],[-76.5571872,3.4501208],[-76.5572367,3.4501131],[-76.5572507,3.4501109],[-76.5572509,3.4501109],[-76.5572559,3.4501101],[-76.5572827,3.450106],[-76.5572827,3.4501059],[-76.5572832,3.4501059],[-76.5572892,3.4501051],[-76.5573055,3.4501029],[-76.5573055,3.4501005],[-76.5573055,3.4500644],[-76.5573055,3.4489632],[-76.5573055,3.4489006],[-76.5574098,3.4489604],[-76.5574512,3.4489814],[-76.5575021,3.4490073],[-76.5575718,3.449037],[-76.5576456,3.4489915],[-76.5576712,3.4489242],[-76.55769,3.448875],[-76.5577622,3.4486852],[-76.5578146,3.4484316],[-76.5578181,3.4484107],[-76.5578509,3.4482129],[-76.5579016,3.4480682],[-76.5579584,3.4479061],[-76.5580265,3.4477856],[-76.5581046,3.4476886],[-76.5581075,3.4476851],[-76.5582122,3.4475989],[-76.5582304,3.4475903],[-76.5583694,3.4475247],[-76.5585884,3.4474577],[-76.5588377,3.44741],[-76.5590901,3.4473708],[-76.5592415,3.4473708],[-76.5593435,3.4473995],[-76.5594168,3.4474473],[-76.5594523,3.4475034],[-76.5594835,3.4475526],[-76.5595019,3.4476485],[-76.5595092,3.4476866],[-76.5595244,3.4477239],[-76.5595979,3.4479047],[-76.5596337,3.4479927],[-76.5596845,3.4480838],[-76.5597492,3.4481632],[-76.5597662,3.4481774],[-76.5598549,3.4482513],[-76.5599492,3.4483211],[-76.5599677,3.4483382],[-76.5600323,3.4483976],[-76.5602359,3.4484838],[-76.5604474,3.4485566],[-76.5605538,3.4485748],[-76.5606931,3.4485987],[-76.5609179,3.4486522],[-76.5612208,3.4487077],[-76.5614095,3.4487506],[-76.5616494,3.4487881],[-76.5618284,3.4488207],[-76.5619087,3.4488273],[-76.5619372,3.4488217],[-76.562159,3.4487967],[-76.5621846,3.4487938],[-76.5625465,3.4487594],[-76.5626367,3.4487586],[-76.5627115,3.448758],[-76.5627789,3.4487574],[-76.5629389,3.4487632],[-76.5629634,3.4487636],[-76.5630437,3.4487651],[-76.5631191,3.4487442],[-76.5632965,3.4487092],[-76.5633201,3.4487032],[-76.5633262,3.4487017],[-76.5633435,3.448693],[-76.5633442,3.4486927],[-76.5633712,3.4486836],[-76.5633892,3.4486746],[-76.5634162,3.4486655],[-76.5634342,3.4486565],[-76.5634611,3.4486384],[-76.5634971,3.4486203],[-76.5635241,3.4486022],[-76.5635421,3.4485842],[-76.5635601,3.4485661],[-76.5635781,3.4485389],[-76.5636051,3.4485118],[-76.5636105,3.4485011],[-76.5636141,3.4484937],[-76.5636219,3.4484678],[-76.5636411,3.4484033],[-76.5636591,3.4483762],[-76.5636951,3.4483671],[-76.5637914,3.4483349],[-76.5638031,3.4483309],[-76.5638077,3.4483264],[-76.5638121,3.4483219],[-76.5638571,3.4483038],[-76.5638785,3.4483038],[-76.5639021,3.4483038],[-76.5639291,3.4483038],[-76.5639471,3.4483038],[-76.5639741,3.4483038],[-76.5640821,3.4483129],[-76.5641001,3.4483129],[-76.5641081,3.4483155],[-76.5641271,3.4483219],[-76.5641433,3.4483219],[-76.5641451,3.4483219],[-76.5641465,3.4483229],[-76.5641721,3.44834],[-76.5641943,3.448352],[-76.5642891,3.4484033],[-76.5643065,3.448415],[-76.5643161,3.4484214],[-76.5643552,3.4484476],[-76.5643701,3.4484576],[-76.5643881,3.4484666],[-76.5644151,3.4484757],[-76.5644331,3.4484937],[-76.5644961,3.4485842],[-76.5645448,3.4486542],[-76.5645591,3.4486746],[-76.5645771,3.4487108],[-76.5645861,3.4487289],[-76.5646041,3.448756],[-76.5646131,3.4488193],[-76.5646311,3.4488736],[-76.5646401,3.4489007],[-76.5646401,3.4489278],[-76.5646355,3.4489462],[-76.5646311,3.448964],[-76.5646311,3.4489821],[-76.5646581,3.4490635],[-76.5646905,3.449194],[-76.564703,3.4492443],[-76.5647117,3.4492617],[-76.564712,3.4492624],[-76.564721,3.4492896],[-76.564721,3.4493077],[-76.56473,3.4493257],[-76.56473,3.4493438],[-76.564739,3.449371],[-76.564748,3.4494071],[-76.564748,3.4494134],[-76.564748,3.4494343],[-76.564748,3.4494614],[-76.564757,3.4494976],[-76.564757,3.4495157],[-76.564757,3.4495247],[-76.564757,3.4495428],[-76.564766,3.4495518],[-76.564775,3.4495699],[-76.564784,3.449588],[-76.564802,3.4496061],[-76.5648204,3.4496245],[-76.564829,3.4496332],[-76.564856,3.4496513],[-76.564874,3.4496694],[-76.564892,3.4496784],[-76.56491,3.4496875],[-76.5649148,3.4496899],[-76.564946,3.4497056],[-76.564964,3.4497146],[-76.5649754,3.4497261],[-76.564982,3.4497327],[-76.565,3.4497417],[-76.565027,3.4497689],[-76.565045,3.4497779],[-76.5650499,3.4497779],[-76.565072,3.4497779],[-76.565099,3.449796],[-76.5651225,3.4498039],[-76.565126,3.449805],[-76.565162,3.4498231],[-76.565163,3.4498236],[-76.56518,3.4498322],[-76.5651831,3.4498342],[-76.5651888,3.4498381],[-76.5651889,3.4498381],[-76.565207,3.4498503],[-76.565234,3.4498684],[-76.565252,3.4498774],[-76.565279,3.4498864],[-76.565306,3.4498955],[-76.565342,3.4498955],[-76.565369,3.4498955],[-76.565396,3.4498955],[-76.565423,3.4498955],[-76.56545,3.4498864],[-76.565477,3.4498864],[-76.565495,3.4498864],[-76.565522,3.4498864],[-76.565549,3.4498774],[-76.565576,3.4498774],[-76.565594,3.4498684],[-76.56563,3.4498684],[-76.565666,3.4498593],[-76.565675,3.4498593],[-76.565756,3.4498141],[-76.565783,3.4498051],[-76.5657927,3.4497995],[-76.565846,3.4497689],[-76.5658464,3.4497688],[-76.5658819,3.4497598],[-76.5659629,3.4497327],[-76.5661222,3.4496455],[-76.5661609,3.4496242],[-76.5662059,3.4496061],[-76.5662419,3.449579],[-76.5662463,3.4495757],[-76.5662779,3.4495519],[-76.5663049,3.4495338],[-76.5663717,3.449504],[-76.5663859,3.4494976],[-76.5664309,3.4494795],[-76.5664939,3.4494524],[-76.5665389,3.4494343],[-76.5666379,3.449371],[-76.5666829,3.4493439],[-76.566713,3.4493166],[-76.5667729,3.4492625],[-76.5668269,3.4492444],[-76.5669109,3.4492214],[-76.5669259,3.4492173],[-76.5669439,3.4492082],[-76.5669709,3.4491992],[-76.5670069,3.4491901],[-76.5670249,3.4491811],[-76.5670609,3.4491811],[-76.5670759,3.4491773],[-76.5670969,3.4491721],[-76.5671239,3.4491721],[-76.5672215,3.4491645],[-76.5672409,3.449163],[-76.5672845,3.449163],[-76.5672859,3.449163],[-76.5673399,3.4491721],[-76.5673849,3.4491721],[-76.5674299,3.4491721],[-76.5674789,3.4491639],[-76.5674839,3.449163],[-76.5675,3.449163],[-76.567528,3.449163],[-76.5675288,3.449163],[-76.5675738,3.449163],[-76.5675828,3.449163],[-76.5676188,3.449163],[-76.5676548,3.449154],[-76.5676818,3.449154],[-76.5677628,3.449163],[-76.5678258,3.449163],[-76.5678333,3.4491641],[-76.5678888,3.4491721],[-76.5678912,3.4491721],[-76.5679428,3.4491721],[-76.5680148,3.449163],[-76.5680508,3.449163],[-76.5680868,3.449154],[-76.5681228,3.449145],[-76.5682488,3.4491088],[-76.5683838,3.4490545],[-76.5684558,3.4490184],[-76.5684725,3.4490034],[-76.5685045,3.4489749],[-76.5685368,3.448946],[-76.5686132,3.4489076],[-76.5686808,3.4488737],[-76.5686936,3.4488644],[-76.5687438,3.4488284],[-76.5688158,3.4488013],[-76.5688288,3.4487935],[-76.5689058,3.4487471],[-76.5689688,3.4487561],[-76.5689813,3.4487586],[-76.5690138,3.4487651],[-76.5691757,3.4488285],[-76.5691904,3.448833],[-76.5692927,3.4488646],[-76.5693529,3.4488972],[-76.5694097,3.4489279],[-76.5694499,3.4489497],[-76.5694511,3.4489503],[-76.5694629,3.4489588],[-76.569477,3.448969],[-76.5694911,3.4489792],[-76.5694973,3.4489837],[-76.5695094,3.4489925],[-76.5695216,3.4490012],[-76.5695337,3.44901],[-76.5695459,3.4490188],[-76.5695474,3.4490199],[-76.569558,3.4490275],[-76.5695702,3.4490363],[-76.5695707,3.4490367],[-76.5695823,3.4490451],[-76.5695829,3.4490455],[-76.5695829,3.4490455],[-76.5695945,3.4490539],[-76.5696066,3.4490626],[-76.5696179,3.4490707],[-76.569632,3.4490809],[-76.5696323,3.4490812],[-76.5696337,3.4490822],[-76.569646,3.4490911],[-76.5696552,3.4490977],[-76.5696679,3.4491069],[-76.5696793,3.4491151],[-76.5697584,3.4491723],[-76.5698679,3.4492119],[-76.5699249,3.4492603],[-76.570008,3.4493131],[-76.5700956,3.4493835],[-76.5701876,3.4494188],[-76.5702752,3.449454],[-76.570319,3.4494715],[-76.5703978,3.4495024],[-76.5704635,3.4495244],[-76.5705729,3.4495332],[-76.570573,3.4495332],[-76.5706781,3.4495552],[-76.5707569,3.449586],[-76.5708095,3.4495948],[-76.5708663,3.449586],[-76.5708664,3.449586],[-76.5709058,3.4495684],[-76.5709059,3.4495684],[-76.5709321,3.4495772],[-76.5709935,3.4495904],[-76.571116,3.449586],[-76.5711161,3.449586],[-76.5713349,3.4495596],[-76.571335,3.4495596],[-76.5713621,3.4495557],[-76.5714575,3.449542],[-76.5714576,3.449542],[-76.5715758,3.4495376],[-76.5715759,3.4495376],[-76.5717379,3.44952],[-76.5717379,3.44952],[-76.571878,3.4495244],[-76.5718781,3.4495244],[-76.5720007,3.4495068],[-76.5720008,3.4495068],[-76.5721737,3.4494364],[-76.5722482,3.4493748],[-76.5723007,3.4493219],[-76.5723489,3.4492516],[-76.5724014,3.4491855],[-76.5724584,3.4491327],[-76.5725241,3.4491019],[-76.5725809,3.4490931],[-76.572581,3.4490931],[-76.5726772,3.4490844],[-76.5726773,3.4490843],[-76.5728349,3.4490711],[-76.572835,3.4490711],[-76.5729269,3.4490799],[-76.572927,3.4490799],[-76.5730101,3.4490799],[-76.5730102,3.4490799],[-76.5731022,3.4490931],[-76.5731547,3.4491415],[-76.5732073,3.4491812],[-76.573273,3.4492295],[-76.5733168,3.4492647],[-76.5733781,3.4493044],[-76.5734131,3.4493352],[-76.57347,3.4493748],[-76.573527,3.4494144],[-76.5736014,3.4494628],[-76.5736034,3.4494636],[-76.5737328,3.4495112],[-76.573873,3.4495685],[-76.5739693,3.4496124],[-76.5740656,3.4496388],[-76.5741969,3.4496432],[-76.574197,3.4496432],[-76.5743152,3.4496432],[-76.5743153,3.4496432],[-76.5744044,3.4496555],[-76.5745079,3.4496697],[-76.574508,3.4496697],[-76.5746152,3.449674],[-76.5746153,3.449674],[-76.5747378,3.4496872],[-76.5747379,3.4496873],[-76.5748604,3.4496829],[-76.5748605,3.4496829],[-76.5750313,3.4496653],[-76.5750314,3.4496653],[-76.5751365,3.449674],[-76.5752284,3.4496873],[-76.5752853,3.4497049],[-76.5753642,3.4497181],[-76.5754255,3.4497577],[-76.5754649,3.4497753],[-76.5754649,3.4498149],[-76.5755175,3.4498281],[-76.5755525,3.4498193],[-76.5755831,3.4498105],[-76.5755831,3.4498105],[-76.5756051,3.4498325],[-76.5756138,3.4498633],[-76.5756226,3.4498985],[-76.5756751,3.4499557],[-76.5757232,3.4499909],[-76.575767,3.4500262],[-76.5758328,3.4500438],[-76.5759204,3.4500657],[-76.5760036,3.4500878],[-76.576113,3.4500878],[-76.576113,3.4500878],[-76.5762882,3.4500702],[-76.5762882,3.4500702],[-76.5764765,3.450013],[-76.5766649,3.4499074],[-76.57677,3.4498414],[-76.5768773,3.4497665],[-76.5772539,3.4495905],[-76.5773414,3.4495773],[-76.5773415,3.4495773],[-76.5774203,3.4496125],[-76.5774598,3.4496301],[-76.5774904,3.4496477],[-76.5775342,3.4496697],[-76.577578,3.4496961],[-76.5777094,3.4497489],[-76.5778276,3.4497885],[-76.5779195,3.4497885],[-76.5779196,3.4497885],[-76.5779852,3.4497842],[-76.5779853,3.4497842],[-76.5780246,3.4497842],[-76.5780247,3.4497842],[-76.5780772,3.4497797],[-76.5780773,3.4497797],[-76.578121,3.4497621],[-76.5781561,3.4497358],[-76.5782437,3.4496961],[-76.5783356,3.4496785],[-76.5783357,3.4496785],[-76.5784056,3.4496653],[-76.5784057,3.4496653],[-76.5784801,3.4496741],[-76.5785414,3.4496653],[-76.5785415,3.4496653],[-76.5786115,3.4496653],[-76.5786116,3.4496653],[-76.5786684,3.4496653],[-76.5786685,3.4496653],[-76.5787341,3.4496697],[-76.5787342,3.4496697],[-76.5788086,3.4496785],[-76.5788786,3.4496741],[-76.5788787,3.4496741],[-76.5789575,3.4496565],[-76.5789575,3.4496565],[-76.5790145,3.449661],[-76.579067,3.4496873],[-76.5791108,3.4497226],[-76.5791458,3.4497842],[-76.5791853,3.449859],[-76.5792422,3.4499866],[-76.5792641,3.4500878],[-76.5792947,3.4501626],[-76.5792947,3.4502067],[-76.5793254,3.4502683],[-76.5793823,3.4503254],[-76.5793955,3.4503563],[-76.5793955,3.4503915],[-76.5793955,3.4504267],[-76.5794086,3.4504707],[-76.5794611,3.4505323],[-76.5795312,3.4506468],[-76.5795925,3.4507611],[-76.5796276,3.4507964],[-76.5797152,3.4508976],[-76.5798247,3.4510252],[-76.5799605,3.4511836],[-76.5801224,3.4513949],[-76.5802057,3.4515313],[-76.5802582,3.4516853],[-76.5802626,3.4518262],[-76.5802845,3.4519538],[-76.5803415,3.452121],[-76.5804203,3.4522486],[-76.5805035,3.4523367],[-76.580613,3.4524203],[-76.5807203,3.4524731],[-76.5807904,3.4525084],[-76.5809786,3.4525479],[-76.5810663,3.4525787],[-76.5811757,3.452614],[-76.5812414,3.4526579],[-76.5813334,3.452746],[-76.5813947,3.4527768],[-76.581491,3.452812],[-76.5815436,3.4528604],[-76.5816663,3.4530101],[-76.5817845,3.4531817],[-76.5819991,3.4534589],[-76.5821895,3.4536966],[-76.5824611,3.4540267],[-76.5826844,3.4541895],[-76.5828246,3.4542467],[-76.5829209,3.4542467],[-76.582921,3.4542467],[-76.5830086,3.4541939],[-76.5832231,3.4539475],[-76.5834772,3.4536526],[-76.583683,3.4534589],[-76.5839283,3.4533797],[-76.5842304,3.4533886],[-76.5842304,3.4533886],[-76.5844888,3.4534634],[-76.5846859,3.4535602],[-76.5847822,3.4536658],[-76.5848742,3.4538859],[-76.5848786,3.4540707],[-76.5848655,3.4542027],[-76.5848217,3.4543303],[-76.584699,3.4545592],[-76.5845523,3.4548628],[-76.5844866,3.4550212],[-76.5844428,3.4551929],[-76.584434,3.4552941],[-76.5844297,3.4554174],[-76.5844822,3.4555802],[-76.584526,3.4558135],[-76.5846574,3.4561435],[-76.5846574,3.4561436],[-76.5839138,3.4567326],[-76.5839127,3.4567335],[-76.5838487,3.4567842],[-76.5833536,3.4571448],[-76.5832282,3.4572361],[-76.583176,3.4572276],[-76.5831661,3.4572266],[-76.5831572,3.4572262],[-76.5831482,3.4572263],[-76.5831392,3.4572267],[-76.5831302,3.4572276],[-76.5831213,3.4572289],[-76.5831125,3.4572307],[-76.5831037,3.4572328],[-76.5830951,3.4572354],[-76.5830866,3.4572384],[-76.5830783,3.4572418],[-76.5830701,3.4572456],[-76.5830622,3.4572498],[-76.5830544,3.4572544],[-76.5830469,3.4572593],[-76.5830396,3.4572646],[-76.5830325,3.4572703],[-76.5830258,3.4572762],[-76.5830193,3.4572825],[-76.5830131,3.4572891],[-76.5830012,3.4572969],[-76.582994,3.4573023],[-76.582987,3.457308],[-76.5829802,3.457314],[-76.5829738,3.4573203],[-76.5829676,3.4573268],[-76.5829617,3.4573336],[-76.5829561,3.4573407],[-76.5829508,3.457348],[-76.5829458,3.4573556],[-76.5828613,3.4575034],[-76.5826089,3.4577044],[-76.5826054,3.4577109],[-76.5825972,3.4577261],[-76.5824316,3.4578564],[-76.5823366,3.4579318],[-76.5822547,3.4579966],[-76.5820434,3.4581641],[-76.5818322,3.4583316],[-76.5816209,3.458499],[-76.5815064,3.4585897],[-76.5813703,3.4586976],[-76.5813404,3.4587213],[-76.5811744,3.4588529],[-76.5810084,3.4589845],[-76.58077,3.4591734],[-76.5807398,3.4591974],[-76.580005,3.4597797],[-76.579839,3.4599113],[-76.579709,3.4600144],[-76.579687,3.460007],[-76.579655,3.4599973],[-76.5796015,3.4599875],[-76.5796014,3.4599875],[-76.579549,3.4599807],[-76.5795489,3.4599807],[-76.5794935,3.4599835],[-76.5794935,3.4599836],[-76.5794622,3.4599879],[-76.5794273,3.4600016],[-76.5793829,3.4600208],[-76.5793427,3.4600399],[-76.5792823,3.4600729],[-76.5792072,3.4601112],[-76.5791056,3.4601824],[-76.5790538,3.4602165],[-76.5790481,3.4602188],[-76.5790441,3.4602204],[-76.57904,3.4602219],[-76.5790359,3.4602233],[-76.5790317,3.4602246],[-76.5790277,3.4602259],[-76.5790235,3.4602272],[-76.5790193,3.4602283],[-76.5790152,3.4602293],[-76.5790109,3.4602303],[-76.5790067,3.4602312],[-76.5790025,3.460232],[-76.5789982,3.4602328],[-76.5789939,3.4602335],[-76.5789938,3.4602335],[-76.5789897,3.4602341],[-76.5789896,3.4602341],[-76.5789854,3.4602346],[-76.5789853,3.4602346],[-76.5789811,3.4602351],[-76.578981,3.4602351],[-76.5789768,3.4602355],[-76.5789767,3.4602355],[-76.5789725,3.4602358],[-76.5789724,3.4602358],[-76.5789682,3.4602361],[-76.5789681,3.4602361],[-76.5789638,3.4602362],[-76.5789638,3.4602362],[-76.5789595,3.4602363],[-76.5789595,3.4602363],[-76.5789552,3.4602363],[-76.5789551,3.4602363],[-76.5789509,3.4602362],[-76.5789508,3.4602362],[-76.5789466,3.4602361],[-76.5789465,3.460236],[-76.5789422,3.4602358],[-76.5789422,3.4602358],[-76.578938,3.4602356],[-76.5789379,3.4602356],[-76.5789337,3.4602352],[-76.5789336,3.4602352],[-76.5789294,3.4602348],[-76.5789293,3.4602348],[-76.5789251,3.4602342],[-76.578925,3.4602342],[-76.5789208,3.4602337],[-76.5789207,3.4602336],[-76.5789165,3.4602329],[-76.5789164,3.4602329],[-76.5789122,3.4602322],[-76.5789121,3.4602322],[-76.578908,3.4602314],[-76.5789038,3.4602305],[-76.5788996,3.4602296],[-76.5788954,3.4602285],[-76.5788912,3.4602274],[-76.5788871,3.4602262],[-76.5788829,3.460225],[-76.5788788,3.4602236],[-76.5788747,3.4602222],[-76.5788707,3.4602207],[-76.578786,3.4601909],[-76.5786685,3.460126],[-76.5786218,3.4600851],[-76.578598,3.4600631],[-76.5785745,3.4600407],[-76.5785515,3.4600179],[-76.5785289,3.4599947],[-76.5785067,3.4599711],[-76.5784848,3.4599471],[-76.5784634,3.4599227],[-76.5784425,3.459898],[-76.578422,3.4598729],[-76.5784019,3.4598475],[-76.5781077,3.459471],[-76.5780886,3.4594423],[-76.5780241,3.4593317],[-76.5779944,3.4592413],[-76.5779447,3.4590435],[-76.5779341,3.4589669],[-76.5779215,3.4587447],[-76.5779129,3.4587064],[-76.577895,3.4586607],[-76.5778727,3.4586139],[-76.5778379,3.4585724],[-76.5778008,3.4585362],[-76.5777999,3.4585352],[-76.5777992,3.4585345],[-76.5777986,3.4585338],[-76.5777979,3.4585331],[-76.5777972,3.4585324],[-76.5777964,3.4585316],[-76.5777957,3.458531],[-76.577795,3.4585303],[-76.5777943,3.4585297],[-76.5777935,3.458529],[-76.5777927,3.4585284],[-76.577792,3.4585278],[-76.5777912,3.4585272],[-76.5777904,3.4585266],[-76.5777896,3.4585261],[-76.5777888,3.4585255],[-76.5777879,3.458525],[-76.5777871,3.4585244],[-76.5777863,3.4585239],[-76.5777854,3.4585234],[-76.5777846,3.458523],[-76.5777837,3.4585225],[-76.5777827,3.4585223],[-76.577782,3.4585221],[-76.5777811,3.4585217],[-76.5777801,3.4585213],[-76.5777793,3.4585205],[-76.5777784,3.4585201],[-76.5777775,3.4585197],[-76.5777765,3.4585194],[-76.5777756,3.4585191],[-76.5777747,3.4585188],[-76.5777737,3.4585185],[-76.5777728,3.4585182],[-76.5777718,3.4585179],[-76.5777709,3.4585177],[-76.5777699,3.4585175],[-76.577769,3.4585173],[-76.577768,3.4585171],[-76.5777679,3.4585171],[-76.577767,3.458517],[-76.5777669,3.4585169],[-76.5777661,3.4585168],[-76.577766,3.4585168],[-76.5777651,3.4585167],[-76.577765,3.4585167],[-76.5777641,3.4585165],[-76.577764,3.4585165],[-76.5777631,3.4585165],[-76.577763,3.4585165],[-76.5777621,3.4585164],[-76.5777621,3.4585164],[-76.5777612,3.4585163],[-76.5777611,3.4585163],[-76.5777602,3.4585162],[-76.5777601,3.4585162],[-76.5777592,3.4585162],[-76.5777591,3.4585162],[-76.5777582,3.4585162],[-76.5777581,3.4585162],[-76.5777572,3.4585162],[-76.5777571,3.4585162],[-76.5777562,3.4585162],[-76.5777562,3.4585162],[-76.5777553,3.4585162],[-76.5777552,3.4585162],[-76.5777543,3.4585163],[-76.5777543,3.4585163],[-76.5777534,3.4585164],[-76.5777533,3.4585164],[-76.5777524,3.4585165],[-76.5777523,3.4585165],[-76.5777514,3.4585166],[-76.5777513,3.4585166],[-76.5777504,3.4585167],[-76.5777503,3.4585167],[-76.5777494,3.4585168],[-76.5777493,3.4585168],[-76.5777484,3.4585169],[-76.5777484,3.458517],[-76.5777475,3.4585172],[-76.5777465,3.4585174],[-76.5777465,3.4585174],[-76.5777455,3.4585175],[-76.5777446,3.4585178],[-76.5777436,3.458518],[-76.5777427,3.4585183],[-76.5777418,3.4585186],[-76.5777408,3.4585189],[-76.5777399,3.4585191],[-76.577739,3.4585195],[-76.577738,3.4585198],[-76.5777371,3.4585201],[-76.5777362,3.4585206],[-76.5777354,3.4585208],[-76.5777345,3.4585211],[-76.5777335,3.4585213],[-76.5777327,3.4585218],[-76.5777318,3.4585226],[-76.5777301,3.4585236],[-76.5777284,3.4585246],[-76.5777267,3.4585256],[-76.5776971,3.4585533],[-76.5776956,3.4585555],[-76.5776943,3.4585573],[-76.577693,3.458559],[-76.5776918,3.4585608],[-76.5776904,3.4585624],[-76.577689,3.4585641],[-76.5776876,3.4585658],[-76.5776862,3.4585673],[-76.5776847,3.4585689],[-76.5776833,3.4585705],[-76.5776818,3.4585721],[-76.5776802,3.4585736],[-76.5776787,3.4585751],[-76.5776771,3.4585765],[-76.5776755,3.458578],[-76.5776738,3.4585794],[-76.5776722,3.4585807],[-76.5776705,3.4585821],[-76.5776688,3.4585834],[-76.5776671,3.4585847],[-76.5776653,3.458586],[-76.5776636,3.4585872],[-76.5776617,3.4585884],[-76.57766,3.4585896],[-76.5776582,3.4585907],[-76.5776563,3.4585918],[-76.5776544,3.4585928],[-76.5776525,3.4585939],[-76.5776506,3.4585949],[-76.5776487,3.4585959],[-76.5776468,3.4585968],[-76.5776448,3.4585977],[-76.5776428,3.4585985],[-76.5776408,3.4585994],[-76.5776388,3.4586002],[-76.5776368,3.4586009],[-76.5776347,3.4586017],[-76.5776327,3.4586023],[-76.5776307,3.458603],[-76.5776286,3.4586036],[-76.5776265,3.4586042],[-76.5776245,3.4586047],[-76.5776224,3.4586052],[-76.5776203,3.4586057],[-76.5776181,3.4586061],[-76.577616,3.4586065],[-76.577616,3.4586065],[-76.5776139,3.4586069],[-76.5776139,3.4586069],[-76.5776118,3.4586072],[-76.5776117,3.4586072],[-76.5776096,3.4586074],[-76.5776096,3.4586075],[-76.5776075,3.4586077],[-76.5776075,3.4586077],[-76.5776054,3.4586079],[-76.5776053,3.458608],[-76.5776032,3.4586081],[-76.5776032,3.4586081],[-76.5776011,3.4586082],[-76.577601,3.4586082],[-76.577599,3.4586084],[-76.5775989,3.4586084],[-76.5775968,3.4586084],[-76.5775967,3.4586084],[-76.5775947,3.4586084],[-76.5775946,3.4586084],[-76.5775925,3.4586084],[-76.5775924,3.4586084],[-76.5775904,3.4586084],[-76.5775903,3.4586084],[-76.5775882,3.4586082],[-76.5775881,3.4586082],[-76.577586,3.4586082],[-76.5775859,3.4586082],[-76.5775839,3.4586079],[-76.5775838,3.4586079],[-76.5775817,3.4586077],[-76.5775817,3.4586077],[-76.5775796,3.4586075],[-76.5775795,3.4586075],[-76.577549,3.4586107],[-76.5775489,3.4586107],[-76.5774929,3.4586128],[-76.5774928,3.4586128],[-76.5774198,3.4586171],[-76.5774197,3.4586171],[-76.5773479,3.4586213],[-76.5773478,3.4586213],[-76.5773246,3.4586224],[-76.5773245,3.4586224],[-76.5772812,3.4586213],[-76.5772346,3.4586065],[-76.5772345,3.4586065],[-76.5771786,3.4586],[-76.5771045,3.4585831],[-76.5771044,3.4585831],[-76.5769838,3.4585682],[-76.5769837,3.4585682],[-76.5768822,3.4585735],[-76.5768082,3.4585937],[-76.5768081,3.4585937],[-76.5768048,3.4585941],[-76.5768047,3.4585941],[-76.5768028,3.4585944],[-76.5768027,3.4585944],[-76.5768008,3.4585947],[-76.5768007,3.4585947],[-76.5767988,3.458595],[-76.5767987,3.458595],[-76.5767967,3.4585954],[-76.5767948,3.4585959],[-76.5767927,3.4585963],[-76.5767908,3.4585968],[-76.5767888,3.4585973],[-76.5767868,3.4585979],[-76.5767849,3.4585985],[-76.5767829,3.4585992],[-76.576781,3.4585998],[-76.576779,3.4586005],[-76.5767771,3.4586013],[-76.5767752,3.4586021],[-76.5767733,3.4586028],[-76.5767715,3.4586037],[-76.5767696,3.4586045],[-76.5767678,3.4586055],[-76.5767659,3.4586064],[-76.5767641,3.4586074],[-76.5767624,3.4586084],[-76.5767605,3.4586094],[-76.5767588,3.4586105],[-76.5767571,3.4586115],[-76.5767553,3.4586127],[-76.5767536,3.4586139],[-76.5767519,3.458615],[-76.5767503,3.4586162],[-76.5767486,3.4586175],[-76.576747,3.4586187],[-76.5767455,3.45862],[-76.5767439,3.4586214],[-76.5767423,3.4586227],[-76.5767408,3.4586241],[-76.5767393,3.4586255],[-76.5767378,3.4586269],[-76.5767364,3.4586284],[-76.576735,3.4586299],[-76.5767336,3.4586314],[-76.5767322,3.4586329],[-76.5767309,3.4586345],[-76.5767295,3.4586361],[-76.5767283,3.4586377],[-76.576727,3.4586393],[-76.5767258,3.4586409],[-76.5767245,3.4586426],[-76.5767228,3.4586492],[-76.5767217,3.4586535],[-76.5767208,3.4586579],[-76.5767199,3.4586622],[-76.576719,3.4586666],[-76.5767183,3.458671],[-76.5767176,3.4586753],[-76.576717,3.4586797],[-76.5767165,3.4586842],[-76.5767161,3.4586885],[-76.5767157,3.458693],[-76.5767155,3.4586974],[-76.5767152,3.4587018],[-76.5767151,3.4587063],[-76.576715,3.4587107],[-76.576715,3.4587151],[-76.5767152,3.4587196],[-76.5767153,3.458724],[-76.5767156,3.4587285],[-76.5767159,3.4587328],[-76.5767163,3.4587373],[-76.5767168,3.4587417],[-76.5767174,3.4587461],[-76.576718,3.4587505],[-76.5767187,3.4587549],[-76.5767195,3.4587593],[-76.5767204,3.4587636],[-76.5767213,3.458768],[-76.5767223,3.4587723],[-76.5767234,3.4587766],[-76.5767245,3.4587808],[-76.5767574,3.4588308],[-76.576787,3.4588713],[-76.5768251,3.458917],[-76.5768399,3.4589467],[-76.5768653,3.4589765],[-76.576913,3.4590084],[-76.5769637,3.4590318],[-76.5769965,3.4590552],[-76.5770015,3.4590596],[-76.5770047,3.4590624],[-76.577008,3.4590651],[-76.5770113,3.4590677],[-76.5770146,3.4590702],[-76.5770181,3.4590727],[-76.5770215,3.4590752],[-76.577025,3.4590775],[-76.5770285,3.4590798],[-76.5770321,3.4590821],[-76.5770356,3.4590843],[-76.5770393,3.4590864],[-76.577043,3.4590884],[-76.5770467,3.4590905],[-76.5770505,3.4590924],[-76.5770542,3.4590942],[-76.5770581,3.4590961],[-76.5770619,3.4590978],[-76.5770657,3.4590995],[-76.5770697,3.4591011],[-76.5770736,3.4591026],[-76.5770775,3.4591041],[-76.5770815,3.4591054],[-76.5770855,3.4591067],[-76.5770896,3.459108],[-76.5770936,3.4591092],[-76.5770976,3.4591103],[-76.5771017,3.4591113],[-76.5771058,3.4591123],[-76.57711,3.4591132],[-76.577114,3.459114],[-76.5771141,3.459114],[-76.5771182,3.4591147],[-76.5771183,3.4591147],[-76.5771753,3.4591328],[-76.5772484,3.4591509],[-76.5773373,3.4591732],[-76.577405,3.459202],[-76.5774076,3.4592035],[-76.5774095,3.4592046],[-76.5774113,3.4592058],[-76.5774131,3.459207],[-76.5774149,3.4592083],[-76.5774167,3.4592095],[-76.5774185,3.4592108],[-76.5774203,3.4592122],[-76.577422,3.4592136],[-76.5774237,3.459215],[-76.5774254,3.4592164],[-76.577427,3.4592179],[-76.5774287,3.4592194],[-76.5774302,3.4592208],[-76.5774318,3.4592224],[-76.5774334,3.459224],[-76.5774348,3.4592256],[-76.5774364,3.4592272],[-76.5774378,3.4592289],[-76.5774393,3.4592305],[-76.5774407,3.4592323],[-76.577442,3.459234],[-76.5774434,3.4592358],[-76.5774447,3.4592375],[-76.577446,3.4592393],[-76.5774472,3.4592411],[-76.5774484,3.459243],[-76.5774496,3.4592449],[-76.5774508,3.4592467],[-76.5774519,3.4592486],[-76.577453,3.4592505],[-76.577454,3.4592525],[-76.5774551,3.4592545],[-76.5774561,3.4592565],[-76.577457,3.4592584],[-76.5774579,3.4592604],[-76.57746,3.459286],[-76.5774516,3.4593359],[-76.5774399,3.4593636],[-76.5774283,3.4593816],[-76.5773997,3.4594146],[-76.5773733,3.459438],[-76.5773288,3.4594667],[-76.5772907,3.4594827],[-76.5772357,3.4595061],[-76.5771807,3.4595167],[-76.5771806,3.4595167],[-76.577132,3.459522],[-76.5771319,3.459522],[-76.5771087,3.4595263],[-76.5770833,3.4595391],[-76.5770558,3.4595497],[-76.5770293,3.4595614],[-76.5770113,3.4595731],[-76.5769764,3.459589],[-76.5769331,3.459606],[-76.5768939,3.4596252],[-76.5768495,3.459655],[-76.5768145,3.4596751],[-76.5767722,3.4597039],[-76.5767224,3.459722],[-76.5766738,3.4597315],[-76.5766737,3.4597315],[-76.5766463,3.4597304],[-76.5766166,3.459722],[-76.576588,3.4597124],[-76.5765468,3.4597049],[-76.5765467,3.4597049],[-76.576515,3.4597092],[-76.5764886,3.4597188],[-76.5764863,3.4597192],[-76.5764844,3.4597196],[-76.5764825,3.45972],[-76.5764805,3.4597205],[-76.5764786,3.459721],[-76.5764768,3.4597215],[-76.5764749,3.4597221],[-76.576473,3.4597227],[-76.5764711,3.4597233],[-76.5764692,3.459724],[-76.5764674,3.4597247],[-76.5764656,3.4597254],[-76.5764637,3.4597262],[-76.5764619,3.459727],[-76.5764602,3.4597278],[-76.5764584,3.4597287],[-76.5764566,3.4597296],[-76.5764549,3.4597305],[-76.5764531,3.4597314],[-76.5764514,3.4597324],[-76.5764498,3.4597335],[-76.5764481,3.4597345],[-76.5764464,3.4597355],[-76.5764448,3.4597367],[-76.5764431,3.4597378],[-76.5764415,3.4597389],[-76.5764399,3.4597401],[-76.5764384,3.4597413],[-76.5764368,3.4597426],[-76.5764353,3.4597439],[-76.5764338,3.4597451],[-76.5764323,3.4597465],[-76.5764309,3.4597478],[-76.5764295,3.4597492],[-76.5764281,3.4597506],[-76.5764267,3.459752],[-76.5764254,3.4597535],[-76.576424,3.4597549],[-76.5763997,3.4597868],[-76.5763658,3.4598219],[-76.5763298,3.4598623],[-76.5763107,3.45989],[-76.5762833,3.4599283],[-76.57626,3.4599708],[-76.5762483,3.4599942],[-76.5762303,3.4600272],[-76.5762187,3.4600388],[-76.5761933,3.4600569],[-76.5761277,3.4600994],[-76.5760229,3.4601388],[-76.5760228,3.4601388],[-76.575951,3.4601462],[-76.5759509,3.4601462],[-76.5759469,3.4601471],[-76.5759468,3.4601471],[-76.5759445,3.4601474],[-76.5759444,3.4601474],[-76.5759422,3.4601478],[-76.5759421,3.4601478],[-76.5759399,3.4601481],[-76.5759398,3.4601481],[-76.5759375,3.4601484],[-76.5759375,3.4601484],[-76.5759352,3.4601486],[-76.5759351,3.4601486],[-76.5759328,3.4601488],[-76.5759328,3.4601488],[-76.5759305,3.460149],[-76.5759304,3.460149],[-76.5759281,3.4601491],[-76.5759281,3.4601491],[-76.5759258,3.4601492],[-76.5759257,3.4601492],[-76.5759234,3.4601492],[-76.5759233,3.4601492],[-76.575921,3.4601492],[-76.5759209,3.4601492],[-76.5759187,3.4601492],[-76.5759186,3.4601492],[-76.5759163,3.460149],[-76.5759162,3.460149],[-76.575914,3.4601489],[-76.5759139,3.4601489],[-76.5759117,3.4601488],[-76.5759116,3.4601488],[-76.5759093,3.4601486],[-76.5759092,3.4601485],[-76.575907,3.4601483],[-76.5759069,3.4601483],[-76.5759046,3.460148],[-76.5759046,3.460148],[-76.5759023,3.4601476],[-76.5759022,3.4601476],[-76.5758999,3.4601473],[-76.5758999,3.4601473],[-76.5758976,3.4601469],[-76.5758953,3.4601464],[-76.575893,3.4601459],[-76.5758907,3.4601454],[-76.5758884,3.4601447],[-76.5758862,3.4601441],[-76.5758839,3.4601435],[-76.5758817,3.4601428],[-76.5758794,3.460142],[-76.5758772,3.4601413],[-76.575875,3.4601404],[-76.5758728,3.4601396],[-76.5758706,3.4601387],[-76.5758684,3.4601377],[-76.5758684,3.4601377],[-76.575861,3.4601372],[-76.5758609,3.4601372],[-76.5758566,3.4601368],[-76.5758565,3.4601368],[-76.5758523,3.4601363],[-76.5758522,3.4601363],[-76.5758479,3.4601358],[-76.5758478,3.4601358],[-76.5758436,3.4601352],[-76.5758435,3.4601352],[-76.5758393,3.4601345],[-76.5758392,3.4601345],[-76.575835,3.4601337],[-76.5758307,3.4601329],[-76.5758265,3.4601319],[-76.5758222,3.4601309],[-76.575818,3.4601298],[-76.5758137,3.4601287],[-76.5758095,3.4601274],[-76.5758054,3.4601262],[-76.5758012,3.4601248],[-76.5757971,3.4601233],[-76.575793,3.4601218],[-76.5757889,3.4601202],[-76.5757848,3.4601186],[-76.5757808,3.4601168],[-76.5757768,3.4601151],[-76.5757729,3.4601132],[-76.575769,3.4601112],[-76.5757651,3.4601092],[-76.5757612,3.4601071],[-76.5757574,3.460105],[-76.5757536,3.4601028],[-76.5757499,3.4601005],[-76.5757002,3.4600569],[-76.5756832,3.4600441],[-76.5756536,3.460026],[-76.5756144,3.4599974],[-76.5755848,3.4599718],[-76.5755825,3.4599706],[-76.5755806,3.4599697],[-76.5755787,3.4599686],[-76.5755769,3.4599675],[-76.575575,3.4599664],[-76.5755731,3.4599652],[-76.5755713,3.4599641],[-76.5755696,3.4599628],[-76.5755678,3.4599616],[-76.575566,3.4599603],[-76.5755643,3.459959],[-76.5755626,3.4599576],[-76.5755609,3.4599563],[-76.5755593,3.4599549],[-76.5755577,3.4599535],[-76.5755561,3.459952],[-76.5755544,3.4599506],[-76.5755529,3.459949],[-76.5755513,3.4599475],[-76.5755499,3.4599459],[-76.5755484,3.4599444],[-76.575547,3.4599427],[-76.5755455,3.4599411],[-76.5755442,3.4599394],[-76.5755428,3.4599377],[-76.5755414,3.459936],[-76.5755402,3.4599343],[-76.5755389,3.4599326],[-76.5755376,3.4599308],[-76.5755364,3.459929],[-76.5755352,3.4599271],[-76.5755341,3.4599253],[-76.575533,3.4599234],[-76.5755319,3.4599215],[-76.5755309,3.4599196],[-76.5755299,3.4599177],[-76.5755289,3.4599158],[-76.5755279,3.4599138],[-76.575527,3.4599119],[-76.5755262,3.4599099],[-76.5755253,3.4599079],[-76.5755245,3.4599059],[-76.5755237,3.4599039],[-76.575523,3.4599018],[-76.5755223,3.4598998],[-76.5755216,3.4598977],[-76.575521,3.4598956],[-76.5755204,3.4598936],[-76.5755199,3.4598914],[-76.5755193,3.4598893],[-76.5755188,3.4598872],[-76.5755184,3.4598851],[-76.575518,3.459883],[-76.5755176,3.4598808],[-76.5755173,3.4598787],[-76.575517,3.4598765],[-76.5755167,3.4598743],[-76.5755165,3.4598722],[-76.5755163,3.45987],[-76.5755161,3.4598678],[-76.5755161,3.4598657],[-76.575516,3.4598635],[-76.5755159,3.4598613],[-76.5755159,3.4598592],[-76.575516,3.459857],[-76.5755161,3.4598548],[-76.5755161,3.4598399],[-76.5755287,3.4597974],[-76.5755478,3.4597496],[-76.5755615,3.4597166],[-76.5755731,3.4596805],[-76.5755975,3.4596081],[-76.5756102,3.4595561],[-76.575625,3.4594965],[-76.5756504,3.4594252],[-76.5756642,3.4593657],[-76.5756648,3.4593628],[-76.5756652,3.4593601],[-76.5756656,3.4593575],[-76.575666,3.4593548],[-76.5756662,3.4593521],[-76.5756665,3.4593494],[-76.5756667,3.4593467],[-76.5756669,3.459344],[-76.575667,3.4593413],[-76.5756671,3.4593385],[-76.5756672,3.4593358],[-76.5756671,3.4593332],[-76.575667,3.4593304],[-76.5756669,3.4593277],[-76.5756667,3.459325],[-76.5756666,3.4593223],[-76.5756663,3.4593196],[-76.575666,3.4593169],[-76.5756657,3.4593142],[-76.5756653,3.4593115],[-76.5756648,3.4593089],[-76.5756643,3.4593062],[-76.5756638,3.4593036],[-76.5756632,3.4593009],[-76.5756626,3.4592983],[-76.575662,3.4592956],[-76.5756612,3.459293],[-76.5756605,3.4592904],[-76.5756596,3.4592878],[-76.5756588,3.4592853],[-76.5756579,3.4592827],[-76.575657,3.4592802],[-76.575656,3.4592776],[-76.5756549,3.4592751],[-76.5756539,3.4592726],[-76.5756527,3.4592701],[-76.5756516,3.4592677],[-76.5756504,3.4592653],[-76.5756492,3.4592629],[-76.5756479,3.4592605],[-76.5756466,3.4592581],[-76.5756451,3.4592558],[-76.5756437,3.4592535],[-76.5756423,3.4592512],[-76.5756409,3.4592489],[-76.5756393,3.4592467],[-76.5756378,3.4592445],[-76.5756134,3.4592062],[-76.5755848,3.45917],[-76.5755234,3.4590871],[-76.5754621,3.4590212],[-76.5754007,3.458935],[-76.5753584,3.4588712],[-76.5753467,3.4588414],[-76.5753266,3.4588063],[-76.5753144,3.4587908],[-76.575304,3.4587783],[-76.5752934,3.4587658],[-76.5752826,3.4587535],[-76.5752716,3.4587414],[-76.5752668,3.4587349],[-76.5752629,3.4587294],[-76.5752592,3.4587239],[-76.5752555,3.4587183],[-76.5752519,3.4587127],[-76.5752485,3.458707],[-76.5752451,3.4587012],[-76.5752418,3.4586955],[-76.5752386,3.4586895],[-76.5752356,3.4586837],[-76.5752327,3.4586776],[-76.5752298,3.4586716],[-76.575227,3.4586655],[-76.5752244,3.4586593],[-76.5752218,3.4586532],[-76.5752017,3.4586],[-76.5751615,3.4585149],[-76.5751309,3.4584363],[-76.575126,3.4584205],[-76.5751229,3.4584098],[-76.57512,3.458399],[-76.5751172,3.4583881],[-76.5751148,3.4583772],[-76.5751124,3.4583662],[-76.5751103,3.4583552],[-76.5751083,3.4583442],[-76.5751065,3.4583332],[-76.575107,3.4583259],[-76.5751071,3.4583222],[-76.5751072,3.4583185],[-76.5751072,3.4583147],[-76.5751072,3.458311],[-76.5751071,3.4583072],[-76.5751069,3.4583035],[-76.5751067,3.4582997],[-76.5751063,3.458296],[-76.575106,3.4582923],[-76.5751055,3.4582886],[-76.5751051,3.4582848],[-76.5751045,3.4582812],[-76.5751039,3.4582775],[-76.5751032,3.4582738],[-76.5751024,3.4582701],[-76.5751015,3.4582665],[-76.5751007,3.4582629],[-76.5750997,3.4582592],[-76.5750987,3.4582556],[-76.5750977,3.458252],[-76.5750965,3.4582484],[-76.5750954,3.4582449],[-76.5750941,3.4582414],[-76.5750928,3.4582379],[-76.5750913,3.4582344],[-76.5750899,3.458231],[-76.5750885,3.4582275],[-76.5750868,3.4582241],[-76.5750852,3.4582207],[-76.5750836,3.4582174],[-76.5750819,3.4582141],[-76.57508,3.4582109],[-76.5750599,3.4581789],[-76.5750345,3.4581343],[-76.5750081,3.4580886],[-76.5749827,3.4580609],[-76.5749488,3.4580471],[-76.5748811,3.4580258],[-76.5748292,3.4580151],[-76.5748292,3.4580151],[-76.5747795,3.4580077],[-76.5747795,3.4580077],[-76.574734,3.4580024],[-76.574734,3.4580024],[-76.574698,3.4580045],[-76.574698,3.4580046],[-76.5746748,3.4580088],[-76.5746578,3.4580162],[-76.574656,3.4580173],[-76.5746542,3.4580184],[-76.5746525,3.4580196],[-76.5746507,3.4580207],[-76.574649,3.4580219],[-76.5746474,3.4580232],[-76.5746457,3.4580244],[-76.574644,3.4580257],[-76.5746424,3.458027],[-76.5746408,3.4580284],[-76.5746392,3.4580298],[-76.5746377,3.4580312],[-76.5746361,3.4580326],[-76.5746346,3.4580341],[-76.5746332,3.4580356],[-76.5746317,3.458037],[-76.5746303,3.4580386],[-76.5746289,3.4580402],[-76.5746275,3.4580417],[-76.5746261,3.4580433],[-76.5746248,3.458045],[-76.5746235,3.4580466],[-76.5746223,3.4580483],[-76.5746211,3.45805],[-76.5746199,3.4580517],[-76.5746187,3.4580534],[-76.5746171,3.4580558],[-76.5746163,3.4580571],[-76.5746154,3.4580583],[-76.5746145,3.4580595],[-76.5746136,3.4580607],[-76.5746127,3.4580619],[-76.5746118,3.4580631],[-76.5746108,3.4580642],[-76.5746098,3.4580654],[-76.5746088,3.4580664],[-76.5746078,3.4580676],[-76.5746068,3.4580686],[-76.5746057,3.4580697],[-76.5746046,3.4580707],[-76.5746035,3.4580717],[-76.5746024,3.4580727],[-76.5746013,3.4580737],[-76.5746001,3.4580747],[-76.574599,3.4580756],[-76.5745978,3.4580765],[-76.5745966,3.4580775],[-76.5745954,3.4580783],[-76.5745942,3.4580792],[-76.5745929,3.45808],[-76.5745917,3.4580808],[-76.5745904,3.4580816],[-76.5745891,3.4580824],[-76.5745878,3.4580831],[-76.5745865,3.4580838],[-76.5745852,3.4580845],[-76.5745839,3.4580852],[-76.5745825,3.4580859],[-76.5745812,3.4580865],[-76.5745798,3.4580871],[-76.5745784,3.4580877],[-76.574577,3.4580883],[-76.5745756,3.4580888],[-76.5745742,3.4580893],[-76.5745728,3.4580897],[-76.5745714,3.4580902],[-76.57457,3.4580907],[-76.5745478,3.4581013],[-76.5745171,3.4581141],[-76.5744885,3.4581225],[-76.5744483,3.4581343],[-76.5743954,3.4581502],[-76.574335,3.4581768],[-76.5742705,3.4581991],[-76.5742313,3.4582161],[-76.5741647,3.4582555],[-76.5740536,3.458297],[-76.5739954,3.4583182],[-76.5739498,3.458332],[-76.5738789,3.4583522],[-76.573844,3.4583608],[-76.5738059,3.4583703],[-76.5738058,3.4583703],[-76.5737541,3.4583767],[-76.573754,3.4583767],[-76.5736895,3.4583799],[-76.5736895,3.4583799],[-76.5736419,3.4583863],[-76.5736418,3.4583863],[-76.5735699,3.4583947],[-76.5735699,3.4583947],[-76.5734874,3.4584096],[-76.5734873,3.4584096],[-76.5733996,3.4584128],[-76.5733995,3.4584128],[-76.5733393,3.4584149],[-76.5733392,3.4584149],[-76.5732525,3.4584171],[-76.5732524,3.4584171],[-76.5731805,3.4584161],[-76.5731804,3.4584161],[-76.5730715,3.4584054],[-76.5730715,3.4584054],[-76.5729943,3.4583915],[-76.572935,3.4583778],[-76.5728821,3.4583576],[-76.5728461,3.4583309],[-76.5728281,3.4583044],[-76.5728186,3.4582661],[-76.5728239,3.4582151],[-76.5728376,3.4581778],[-76.5728514,3.4581448],[-76.5728789,3.4580768],[-76.5729255,3.4579683],[-76.5729593,3.4578801],[-76.5730017,3.4577684],[-76.5730303,3.4576972],[-76.5730514,3.4576121],[-76.5730557,3.4575642],[-76.5730576,3.4575492],[-76.5730591,3.4575353],[-76.5730604,3.4575213],[-76.5730614,3.4575073],[-76.5730622,3.4574934],[-76.5730628,3.4574793],[-76.573063,3.4574653],[-76.5730631,3.4574512],[-76.573063,3.4574372],[-76.5730625,3.4574232],[-76.5730618,3.4574091],[-76.5730609,3.4573952],[-76.5730567,3.4573643],[-76.5730366,3.4573164],[-76.5730359,3.4573135],[-76.5730353,3.4573111],[-76.5730346,3.4573086],[-76.5730339,3.4573061],[-76.5730332,3.4573037],[-76.5730324,3.4573013],[-76.5730315,3.4572989],[-76.5730307,3.4572965],[-76.5730298,3.4572942],[-76.5730288,3.4572918],[-76.5730278,3.4572895],[-76.5730268,3.4572872],[-76.5730257,3.4572849],[-76.5730246,3.4572826],[-76.5730235,3.4572803],[-76.5730223,3.4572781],[-76.573021,3.4572759],[-76.5730197,3.4572737],[-76.5730184,3.4572715],[-76.5730171,3.4572694],[-76.5730157,3.4572673],[-76.5730142,3.4572652],[-76.5730128,3.4572631],[-76.5730113,3.4572611],[-76.5730098,3.457259],[-76.5730082,3.457257],[-76.5730067,3.457255],[-76.573005,3.4572531],[-76.5730033,3.4572512],[-76.5730017,3.4572493],[-76.5729999,3.4572475],[-76.5729981,3.4572457],[-76.5729963,3.4572439],[-76.5729945,3.4572421],[-76.5729927,3.4572404],[-76.5729908,3.4572387],[-76.5729889,3.457237],[-76.5729869,3.4572354],[-76.5729849,3.4572338],[-76.572983,3.4572322],[-76.5729809,3.4572307],[-76.5729789,3.4572293],[-76.5729768,3.4572278],[-76.5729747,3.4572264],[-76.5729726,3.457225],[-76.5729704,3.4572237],[-76.5729683,3.4572224],[-76.5729661,3.4572211],[-76.5729638,3.4572199],[-76.5729616,3.4572187],[-76.5729593,3.4572176],[-76.5729562,3.4572152],[-76.5729544,3.457214],[-76.5729527,3.4572129],[-76.572951,3.4572117],[-76.5729491,3.4572106],[-76.5729474,3.4572095],[-76.5729456,3.4572085],[-76.5729437,3.4572074],[-76.5729418,3.4572065],[-76.57294,3.4572055],[-76.5729381,3.4572046],[-76.5729362,3.4572038],[-76.5729342,3.4572029],[-76.5729323,3.4572021],[-76.5729304,3.4572013],[-76.5729284,3.4572005],[-76.5729264,3.4571998],[-76.5729245,3.4571992],[-76.5729225,3.4571985],[-76.5729205,3.4571979],[-76.5729184,3.4571973],[-76.5729164,3.4571968],[-76.5729143,3.4571963],[-76.5729123,3.4571958],[-76.5729103,3.4571953],[-76.5729082,3.457195],[-76.5729061,3.4571946],[-76.5729041,3.4571943],[-76.572904,3.4571943],[-76.572902,3.457194],[-76.5729019,3.457194],[-76.5728999,3.4571938],[-76.5728998,3.4571938],[-76.5728978,3.4571936],[-76.5728977,3.4571936],[-76.5728957,3.4571934],[-76.5728956,3.4571934],[-76.5728937,3.4571932],[-76.5728936,3.4571932],[-76.5728916,3.4571932],[-76.5728915,3.4571932],[-76.5728895,3.4571931],[-76.5728894,3.4571931],[-76.5728873,3.4571931],[-76.5728873,3.4571931],[-76.5728852,3.4571931],[-76.5728852,3.4571931],[-76.5728832,3.4571931],[-76.5728801,3.4571924],[-76.5728776,3.4571917],[-76.572875,3.4571911],[-76.5728726,3.4571904],[-76.5728701,3.4571896],[-76.5728677,3.4571888],[-76.5728652,3.457188],[-76.5728627,3.4571871],[-76.5728603,3.4571862],[-76.5728579,3.4571852],[-76.5728555,3.4571842],[-76.5728531,3.4571831],[-76.5728508,3.457182],[-76.5728485,3.4571809],[-76.5728461,3.4571797],[-76.5728438,3.4571785],[-76.5728416,3.4571772],[-76.5728393,3.4571759],[-76.5728371,3.4571746],[-76.5728349,3.4571732],[-76.5728327,3.4571717],[-76.5728305,3.4571703],[-76.5728284,3.4571688],[-76.5728263,3.4571672],[-76.5728243,3.4571657],[-76.5728222,3.4571641],[-76.5728202,3.4571624],[-76.5728182,3.4571608],[-76.5728163,3.457159],[-76.5728143,3.4571573],[-76.5728124,3.4571556],[-76.5728106,3.4571537],[-76.5728087,3.4571519],[-76.5728069,3.45715],[-76.5728052,3.4571481],[-76.5728034,3.4571462],[-76.5728017,3.4571442],[-76.5727615,3.4571027],[-76.5727033,3.4570432],[-76.5727008,3.4570399],[-76.5726992,3.4570377],[-76.5726977,3.4570354],[-76.5726961,3.4570331],[-76.5726946,3.4570308],[-76.5726932,3.4570285],[-76.5726917,3.4570261],[-76.5726904,3.4570237],[-76.5726891,3.4570213],[-76.5726877,3.4570188],[-76.5726865,3.4570163],[-76.5726854,3.4570138],[-76.5726842,3.4570113],[-76.572683,3.4570088],[-76.572682,3.4570062],[-76.5726809,3.4570037],[-76.57268,3.4570011],[-76.572679,3.4569984],[-76.5726782,3.4569958],[-76.5726773,3.4569932],[-76.5726765,3.4569905],[-76.5726758,3.4569878],[-76.572675,3.4569852],[-76.5726744,3.4569825],[-76.5726737,3.4569798],[-76.5726732,3.4569771],[-76.5726727,3.4569743],[-76.5726722,3.4569717],[-76.5726718,3.4569689],[-76.5726714,3.4569661],[-76.5726711,3.4569634],[-76.5726708,3.4569606],[-76.5726706,3.4569579],[-76.5726704,3.4569551],[-76.5726702,3.4569524],[-76.5726702,3.4569496],[-76.5726702,3.4569469],[-76.5726702,3.456944],[-76.5726702,3.4569413],[-76.5726703,3.4569385],[-76.5726704,3.4569358],[-76.5726599,3.4568741],[-76.5726579,3.4568659],[-76.5726567,3.4568612],[-76.5726558,3.4568564],[-76.5726548,3.4568516],[-76.572654,3.4568467],[-76.5726533,3.4568419],[-76.5726533,3.4568418],[-76.5726526,3.456837],[-76.572652,3.4568321],[-76.5726515,3.4568272],[-76.5726512,3.4568224],[-76.5726508,3.4568175],[-76.5726506,3.4568126],[-76.5726504,3.4568077],[-76.5726504,3.4568028],[-76.5726504,3.4567979],[-76.5726505,3.4567931],[-76.5726507,3.4567881],[-76.572651,3.4567832],[-76.5726513,3.4567784],[-76.5726517,3.4567735],[-76.5726523,3.4567686],[-76.5726529,3.4567637],[-76.5726536,3.4567589],[-76.5726544,3.4567541],[-76.5726553,3.4567492],[-76.5726562,3.4567444],[-76.5726572,3.4567396],[-76.5726584,3.4567349],[-76.5726596,3.4567302],[-76.5726608,3.4567254],[-76.5726622,3.4567207],[-76.5726636,3.456716],[-76.5726652,3.4567114],[-76.5726757,3.4566827],[-76.572698,3.4566156],[-76.572717,3.4565253],[-76.5727308,3.45642],[-76.5727339,3.4563424],[-76.5727341,3.4563371],[-76.5727341,3.4563344],[-76.572734,3.4563316],[-76.5727339,3.4563289],[-76.5727338,3.4563262],[-76.5727336,3.4563234],[-76.5727333,3.4563207],[-76.572733,3.456318],[-76.5727327,3.4563153],[-76.5727323,3.4563126],[-76.5727319,3.4563099],[-76.5727314,3.4563072],[-76.5727309,3.4563045],[-76.5727303,3.4563018],[-76.5727297,3.4562992],[-76.572729,3.4562965],[-76.5727283,3.4562939],[-76.5727275,3.4562913],[-76.5727268,3.4562887],[-76.5727259,3.4562861],[-76.572725,3.4562834],[-76.572724,3.4562809],[-76.5727231,3.4562784],[-76.5727221,3.4562758],[-76.572721,3.4562733],[-76.5727199,3.4562708],[-76.5727187,3.4562683],[-76.5727175,3.4562659],[-76.5727163,3.4562635],[-76.572715,3.456261],[-76.5727137,3.4562586],[-76.5727123,3.4562563],[-76.5727109,3.456254],[-76.5727094,3.4562517],[-76.5727079,3.4562493],[-76.5727065,3.4562471],[-76.5727048,3.4562449],[-76.5727032,3.4562426],[-76.5727016,3.4562405],[-76.5726999,3.4562383],[-76.5726982,3.4562362],[-76.5726965,3.4562341],[-76.5726946,3.456232],[-76.5726928,3.45623],[-76.572691,3.4562281],[-76.5726891,3.4562261],[-76.5726871,3.4562242],[-76.5726852,3.4562223],[-76.5726832,3.4562204],[-76.5726811,3.4562186],[-76.5726791,3.4562168],[-76.572677,3.456215],[-76.5726749,3.4562133],[-76.5726727,3.4562116],[-76.5726705,3.45621],[-76.5726683,3.4562084],[-76.5726271,3.4561839],[-76.5725657,3.4561467],[-76.5725085,3.4561286],[-76.5724779,3.4561233],[-76.5724778,3.4561233],[-76.5724271,3.4561233],[-76.572427,3.4561233],[-76.5723752,3.4561244],[-76.5723202,3.4561392],[-76.572281,3.4561531],[-76.5722408,3.4561828],[-76.5722038,3.4562137],[-76.5721498,3.4562594],[-76.5720778,3.4563105],[-76.5720239,3.4563487],[-76.5719498,3.4563998],[-76.5719075,3.4564317],[-76.5718387,3.4564944],[-76.5718017,3.4565263],[-76.5717999,3.4565283],[-76.5717986,3.4565297],[-76.5717972,3.4565311],[-76.5717959,3.4565325],[-76.5717945,3.4565338],[-76.5717931,3.4565352],[-76.5717916,3.4565364],[-76.5717902,3.4565377],[-76.5717887,3.456539],[-76.5717872,3.4565402],[-76.5717857,3.4565414],[-76.5717841,3.4565425],[-76.5717826,3.4565436],[-76.5717811,3.4565448],[-76.5717794,3.4565458],[-76.5717778,3.4565469],[-76.5717762,3.4565479],[-76.5716565,3.4566235],[-76.5715672,3.4566713],[-76.5715125,3.4566893],[-76.5714601,3.4566689],[-76.5714315,3.4566271],[-76.571416,3.4565649],[-76.5714148,3.456468],[-76.5714164,3.4564072],[-76.5714182,3.456281],[-76.5714355,3.4561669],[-76.5714665,3.4560569],[-76.5714702,3.4560072],[-76.5714692,3.4560055],[-76.5714677,3.4559468],[-76.5714415,3.455881],[-76.5713938,3.4558559],[-76.5713045,3.455832],[-76.5712403,3.4558284],[-76.5711892,3.4558433],[-76.5711789,3.4558226],[-76.5711703,3.4558286],[-76.5711489,3.4558501],[-76.5711305,3.4558597],[-76.5711117,3.4558774],[-76.5710967,3.455891],[-76.5710871,3.4559011],[-76.571078,3.4559116],[-76.5710632,3.4559507],[-76.5710542,3.4559616],[-76.5710457,3.4559725],[-76.571038,3.4559836],[-76.5710232,3.4560079],[-76.5710081,3.4560322],[-76.5710019,3.4560427],[-76.5709961,3.4560519],[-76.5709899,3.4560608],[-76.5709836,3.4560691],[-76.5709777,3.4560779],[-76.5709724,3.456087],[-76.5709524,3.4561232],[-76.5709459,3.4561335],[-76.570939,3.4561436],[-76.5709252,3.456165],[-76.5709168,3.4561755],[-76.5709068,3.4562092],[-76.5709053,3.4562141],[-76.5709053,3.4562142],[-76.5708996,3.4562271],[-76.5708921,3.4562454],[-76.5708896,3.4562544],[-76.5708823,3.4562656],[-76.5708739,3.4562745],[-76.5708662,3.4562838],[-76.570861,3.4563061],[-76.5708599,3.4563323],[-76.5708501,3.456342],[-76.570841,3.4563535],[-76.5708306,3.4563706],[-76.5708229,3.4563882],[-76.5708035,3.4563948],[-76.5708022,3.4563972],[-76.5707967,3.4564066],[-76.5707784,3.4564319],[-76.5707539,3.4564497],[-76.5707339,3.4564626],[-76.5707167,3.4564755],[-76.5707053,3.4564956],[-76.5706983,3.4565005],[-76.5706958,3.4565023],[-76.570691,3.4565056],[-76.5706839,3.4565085],[-76.5706624,3.4565211],[-76.5706502,3.4565442],[-76.5706481,3.456548],[-76.5706423,3.4565584],[-76.5706371,3.4565697],[-76.5706103,3.4565915],[-76.5705984,3.4566107],[-76.5705909,3.4566211],[-76.5705836,3.4566299],[-76.5705767,3.4566373],[-76.5705674,3.4566432],[-76.5705567,3.4566454],[-76.5705027,3.4566709],[-76.5704865,3.4566703],[-76.5704858,3.4566705],[-76.5704776,3.4566728],[-76.5704603,3.4566776],[-76.570436,3.4566788],[-76.5704356,3.4566789],[-76.5704127,3.4566814],[-76.570396,3.4566834],[-76.5703831,3.456682],[-76.5703717,3.4566776],[-76.5703589,3.4566748],[-76.5703474,3.4566733],[-76.570336,3.4566719],[-76.5703231,3.456669],[-76.5703046,3.4566633],[-76.5702986,3.4566587],[-76.5702979,3.4566582],[-76.5702879,3.4566538],[-76.5702726,3.4566475],[-76.5702621,3.4566429],[-76.5702515,3.4566381],[-76.570242,3.4566332],[-76.5702337,3.4566279],[-76.5702268,3.4566215],[-76.5702192,3.4566133],[-76.5702106,3.4566039],[-76.570201,3.4566001],[-76.5701958,3.456597],[-76.570181,3.4565901],[-76.570162,3.4565735],[-76.5701525,3.4565673],[-76.5701429,3.4565621],[-76.5701339,3.4565592],[-76.5701245,3.4565579],[-76.570111,3.4565499],[-76.5700881,3.4565269],[-76.57007,3.4565087],[-76.5700681,3.4565068],[-76.5700668,3.4565062],[-76.5700435,3.4564944],[-76.570021,3.4564796],[-76.5700145,3.4564796],[-76.5700038,3.4564796],[-76.5699795,3.4564767],[-76.5699624,3.4564767],[-76.5699538,3.4564738],[-76.5699387,3.4564689],[-76.5699105,3.4564754],[-76.569897,3.4564792],[-76.5698835,3.4564825],[-76.5698696,3.4564847],[-76.569856,3.4564856],[-76.5698424,3.4564857],[-76.5698167,3.4564853],[-76.5698038,3.4564836],[-76.5697904,3.4564807],[-76.5697779,3.4564778],[-76.5697659,3.4564742],[-76.569754,3.4564703],[-76.5697367,3.4564666],[-76.5697264,3.4564711],[-76.5697152,3.4564652],[-76.5697038,3.4564638],[-76.5696827,3.4564566],[-76.5696641,3.4564552],[-76.5696488,3.4564473],[-76.5696393,3.4564447],[-76.5696258,3.4564383],[-76.5696155,3.4564365],[-76.5696069,3.456425],[-76.5695912,3.4564135],[-76.5695829,3.4564087],[-76.5695726,3.4564044],[-76.5695641,3.4563992],[-76.5695568,3.4563928],[-76.5695448,3.456384],[-76.5695355,3.4563762],[-76.5695376,3.4563757],[-76.5695173,3.4563607],[-76.5695069,3.4563532],[-76.5695004,3.4563461],[-76.5694887,3.4563386],[-76.5694784,3.4563303],[-76.5694589,3.4563085],[-76.5694404,3.4562927],[-76.5694263,3.4562795],[-76.5694175,3.4562711],[-76.5693975,3.4562553],[-76.569387,3.4562481],[-76.5693805,3.4562372],[-76.5693711,3.4562231],[-76.5693632,3.4562137],[-76.5693566,3.4562049],[-76.5693504,3.4561957],[-76.5693435,3.4561846],[-76.5693373,3.4561749],[-76.5693311,3.4561645],[-76.5693214,3.4561478],[-76.5693143,3.456135],[-76.569309,3.4561161],[-76.5692994,3.4561008],[-76.5692932,3.4560773],[-76.5692836,3.456066],[-76.5692589,3.4560369],[-76.5692659,3.4560419],[-76.5692598,3.4560327],[-76.5692554,3.4560225],[-76.5692522,3.456012],[-76.5692389,3.4559869],[-76.5692275,3.455965],[-76.569226,3.4559553],[-76.5692225,3.4559461],[-76.5692151,3.4559367],[-76.5692068,3.4559295],[-76.5692019,3.4559065],[-76.5691856,3.4558952],[-76.5691776,3.4558878],[-76.5691713,3.4558803],[-76.56917,3.4558713],[-76.5691656,3.4558575],[-76.5691569,3.4558504],[-76.5691481,3.4558451],[-76.5691346,3.4558244],[-76.5691247,3.4558232],[-76.5691153,3.4558227],[-76.5691062,3.4558175],[-76.5690976,3.4558218],[-76.5690833,3.4558189],[-76.5690768,3.4558268],[-76.5690725,3.4558321],[-76.5690617,3.4558325],[-76.5690504,3.455836],[-76.5690382,3.4558405],[-76.5690254,3.4558442],[-76.5690142,3.455847],[-76.5690046,3.4558504],[-76.5689921,3.4558524],[-76.5689857,3.4558534],[-76.5689731,3.4558568],[-76.5689605,3.4558594],[-76.5689479,3.4558624],[-76.5689292,3.4558659],[-76.5689164,3.4558665],[-76.5688932,3.4558819],[-76.5688808,3.4558841],[-76.5688681,3.4558874],[-76.5688663,3.4558878],[-76.5688507,3.455898],[-76.5688411,3.4559026],[-76.568832,3.4559094],[-76.5688253,3.4559168],[-76.5688177,3.4559237],[-76.5688145,3.4559346],[-76.5688074,3.4559405],[-76.5687972,3.4559446],[-76.5687877,3.4559453],[-76.5687776,3.4559457],[-76.5687673,3.4559479],[-76.5687571,3.4559512],[-76.5687477,3.4559557],[-76.5687292,3.4559711],[-76.5687234,3.4559797],[-76.5687117,3.4560007],[-76.5687069,3.4560098],[-76.5686999,3.4560178],[-76.5686905,3.456025],[-76.5686683,3.4560399],[-76.5686573,3.4560464],[-76.5686343,3.4560606],[-76.5686246,3.4560668],[-76.5686134,3.4560754],[-76.5686035,3.4560842],[-76.5685945,3.4560931],[-76.5685863,3.4561019],[-76.5685791,3.4561105],[-76.5685773,3.4561127],[-76.5685666,3.4561261],[-76.5685599,3.4561349],[-76.5685525,3.4561434],[-76.5685441,3.4561512],[-76.5685385,3.4561557],[-76.5685351,3.4561584],[-76.5685176,3.456171],[-76.5685086,3.4561771],[-76.5684991,3.4561826],[-76.5684957,3.4561843],[-76.5684887,3.4561879],[-76.5684776,3.456194],[-76.5684667,3.4562009],[-76.5684474,3.4562156],[-76.5684377,3.4562228],[-76.5684285,3.4562293],[-76.5684277,3.4562298],[-76.5684261,3.4562309],[-76.568417,3.4562368],[-76.568406,3.4562443],[-76.5683957,3.4562519],[-76.56838,3.4562622],[-76.5683582,3.4562746],[-76.5683527,3.4562775],[-76.5683466,3.4562806],[-76.5683385,3.4562856],[-76.5683239,3.4562957],[-76.5683066,3.4563085],[-76.5682858,3.4563226],[-76.5682778,3.4563274],[-76.5682655,3.4563374],[-76.5682527,3.4563471],[-76.5682389,3.4563581],[-76.5682284,3.4563679],[-76.568213,3.4563858],[-76.5682059,3.4563973],[-76.5681985,3.4564114],[-76.5681821,3.4564447],[-76.5681754,3.456456],[-76.5681724,3.4564704],[-76.5681667,3.4564862],[-76.5681618,3.4564996],[-76.5681566,3.4565127],[-76.5681511,3.4565282],[-76.5681474,3.4565408],[-76.568142,3.4565583],[-76.5681409,3.4566086],[-76.5681367,3.4566323],[-76.5681294,3.4566607],[-76.5681209,3.4566918],[-76.568118,3.4567093],[-76.5681169,3.4567162],[-76.5681168,3.4567173],[-76.5681156,3.4567236],[-76.5681148,3.4567283],[-76.5681141,3.456733],[-76.5681135,3.4567376],[-76.568113,3.4567423],[-76.5681125,3.456747],[-76.5681122,3.4567517],[-76.5681119,3.4567564],[-76.5681117,3.4567611],[-76.5681115,3.4567658],[-76.5681115,3.4567689],[-76.5681115,3.4567705],[-76.5681115,3.4567753],[-76.5681116,3.4567799],[-76.5681118,3.4567847],[-76.5681121,3.4567893],[-76.5681125,3.4567941],[-76.5681127,3.4567966],[-76.5681142,3.4568239],[-76.5681214,3.4568476],[-76.5681225,3.4568531],[-76.5681233,3.4568572],[-76.5681167,3.4568833],[-76.5681139,3.4569192],[-76.5681148,3.4569425],[-76.5681152,3.4569584],[-76.5681143,3.4569787],[-76.5681118,3.4570053],[-76.5681097,3.4570201],[-76.5681048,3.4570359],[-76.5680949,3.4570562],[-76.5680777,3.4570737],[-76.5680711,3.4570807],[-76.5680614,3.4570834],[-76.5680447,3.4570855],[-76.5680292,3.4570808],[-76.5680147,3.4570731],[-76.5680039,3.4570664],[-76.5679958,3.4570612],[-76.5679837,3.4570516],[-76.5679642,3.4570346],[-76.5679386,3.4570115],[-76.5679269,3.4569996],[-76.5679131,3.4569866],[-76.5679,3.4569732],[-76.5678903,3.4569618],[-76.5678749,3.4569453],[-76.5678497,3.4569167],[-76.5678395,3.4569046],[-76.5678211,3.4568843],[-76.5678025,3.4568612],[-76.5677861,3.45684],[-76.5677731,3.4568214],[-76.5677513,3.4567884],[-76.5677339,3.4567636],[-76.5677193,3.4567372],[-76.5677084,3.4567188],[-76.5676974,3.456693],[-76.5676828,3.4566549],[-76.5676728,3.4566368],[-76.5676402,3.4565715],[-76.5676324,3.4565466],[-76.5676226,3.4565076],[-76.5676085,3.4564425],[-76.5676021,3.4564118],[-76.5675936,3.4563852],[-76.5675814,3.4563561],[-76.5675535,3.4563013],[-76.5675447,3.4562854],[-76.5675354,3.4562697],[-76.5675241,3.4562551],[-76.5675138,3.4562451],[-76.5675009,3.4562351],[-76.5674903,3.4562289],[-76.5674803,3.456224],[-76.5674703,3.4562202],[-76.5674436,3.4562135],[-76.5674297,3.4562111],[-76.5674104,3.4562086],[-76.5673909,3.4562067],[-76.5673684,3.456207],[-76.5673426,3.4562111],[-76.5673224,3.4562164],[-76.5672924,3.4562307],[-76.5672681,3.4562465],[-76.5672438,3.4562595],[-76.5672152,3.4562796],[-76.5671847,3.4562911],[-76.5671754,3.4563009],[-76.567163,3.4563136],[-76.5671524,3.4563216],[-76.5671419,3.456328],[-76.5671284,3.4563388],[-76.5671133,3.4563491],[-76.5670868,3.4563685],[-76.5670725,3.4563814],[-76.5670611,3.4563887],[-76.5670446,3.4563966],[-76.5670205,3.4564062],[-76.567002,3.4564132],[-76.5669801,3.4564193],[-76.5669611,3.4564238],[-76.5669394,3.4564272],[-76.5669082,3.4564447],[-76.5668737,3.4564516],[-76.5668512,3.4564538],[-76.5668133,3.456453],[-76.5667789,3.4564448],[-76.5667644,3.45644],[-76.5667445,3.4564314],[-76.5667253,3.456421],[-76.5667099,3.4564114],[-76.5666995,3.4564031],[-76.5666931,3.4563942],[-76.5666862,3.4563836],[-76.5666759,3.4563652],[-76.5666697,3.4563481],[-76.5666635,3.4563198],[-76.5666615,3.4563078],[-76.5666621,3.4562923],[-76.5666631,3.4562766],[-76.5666663,3.4562562],[-76.5666701,3.4562397],[-76.5666767,3.4562228],[-76.5667108,3.4561978],[-76.5667222,3.4561777],[-76.5667365,3.456159],[-76.5667379,3.4561432],[-76.5667493,3.4561245],[-76.5667084,3.4561133],[-76.5667401,3.4560466],[-76.5667507,3.4559977],[-76.5667422,3.4559552],[-76.5667285,3.4559073],[-76.5667179,3.4558829],[-76.5667163,3.45588],[-76.5667152,3.4558781],[-76.5667141,3.4558762],[-76.566713,3.4558744],[-76.5667118,3.4558726],[-76.5667106,3.4558707],[-76.5667093,3.455869],[-76.5667081,3.4558672],[-76.5667068,3.4558654],[-76.5667055,3.4558637],[-76.5667041,3.455862],[-76.5667027,3.4558603],[-76.5667013,3.4558586],[-76.5666998,3.455857],[-76.5666984,3.4558555],[-76.5666969,3.4558539],[-76.5666953,3.4558524],[-76.5666938,3.4558508],[-76.5666922,3.4558493],[-76.5666906,3.4558478],[-76.5666889,3.4558464],[-76.5666873,3.455845],[-76.5666856,3.4558437],[-76.5666839,3.4558422],[-76.5666822,3.455841],[-76.5666804,3.4558397],[-76.5666787,3.4558384],[-76.5666768,3.4558372],[-76.566675,3.455836],[-76.5666732,3.4558348],[-76.5666714,3.4558337],[-76.5666695,3.4558326],[-76.5666676,3.4558316],[-76.5666657,3.4558305],[-76.5666637,3.4558295],[-76.5666618,3.4558285],[-76.5666598,3.4558276],[-76.5666579,3.4558268],[-76.5666558,3.4558259],[-76.5666539,3.4558251],[-76.5666518,3.4558243],[-76.5666498,3.4558235],[-76.5666477,3.4558228],[-76.5666456,3.4558221],[-76.5666436,3.4558215],[-76.5666415,3.4558208],[-76.5666394,3.4558203],[-76.5666373,3.4558198],[-76.5666352,3.4558193],[-76.566633,3.4558188],[-76.5666309,3.4558184],[-76.5666288,3.455818],[-76.5666266,3.4558177],[-76.5666245,3.4558174],[-76.5666224,3.4558171],[-76.5666202,3.4558168],[-76.5666181,3.4558167],[-76.5666159,3.4558165],[-76.5666137,3.4558164],[-76.5666115,3.4558162],[-76.5666094,3.4558162],[-76.5666072,3.4558162],[-76.566605,3.4558162],[-76.5666029,3.4558163],[-76.5666007,3.4558165],[-76.5665985,3.4558166],[-76.5665963,3.4558167],[-76.5665942,3.455817],[-76.5665921,3.4558172],[-76.5665899,3.4558175],[-76.5665878,3.4558179],[-76.5665856,3.4558182],[-76.5665835,3.4558186],[-76.5665814,3.4558191],[-76.5665793,3.4558196],[-76.5665772,3.4558201],[-76.5664967,3.4558372],[-76.5664692,3.4558425],[-76.566392,3.4558627],[-76.5663809,3.4558656],[-76.566374,3.4558673],[-76.5663672,3.4558689],[-76.5663604,3.4558703],[-76.5663535,3.4558716],[-76.5663466,3.4558728],[-76.5663397,3.4558738],[-76.5663328,3.4558747],[-76.5663258,3.4558756],[-76.5663189,3.4558763],[-76.5663119,3.4558769],[-76.5663049,3.4558773],[-76.566298,3.4558776],[-76.566291,3.4558778],[-76.566284,3.4558779],[-76.566277,3.4558778],[-76.56627,3.4558777],[-76.566263,3.4558774],[-76.5662561,3.455877],[-76.5662491,3.4558765],[-76.5661507,3.4558754],[-76.5660321,3.4558765],[-76.5658893,3.4558829],[-76.5657591,3.455885],[-76.5655951,3.455886],[-76.5654533,3.455886],[-76.5654481,3.4558859],[-76.5654434,3.4558856],[-76.5654386,3.4558853],[-76.5654339,3.4558849],[-76.5654291,3.4558844],[-76.5654244,3.4558838],[-76.5654196,3.4558831],[-76.5654149,3.4558824],[-76.5654102,3.4558816],[-76.5654055,3.4558807],[-76.5654008,3.4558797],[-76.5653962,3.4558786],[-76.5653915,3.4558774],[-76.5653869,3.4558762],[-76.5653823,3.4558749],[-76.5653778,3.4558734],[-76.5653733,3.455872],[-76.5653687,3.4558704],[-76.5653643,3.4558688],[-76.5653598,3.4558671],[-76.5653553,3.4558653],[-76.565351,3.4558634],[-76.5653465,3.4558615],[-76.5653423,3.4558595],[-76.565338,3.4558573],[-76.5653337,3.4558552],[-76.5652819,3.4558254],[-76.5652279,3.4557829],[-76.5651062,3.4557169],[-76.5649708,3.4556467],[-76.5648649,3.4555999],[-76.5647517,3.4555521],[-76.5646099,3.4555149],[-76.5644871,3.4554989],[-76.5644839,3.4554988],[-76.5644601,3.4554981],[-76.5644437,3.4554979],[-76.5644273,3.4554981],[-76.5644109,3.4554985],[-76.5643945,3.4554992],[-76.5643781,3.4555002],[-76.5643618,3.4555015],[-76.5643454,3.4555031],[-76.5643291,3.455505],[-76.5643129,3.4555071],[-76.5642966,3.4555096],[-76.5641972,3.4555245],[-76.5641389,3.4555351],[-76.5640617,3.4555414],[-76.5640172,3.4555404],[-76.563976,3.4555393],[-76.5639199,3.4555319],[-76.5638522,3.4555159],[-76.5638119,3.4555053],[-76.5637622,3.4554808],[-76.5637315,3.4554574],[-76.5636956,3.4554319],[-76.563667,3.455417],[-76.5635792,3.4553957],[-76.5635463,3.4553957],[-76.5634913,3.4554075],[-76.5634468,3.4554191],[-76.5634371,3.4554229],[-76.5634302,3.4554255],[-76.5634232,3.4554279],[-76.5634162,3.4554302],[-76.5634091,3.4554323],[-76.563402,3.4554344],[-76.5633949,3.4554363],[-76.5633877,3.4554381],[-76.5633805,3.4554397],[-76.5633732,3.4554413],[-76.563366,3.4554427],[-76.5633587,3.455444],[-76.5633514,3.4554452],[-76.5633441,3.4554462],[-76.5633367,3.4554471],[-76.5633294,3.4554479],[-76.5632691,3.4554595],[-76.5632363,3.4554659],[-76.5631527,3.4554914],[-76.563104,3.4555117],[-76.5630627,3.4555552],[-76.5630362,3.4555978],[-76.5630339,3.4556029],[-76.5630324,3.4556062],[-76.5630311,3.4556094],[-76.5630298,3.4556127],[-76.5630286,3.455616],[-76.5630274,3.4556193],[-76.5630263,3.4556227],[-76.5630252,3.4556261],[-76.5630241,3.4556295],[-76.5630232,3.4556329],[-76.5630223,3.4556363],[-76.5630215,3.4556397],[-76.5630207,3.4556432],[-76.56302,3.4556467],[-76.5630193,3.4556501],[-76.5630187,3.4556536],[-76.5630182,3.4556571],[-76.5630177,3.4556607],[-76.5630173,3.4556641],[-76.563017,3.4556676],[-76.5630167,3.4556712],[-76.5630164,3.4556747],[-76.5630163,3.4556782],[-76.5630162,3.4556818],[-76.5630159,3.4556914],[-76.5630158,3.4556976],[-76.5630159,3.4557038],[-76.5630161,3.4557099],[-76.5630163,3.455716],[-76.5630168,3.4557223],[-76.5630172,3.4557284],[-76.5630178,3.4557345],[-76.5630185,3.4557406],[-76.5630194,3.4557468],[-76.5630203,3.4557529],[-76.5630213,3.4557589],[-76.5630225,3.455765],[-76.5630236,3.455771],[-76.563025,3.4557771],[-76.5630265,3.455783],[-76.563028,3.455789],[-76.5630296,3.455795],[-76.5630314,3.4558009],[-76.5630333,3.4558068],[-76.5630352,3.4558126],[-76.5630383,3.4558244],[-76.5630402,3.4558312],[-76.5630423,3.455838],[-76.5630445,3.4558446],[-76.5630467,3.4558513],[-76.5630491,3.4558579],[-76.5630516,3.4558645],[-76.5630542,3.4558711],[-76.563057,3.4558775],[-76.5630599,3.4558839],[-76.5630628,3.4558903],[-76.5630658,3.4558966],[-76.5630691,3.4559029],[-76.5630723,3.4559091],[-76.5630757,3.4559153],[-76.5630792,3.4559214],[-76.5630828,3.4559274],[-76.5630917,3.4559431],[-76.5630989,3.4559551],[-76.5631062,3.4559671],[-76.5631214,3.4559904],[-76.5631294,3.4560019],[-76.5632479,3.4561539],[-76.5633431,3.4562624],[-76.5633982,3.4563145],[-76.5634522,3.4563603],[-76.5634987,3.4564091],[-76.5635009,3.4564117],[-76.5635027,3.456414],[-76.5635045,3.4564163],[-76.5635063,3.4564185],[-76.563508,3.4564209],[-76.5635097,3.4564233],[-76.5635114,3.4564257],[-76.563513,3.4564282],[-76.5635146,3.4564306],[-76.5635161,3.4564331],[-76.5635176,3.4564356],[-76.563519,3.4564382],[-76.5635204,3.4564407],[-76.5635218,3.4564433],[-76.5635231,3.456446],[-76.5635244,3.4564486],[-76.5635256,3.4564513],[-76.5635268,3.4564539],[-76.5635278,3.4564566],[-76.5635289,3.4564594],[-76.5635299,3.4564621],[-76.5635309,3.4564648],[-76.5635318,3.4564676],[-76.5635327,3.4564704],[-76.5635336,3.4564732],[-76.5635343,3.4564761],[-76.563535,3.4564789],[-76.5635357,3.4564817],[-76.5635364,3.4564846],[-76.5635369,3.4564874],[-76.5635369,3.4565281],[-76.5635435,3.4567329],[-76.5634901,3.4569507],[-76.5633503,3.4571852],[-76.5632756,3.4573397],[-76.5632564,3.4573795],[-76.5631286,3.4577099],[-76.5630486,3.4578503],[-76.5630001,3.4579355],[-76.5627908,3.4581187],[-76.5626114,3.458275],[-76.5624327,3.4583821],[-76.5623904,3.4584074],[-76.562378,3.4584149],[-76.5623363,3.4584398],[-76.5623342,3.4584411],[-76.5621808,3.4585341],[-76.5620932,3.4586146],[-76.5620357,3.4586683],[-76.5619263,3.4589808],[-76.5619106,3.459],[-76.5617372,3.4592113],[-76.5617181,3.4592346],[-76.5615204,3.4594448],[-76.5614019,3.4595709],[-76.5613715,3.4596],[-76.5610287,3.4599289],[-76.5608121,3.4601933],[-76.5606515,3.4603894],[-76.5606223,3.4604947],[-76.560602,3.4605684],[-76.5605662,3.4606975],[-76.5605624,3.4607114],[-76.560559,3.4607925],[-76.5605506,3.4609951],[-76.5605437,3.4611599],[-76.5605636,3.4612892],[-76.5605977,3.4615103],[-76.5606053,3.4615597],[-76.5606529,3.4619321],[-76.5606604,3.4619911],[-76.5606998,3.4622996],[-76.5607,3.4623027],[-76.5607171,3.4626211],[-76.5607294,3.4628492],[-76.5607748,3.463267],[-76.5608135,3.4634774],[-76.5608269,3.4635504],[-76.5608269,3.4635511],[-76.5608264,3.4635513],[-76.5608181,3.463554],[-76.56077,3.4635534],[-76.5607225,3.4635529],[-76.5604279,3.4635494],[-76.5603409,3.4635484],[-76.5602497,3.4635473],[-76.5599803,3.4635442],[-76.5599719,3.4635441],[-76.559966,3.463544],[-76.5597586,3.4635415],[-76.5597513,3.4635415],[-76.5596228,3.46354],[-76.5595032,3.4635385],[-76.5594885,3.4635384],[-76.5594719,3.4635382],[-76.5593693,3.463537],[-76.5593704,3.4635333],[-76.5593655,3.4634913],[-76.5593606,3.4634493],[-76.5593597,3.4634357],[-76.5593578,3.4634212],[-76.5593552,3.4634058],[-76.5593495,3.4633944],[-76.5593423,3.4633771],[-76.5593408,3.4633595],[-76.5593347,3.4633583],[-76.5592964,3.4632857],[-76.5592937,3.4632766],[-76.5592816,3.4632455],[-76.559278,3.4632364],[-76.5592753,3.4632274],[-76.5592717,3.4632184],[-76.5592663,3.4632057],[-76.5592609,3.4631948],[-76.5592537,3.4631849],[-76.5592356,3.4631483],[-76.5592266,3.4631374],[-76.5592167,3.4631275],[-76.5592045,3.4631079],[-76.5591937,3.4631006],[-76.5591838,3.4630925],[-76.5591724,3.4630783],[-76.5591651,3.4630719],[-76.5591571,3.4630665],[-76.5591421,3.4630614],[-76.5591323,3.4630533],[-76.5591198,3.4630496],[-76.5591109,3.4630432],[-76.5590884,3.4630294],[-76.5590755,3.463021],[-76.5590608,3.4630145],[-76.5590366,3.4630073],[-76.5590267,3.4630019],[-76.5590037,3.4629973],[-76.5589737,3.4629901],[-76.5589572,3.4629871],[-76.5589544,3.4629866],[-76.5589427,3.4629803]]]}},{"type":"Feature","properties":{"comuna":3,"nombre":"Comuna 3","shape_leng":11003.251,"shape_area":3705886.504},"geometry":{"type":"Polygon","coordinates":[[[-76.5226931,3.4622196],[-76.5225131,3.4622105],[-76.5224051,3.4622196],[-76.5222971,3.4622196],[-76.5221891,3.4622196],[-76.5220901,3.4622105],[-76.5219462,3.4622286],[-76.5218477,3.4622391],[-76.5213522,3.4622919],[-76.521344,3.4622937],[-76.5213151,3.4623001],[-76.5211295,3.4616939],[-76.5209949,3.4612171],[-76.5208475,3.4608658],[-76.5207416,3.4605566],[-76.520605,3.4602133],[-76.5204684,3.4597573],[-76.5202342,3.4589482],[-76.5200391,3.4583107],[-76.5197561,3.457325],[-76.5194244,3.4561776],[-76.5191902,3.4552459],[-76.5190518,3.454637],[-76.5189951,3.4543877],[-76.5186682,3.4533775],[-76.5185564,3.4529887],[-76.5187067,3.4529533],[-76.5197945,3.4526967],[-76.5208178,3.4524572],[-76.5216423,3.4522676],[-76.5220795,3.4521578],[-76.5224669,3.4520381],[-76.5230898,3.4518145],[-76.5231623,3.4517885],[-76.5241359,3.4514592],[-76.5248909,3.4512396],[-76.5260036,3.4508603],[-76.52655,3.4506607],[-76.5275335,3.4503513],[-76.5282537,3.4501179],[-76.5282127,3.4499509],[-76.5278086,3.4488269],[-76.5277927,3.4487829],[-76.5275856,3.4481064],[-76.5274382,3.4477222],[-76.5272232,3.4471137],[-76.5271595,3.4468696],[-76.5270081,3.4463772],[-76.5269285,3.446021],[-76.5269041,3.4459092],[-76.5268927,3.4458569],[-76.5268648,3.4456367],[-76.5268627,3.4456279],[-76.5268605,3.4456192],[-76.5268584,3.4456104],[-76.5268563,3.4456016],[-76.5268541,3.4455928],[-76.526852,3.445584],[-76.5268498,3.4455752],[-76.5268477,3.4455665],[-76.5268455,3.4455577],[-76.5268433,3.4455489],[-76.5268412,3.4455401],[-76.526839,3.4455313],[-76.5268368,3.4455226],[-76.5268347,3.4455138],[-76.5268325,3.445505],[-76.5268303,3.4454962],[-76.5268281,3.4454875],[-76.5268259,3.4454787],[-76.5268238,3.4454699],[-76.5268216,3.4454612],[-76.5268194,3.4454524],[-76.5268172,3.4454436],[-76.526815,3.4454348],[-76.5268128,3.4454261],[-76.5268106,3.4454173],[-76.5268083,3.4454085],[-76.5268061,3.4453998],[-76.5268039,3.445391],[-76.5268017,3.4453823],[-76.5267995,3.4453735],[-76.5267972,3.4453647],[-76.526795,3.445356],[-76.5267928,3.4453472],[-76.5267905,3.4453384],[-76.5267883,3.4453297],[-76.5267861,3.4453209],[-76.5267838,3.4453122],[-76.5267816,3.4453034],[-76.5267793,3.4452947],[-76.526777,3.4452859],[-76.5267748,3.4452772],[-76.5267725,3.4452684],[-76.5267703,3.4452596],[-76.526768,3.4452509],[-76.5267657,3.4452421],[-76.5267634,3.4452334],[-76.5267612,3.4452246],[-76.5267589,3.4452159],[-76.5267566,3.4452072],[-76.5267543,3.4451984],[-76.526752,3.4451897],[-76.5267497,3.4451809],[-76.5267474,3.4451722],[-76.5267451,3.4451634],[-76.5267428,3.4451547],[-76.5267405,3.445146],[-76.5267382,3.4451372],[-76.5267359,3.4451285],[-76.5267336,3.4451197],[-76.5267312,3.445111],[-76.5267289,3.4451023],[-76.5267266,3.4450935],[-76.5267243,3.4450848],[-76.5267219,3.4450761],[-76.5267196,3.4450673],[-76.5267172,3.4450586],[-76.5267149,3.4450499],[-76.5267125,3.4450411],[-76.5267102,3.4450324],[-76.5267078,3.4450237],[-76.5267055,3.4450149],[-76.5267031,3.4450062],[-76.5267008,3.4449975],[-76.5266984,3.4449888],[-76.526696,3.44498],[-76.5266937,3.4449713],[-76.5266913,3.4449626],[-76.5266889,3.4449539],[-76.5266865,3.4449452],[-76.5266841,3.4449364],[-76.5266817,3.4449277],[-76.5266794,3.444919],[-76.526677,3.4449103],[-76.5266746,3.4449016],[-76.5266722,3.4448928],[-76.5266697,3.4448841],[-76.5266673,3.4448754],[-76.5266649,3.4448667],[-76.5266625,3.444858],[-76.5266601,3.4448493],[-76.5266577,3.4448406],[-76.5266553,3.4448319],[-76.5266528,3.4448232],[-76.5266498,3.4448122],[-76.5266099,3.4446441],[-76.5264586,3.4442198],[-76.5261639,3.4433552],[-76.5261082,3.4432031],[-76.5261042,3.4431949],[-76.5261003,3.4431868],[-76.5260965,3.4431786],[-76.5260927,3.4431704],[-76.5260891,3.4431621],[-76.5260855,3.4431538],[-76.5260819,3.4431455],[-76.5260785,3.4431372],[-76.5260751,3.4431288],[-76.5260718,3.4431204],[-76.5260686,3.4431119],[-76.5260654,3.4431034],[-76.5260624,3.4430949],[-76.5260594,3.4430864],[-76.5260565,3.4430779],[-76.5260536,3.4430693],[-76.5260508,3.4430607],[-76.5260482,3.443052],[-76.5260455,3.4430434],[-76.526043,3.4430347],[-76.5260405,3.443026],[-76.5260382,3.4430173],[-76.5260358,3.4430086],[-76.5260336,3.4429998],[-76.5260315,3.442991],[-76.5260294,3.4429822],[-76.5260274,3.4429734],[-76.5260255,3.4429646],[-76.5260237,3.4429557],[-76.5260219,3.4429468],[-76.5260202,3.4429379],[-76.5260186,3.442929],[-76.5260171,3.4429201],[-76.5260157,3.4429112],[-76.5260143,3.4429023],[-76.526013,3.4428933],[-76.5260118,3.4428844],[-76.5260107,3.4428754],[-76.5260097,3.4428664],[-76.5260087,3.4428574],[-76.5260078,3.4428484],[-76.526007,3.4428394],[-76.5260063,3.4428304],[-76.5260057,3.4428214],[-76.5260051,3.4428123],[-76.5260046,3.4428028],[-76.5260046,3.442575],[-76.5260046,3.4425546],[-76.5261002,3.4425546],[-76.5271279,3.4426027],[-76.5277572,3.4426508],[-76.5285538,3.4426749],[-76.5288167,3.4426989],[-76.5295974,3.4426909],[-76.5296834,3.4426861],[-76.5297408,3.4426829],[-76.5308003,3.442619],[-76.5308676,3.4426093],[-76.5308701,3.442609],[-76.5309119,3.442603],[-76.5311509,3.442579],[-76.5313739,3.442547],[-76.5317483,3.4424509],[-76.5318758,3.4424189],[-76.5320112,3.4423869],[-76.5322582,3.4423149],[-76.5326087,3.4422028],[-76.5329752,3.4420907],[-76.5331425,3.4420347],[-76.5331877,3.4420177],[-76.5332699,3.4419867],[-76.533724,3.4417626],[-76.5341622,3.4415465],[-76.5342575,3.4415009],[-76.5342584,3.4415004],[-76.5343295,3.4414664],[-76.5347119,3.4412743],[-76.5350305,3.4411142],[-76.5354129,3.4409381],[-76.5360503,3.4405539],[-76.5368942,3.4397855],[-76.5375151,3.4390575],[-76.537778,3.4387493],[-76.5379485,3.4388796],[-76.5390733,3.4397388],[-76.5391137,3.4397742],[-76.5391453,3.4398021],[-76.5396673,3.4402271],[-76.5397933,3.4402814],[-76.5399912,3.4403809],[-76.5401712,3.4404713],[-76.5402162,3.4405075],[-76.5403062,3.4405527],[-76.5404322,3.440607],[-76.5405672,3.4406884],[-76.5406567,3.4407334],[-76.5407652,3.4407879],[-76.5408012,3.440815],[-76.5408372,3.4408421],[-76.5408641,3.4409597],[-76.5408821,3.4410592],[-76.5408911,3.4411134],[-76.5408911,3.4411677],[-76.5409001,3.4412039],[-76.5409001,3.4412672],[-76.5409001,3.4413305],[-76.5409001,3.441439],[-76.5409001,3.4415294],[-76.5408998,3.4415309],[-76.5408731,3.4416832],[-76.5408551,3.4417553],[-76.5408551,3.4417555],[-76.5408551,3.4417736],[-76.5409001,3.4417917],[-76.5422943,3.4415816],[-76.54234,3.4415747],[-76.542475,3.4415476],[-76.542817,3.4414934],[-76.542916,3.4414753],[-76.5432849,3.4413939],[-76.5433299,3.4413849],[-76.5433929,3.4413577],[-76.5434199,3.4413487],[-76.5434649,3.4413125],[-76.5434919,3.4412854],[-76.5435189,3.4412583],[-76.5435819,3.4411678],[-76.5436899,3.4410051],[-76.5437259,3.4409508],[-76.5437349,3.4409327],[-76.5437709,3.4408423],[-76.5438609,3.4408875],[-76.5439149,3.4409327],[-76.5439329,3.4409418],[-76.5439599,3.4409599],[-76.5439869,3.4409779],[-76.5440319,3.440996],[-76.5444548,3.441195],[-76.5445088,3.4412221],[-76.5445358,3.4412312],[-76.5445628,3.4412402],[-76.5445898,3.4412493],[-76.5451388,3.4414121],[-76.5454088,3.4414935],[-76.5454448,3.4415116],[-76.5454628,3.4415297],[-76.5455329,3.4415914],[-76.5455347,3.441593],[-76.5455617,3.4416563],[-76.5455977,3.4417286],[-76.5456247,3.4417648],[-76.5456517,3.4417919],[-76.5456787,3.4418191],[-76.5457057,3.4418552],[-76.5457597,3.4418914],[-76.5457867,3.4419095],[-76.5458857,3.4419728],[-76.5463806,3.4422893],[-76.5464346,3.4423255],[-76.5465426,3.4423979],[-76.5467046,3.4424883],[-76.5468216,3.4425607],[-76.5468666,3.4425788],[-76.5469206,3.4426059],[-76.5469656,3.4426149],[-76.5474335,3.4427416],[-76.5480995,3.4428953],[-76.5482525,3.4429405],[-76.5482975,3.4429767],[-76.5483771,3.4430528],[-76.5484184,3.4432032],[-76.5484967,3.4434883],[-76.5485727,3.4436654],[-76.548582,3.4436872],[-76.5485854,3.4437002],[-76.5485944,3.4437454],[-76.5486214,3.4437997],[-76.5486754,3.4438992],[-76.5488824,3.4442338],[-76.5488914,3.4442519],[-76.5489184,3.4443061],[-76.548935,3.4443563],[-76.5489364,3.4443604],[-76.5489544,3.4444237],[-76.5489544,3.444487],[-76.5489634,3.4445413],[-76.5489633,3.4446136],[-76.5489543,3.444686],[-76.5489453,3.4447583],[-76.5489273,3.4448397],[-76.5489196,3.4448604],[-76.5489003,3.444912],[-76.5488733,3.4449572],[-76.5488283,3.4450296],[-76.5488088,3.4450639],[-76.5487923,3.4450929],[-76.5487473,3.4451381],[-76.5486303,3.4452466],[-76.5486302,3.4452468],[-76.5485674,3.4452918],[-76.5485344,3.4453108],[-76.5485044,3.445328],[-76.5484872,3.4453345],[-76.5484324,3.4453551],[-76.5484027,3.4453679],[-76.5483694,3.4453823],[-76.5483064,3.4454004],[-76.5482646,3.4454003],[-76.5482614,3.4454003],[-76.5482197,3.445408],[-76.5481624,3.4454184],[-76.5480724,3.4454275],[-76.5479644,3.4454365],[-76.5479014,3.4454456],[-76.5477968,3.4454587],[-76.5477574,3.4454636],[-76.5465695,3.4455992],[-76.5465335,3.4456083],[-76.5464795,3.4456173],[-76.5464525,3.4456264],[-76.5464075,3.4456535],[-76.5463625,3.4456806],[-76.5463175,3.4457168],[-76.5462815,3.4457439],[-76.5462545,3.4457801],[-76.5462275,3.4458253],[-76.5462005,3.4458705],[-76.5461825,3.4459248],[-76.5461735,3.445979],[-76.5461645,3.4460423],[-76.5461645,3.4461056],[-76.5461735,3.4462503],[-76.5461825,3.4463408],[-76.5461825,3.4464402],[-76.5461375,3.4465307],[-76.5461195,3.4465759],[-76.5461104,3.4466033],[-76.5461015,3.4466302],[-76.5460655,3.4466844],[-76.5459845,3.446811],[-76.5459665,3.4468381],[-76.5459395,3.4468834],[-76.5459125,3.4469286],[-76.5458945,3.4469738],[-76.5458855,3.447019],[-76.5458765,3.4470733],[-76.5458855,3.4471094],[-76.5458855,3.4471637],[-76.5459035,3.447218],[-76.5459125,3.4472361],[-76.5459305,3.4472813],[-76.5459575,3.4473265],[-76.5459845,3.4473717],[-76.5460294,3.4474079],[-76.5460744,3.4474441],[-76.5461194,3.4474712],[-76.5461914,3.4475074],[-76.5462454,3.4475255],[-76.5463444,3.4475616],[-76.5465064,3.4476159],[-76.5465784,3.4476883],[-76.5466144,3.4477425],[-76.5466414,3.4478329],[-76.5466414,3.4478691],[-76.5466324,3.4479234],[-76.5466144,3.4479596],[-76.5465964,3.4479957],[-76.5465964,3.4480048],[-76.5465694,3.4480319],[-76.5465334,3.448059],[-76.5465064,3.4480862],[-76.5464704,3.4481042],[-76.5464254,3.4481223],[-76.5463714,3.4481314],[-76.5463534,3.4481314],[-76.5462724,3.4481314],[-76.5460564,3.4481404],[-76.5458134,3.4481404],[-76.5456964,3.4481494],[-76.5455884,3.4481675],[-76.5454984,3.4481765],[-76.5452825,3.4482127],[-76.5451925,3.4482308],[-76.5450575,3.4482579],[-76.5450194,3.4482627],[-76.5450143,3.448262],[-76.5449913,3.4482662],[-76.5449814,3.448268],[-76.54497,3.4482701],[-76.544929,3.4482819],[-76.5448908,3.4482929],[-76.5448673,3.4482982],[-76.5448157,3.4483099],[-76.5447237,3.4482488],[-76.5446487,3.448199],[-76.5445925,3.4481606],[-76.5445715,3.4481504],[-76.5444803,3.4481237],[-76.5443773,3.4481119],[-76.544239,3.4481296],[-76.5440684,3.4481947],[-76.54373,3.4483662],[-76.5433507,3.4485458],[-76.5433181,3.4485613],[-76.5427355,3.4488126],[-76.5425295,3.4489042],[-76.5425378,3.4489292],[-76.5425648,3.4490106],[-76.5426855,3.4489722],[-76.5430268,3.4488717],[-76.5432651,3.448786],[-76.5435799,3.4486589],[-76.5437094,3.4486086],[-76.5438271,3.4486086],[-76.5438977,3.4486323],[-76.5439359,3.4487032],[-76.543983,3.4488481],[-76.5440242,3.4489989],[-76.5440654,3.4491053],[-76.5441389,3.4491763],[-76.544236,3.4492413],[-76.544339,3.4493241],[-76.5443498,3.4493359],[-76.5444096,3.449401],[-76.544442,3.449472],[-76.5444684,3.4495488],[-76.5444773,3.4495902],[-76.5444775,3.449595],[-76.54448,3.4496494],[-76.5444815,3.4496596],[-76.5444814,3.4502113],[-76.5444724,3.4503288],[-76.5444814,3.4511776],[-76.5444814,3.4511789],[-76.5444454,3.4511879],[-76.5443464,3.451197],[-76.5442834,3.4511879],[-76.5442114,3.4511789],[-76.5441484,3.4511698],[-76.5440854,3.4511608],[-76.5440134,3.4511518],[-76.5439144,3.4511246],[-76.5438154,3.4511065],[-76.5436894,3.4510703],[-76.5436084,3.4510523],[-76.5435275,3.4510522],[-76.5434375,3.4510522],[-76.5433565,3.4510522],[-76.5432485,3.4510613],[-76.5431495,3.4510794],[-76.5430865,3.4510884],[-76.5430055,3.4510974],[-76.5429425,3.4511246],[-76.5429155,3.4511427],[-76.5428705,3.4511698],[-76.5428345,3.4511879],[-76.5427895,3.451206],[-76.5426905,3.4512512],[-76.5421955,3.4514591],[-76.5421145,3.4514772],[-76.5420425,3.4514863],[-76.5419705,3.4514863],[-76.5418985,3.4514953],[-76.5418355,3.4515224],[-76.5417771,3.4515459],[-76.541754,3.4515552],[-76.5417456,3.4515586],[-76.5416556,3.4515676],[-76.5415116,3.4515676],[-76.5413856,3.4515405],[-76.5413046,3.4515224],[-76.5412506,3.4514862],[-76.5412146,3.451441],[-76.5411606,3.4513958],[-76.5410706,3.4513234],[-76.5409986,3.4512782],[-76.5408406,3.4511673],[-76.5406562,3.451038],[-76.5405217,3.4509436],[-76.5400987,3.4507536],[-76.5399187,3.4507175],[-76.5396847,3.4506903],[-76.5395407,3.4506903],[-76.5394418,3.4506903],[-76.5393068,3.4506903],[-76.5392348,3.4506903],[-76.5390998,3.4506993],[-76.5389738,3.4507084],[-76.5388568,3.4507265],[-76.5387038,3.4507445],[-76.5385418,3.4507717],[-76.5384698,3.4507897],[-76.5382448,3.4508621],[-76.5381458,3.4509073],[-76.5379588,3.4509984],[-76.5378488,3.451052],[-76.5377049,3.4511243],[-76.5375159,3.4512328],[-76.5373719,3.4513232],[-76.5372099,3.4514317],[-76.5370929,3.4515222],[-76.5370029,3.4515945],[-76.5369129,3.4516849],[-76.5368049,3.4517573],[-76.5366879,3.4518296],[-76.5365439,3.4519381],[-76.5364089,3.4520557],[-76.5363369,3.4521371],[-76.5362209,3.4522536],[-76.5361839,3.4522908],[-76.5360489,3.4524174],[-76.5358869,3.4525621],[-76.5357969,3.4526073],[-76.5356889,3.4526887],[-76.5352659,3.4528786],[-76.5351849,3.4529148],[-76.5350859,3.4529781],[-76.5350409,3.4530142],[-76.5349732,3.4530441],[-76.5348159,3.4531137],[-76.53451,3.4532041],[-76.534105,3.4533216],[-76.533817,3.4534121],[-76.533574,3.4535206],[-76.533421,3.4535748],[-76.533358,3.4535929],[-76.533268,3.4536291],[-76.5331644,3.4536898],[-76.53316,3.4536924],[-76.533043,3.4537195],[-76.5329427,3.4537615],[-76.532935,3.4537647],[-76.532809,3.4538461],[-76.532722,3.4539007],[-76.532665,3.4539365],[-76.532566,3.4539817],[-76.532494,3.4540269],[-76.532449,3.4540631],[-76.532377,3.4541626],[-76.532341,3.454244],[-76.532269,3.4543796],[-76.532188,3.4545786],[-76.532134,3.4547685],[-76.532089,3.4549403],[-76.532062,3.4550579],[-76.532035,3.4552206],[-76.531999,3.4554648],[-76.531963,3.4556185],[-76.531954,3.4557542],[-76.531945,3.4557723],[-76.531918,3.4559712],[-76.5318999,3.456134],[-76.5318909,3.4562877],[-76.5318729,3.4563691],[-76.5318279,3.4564686],[-76.5317379,3.4566043],[-76.5316389,3.4567218],[-76.5315219,3.4568394],[-76.5314229,3.4569117],[-76.5313329,3.456975],[-76.5312699,3.4570383],[-76.5311087,3.4571213],[-76.5311082,3.4571215],[-76.5309009,3.4572282],[-76.5307839,3.4573096],[-76.530703,3.4573548],[-76.53064,3.457409],[-76.530568,3.4574723],[-76.530496,3.4575628],[-76.530415,3.4576261],[-76.530289,3.4577165],[-76.530145,3.4577979],[-76.530064,3.4578521],[-76.530001,3.4578702],[-76.529929,3.4578793],[-76.529839,3.4578793],[-76.529722,3.4578702],[-76.529614,3.4578431],[-76.529389,3.4577436],[-76.529317,3.4577345],[-76.529227,3.4577345],[-76.529074,3.4577436],[-76.528903,3.4577797],[-76.528872,3.457786],[-76.528633,3.457834],[-76.5283991,3.4578792],[-76.5282551,3.4579334],[-76.5280841,3.4580057],[-76.5279491,3.4580781],[-76.5278231,3.4581595],[-76.5277241,3.4582409],[-76.5276791,3.458277],[-76.5276521,3.4583132],[-76.5276251,3.4583584],[-76.5276071,3.4584127],[-76.5275981,3.458476],[-76.5275801,3.4585664],[-76.5275531,3.4586659],[-76.5275171,3.4587473],[-76.5274811,3.4588287],[-76.5274271,3.45891],[-76.5273641,3.4589914],[-76.527292,3.459109],[-76.5272609,3.4591543],[-76.527211,3.4592265],[-76.52713,3.4593622],[-76.527076,3.4594436],[-76.526995,3.4595431],[-76.526959,3.4596154],[-76.526914,3.4596877],[-76.526842,3.459751],[-76.5267716,3.4598208],[-76.5266773,3.4599142],[-76.5264272,3.460126],[-76.5261701,3.4602875],[-76.525845,3.4604525],[-76.5256271,3.4605377],[-76.5255281,3.460592],[-76.5254291,3.4606553],[-76.5253481,3.4607095],[-76.5252951,3.4607569],[-76.5252671,3.4607819],[-76.5251771,3.4608542],[-76.5250781,3.4609356],[-76.5250061,3.4609989],[-76.5249521,3.4610713],[-76.5248801,3.4611707],[-76.5248261,3.4612431],[-76.5247901,3.4613154],[-76.524763,3.4613697],[-76.524727,3.461433],[-76.524673,3.4615053],[-76.524619,3.4615777],[-76.524565,3.4616681],[-76.52452,3.4617676],[-76.524457,3.4618761],[-76.524394,3.4619756],[-76.524349,3.462066],[-76.524304,3.4621383],[-76.52425,3.4622107],[-76.524214,3.4622468],[-76.524196,3.4622921],[-76.524169,3.4623373],[-76.524133,3.4623734],[-76.52407,3.4624006],[-76.523971,3.4624096],[-76.523845,3.4624096],[-76.52371,3.4623825],[-76.523629,3.4623644],[-76.5235391,3.4623463],[-76.5234131,3.4623282],[-76.5232691,3.4623191],[-76.5231071,3.462292],[-76.5229181,3.4622468],[-76.5226931,3.4622196]]]}},{"type":"Feature","properties":{"comuna":19,"nombre":"Comuna 19","shape_leng":24055.476,"shape_area":10820091.123},"geometry":{"type":"Polygon","coordinates":[[[-76.555481,3.4480917],[-76.5553829,3.4479856],[-76.5552811,3.4479242],[-76.5551521,3.4479105],[-76.5549008,3.4478968],[-76.5546089,3.44789],[-76.5544459,3.4478354],[-76.554378,3.4477535],[-76.5543577,3.447658],[-76.5544052,3.4475557],[-76.5544527,3.4474329],[-76.554541,3.4472828],[-76.5545885,3.4471736],[-76.5545953,3.4470508],[-76.5545342,3.4468802],[-76.5544188,3.4466823],[-76.5543577,3.4466755],[-76.5541336,3.4467574],[-76.553862,3.4467505],[-76.5536448,3.4466686],[-76.5534343,3.4464912],[-76.5533053,3.4464094],[-76.5531355,3.4464435],[-76.5530201,3.4465526],[-76.5529522,3.4467369],[-76.5528911,3.4469279],[-76.5528096,3.4469961],[-76.552375,3.447194],[-76.5522868,3.447194],[-76.5521985,3.4471599],[-76.5520899,3.4470302],[-76.5519201,3.4468937],[-76.5518047,3.4468869],[-76.5516282,3.4469278],[-76.5515263,3.4469278],[-76.5514584,3.4469142],[-76.5510103,3.4472349],[-76.5505146,3.4476033],[-76.5502227,3.4473304],[-76.5501072,3.4474122],[-76.5499362,3.4475186],[-76.5499322,3.4475115],[-76.5498397,3.4475401],[-76.5497473,3.4475473],[-76.5496762,3.4475663],[-76.5496003,3.4475925],[-76.5495197,3.4476044],[-76.5494344,3.4475473],[-76.5493348,3.4474472],[-76.5492542,3.4473662],[-76.5490389,3.447233],[-76.5488044,3.4471132],[-76.548706,3.4470876],[-76.5486716,3.4471074],[-76.5485914,3.4471376],[-76.5485012,3.4471578],[-76.5483575,3.4471611],[-76.5481905,3.4471309],[-76.54797,3.4470973],[-76.5476293,3.4470469],[-76.5474489,3.4470066],[-76.5472625,3.4469548],[-76.5472623,3.4469549],[-76.5469839,3.4469723],[-76.5467055,3.4469723],[-76.5464967,3.4468936],[-76.5462967,3.4467625],[-76.5461104,3.4466033],[-76.5461195,3.4465759],[-76.5461375,3.4465307],[-76.5461825,3.4464402],[-76.5461825,3.4463408],[-76.5461735,3.4462503],[-76.5461645,3.4461056],[-76.5461645,3.4460423],[-76.5461735,3.445979],[-76.5461825,3.4459248],[-76.5462005,3.4458705],[-76.5462275,3.4458253],[-76.5462545,3.4457801],[-76.5462815,3.4457439],[-76.5463175,3.4457168],[-76.5463625,3.4456806],[-76.5464075,3.4456535],[-76.5464525,3.4456264],[-76.5464795,3.4456173],[-76.5465335,3.4456083],[-76.5465695,3.4455992],[-76.5477574,3.4454636],[-76.5477968,3.4454587],[-76.5479014,3.4454456],[-76.5479644,3.4454365],[-76.5480724,3.4454275],[-76.5481624,3.4454184],[-76.5482197,3.445408],[-76.5482614,3.4454003],[-76.5482646,3.4454003],[-76.5483064,3.4454004],[-76.5483694,3.4453823],[-76.5484027,3.4453679],[-76.5484324,3.4453551],[-76.5484872,3.4453345],[-76.5485044,3.445328],[-76.5485344,3.4453108],[-76.5485674,3.4452918],[-76.5486302,3.4452468],[-76.5486303,3.4452466],[-76.5487473,3.4451381],[-76.5487923,3.4450929],[-76.5488088,3.4450639],[-76.5488283,3.4450296],[-76.5488733,3.4449572],[-76.5489003,3.444912],[-76.5489196,3.4448604],[-76.5489273,3.4448397],[-76.5489453,3.4447583],[-76.5489543,3.444686],[-76.5489633,3.4446136],[-76.5489634,3.4445413],[-76.5489544,3.444487],[-76.5489544,3.4444237],[-76.5489364,3.4443604],[-76.548935,3.4443563],[-76.5489184,3.4443061],[-76.5488914,3.4442519],[-76.5488824,3.4442338],[-76.5486754,3.4438992],[-76.5486214,3.4437997],[-76.5485944,3.4437454],[-76.5485854,3.4437002],[-76.548582,3.4436872],[-76.5485727,3.4436654],[-76.5484967,3.4434883],[-76.5484184,3.4432032],[-76.5483771,3.4430528],[-76.5482975,3.4429767],[-76.5482525,3.4429405],[-76.5480995,3.4428953],[-76.5474335,3.4427416],[-76.5469656,3.4426149],[-76.5469206,3.4426059],[-76.5468666,3.4425788],[-76.5468216,3.4425607],[-76.5467046,3.4424883],[-76.5465426,3.4423979],[-76.5464346,3.4423255],[-76.5463806,3.4422893],[-76.5458857,3.4419728],[-76.5457867,3.4419095],[-76.5457597,3.4418914],[-76.5457057,3.4418552],[-76.5456787,3.4418191],[-76.5456517,3.4417919],[-76.5456247,3.4417648],[-76.5455977,3.4417286],[-76.5455617,3.4416563],[-76.5455347,3.441593],[-76.5455329,3.4415914],[-76.5454628,3.4415297],[-76.5454448,3.4415116],[-76.5454088,3.4414935],[-76.5451388,3.4414121],[-76.5445898,3.4412493],[-76.5445628,3.4412402],[-76.5445358,3.4412312],[-76.5445088,3.4412221],[-76.5444548,3.441195],[-76.5440319,3.440996],[-76.5439869,3.4409779],[-76.5439599,3.4409599],[-76.5439329,3.4409418],[-76.5439149,3.4409327],[-76.5438609,3.4408875],[-76.5437709,3.4408423],[-76.5437349,3.4409327],[-76.5437259,3.4409508],[-76.5436899,3.4410051],[-76.5435819,3.4411678],[-76.5435189,3.4412583],[-76.5434919,3.4412854],[-76.5434649,3.4413125],[-76.5434199,3.4413487],[-76.5433929,3.4413577],[-76.5433299,3.4413849],[-76.5432849,3.4413939],[-76.542916,3.4414753],[-76.542817,3.4414934],[-76.542475,3.4415476],[-76.54234,3.4415747],[-76.5422943,3.4415816],[-76.5409001,3.4417917],[-76.5408551,3.4417736],[-76.5408551,3.4417555],[-76.5408551,3.4417553],[-76.5408731,3.4416832],[-76.5408998,3.4415309],[-76.5409001,3.4415294],[-76.5409001,3.441439],[-76.5409001,3.4413305],[-76.5409001,3.4412672],[-76.5409001,3.4412039],[-76.5408911,3.4411677],[-76.5408911,3.4411134],[-76.5408821,3.4410592],[-76.5408641,3.4409597],[-76.5408372,3.4408421],[-76.5408012,3.440815],[-76.5407652,3.4407879],[-76.5406567,3.4407334],[-76.5405672,3.4406884],[-76.5404322,3.440607],[-76.5403062,3.4405527],[-76.5402162,3.4405075],[-76.5401712,3.4404713],[-76.5399912,3.4403809],[-76.5397933,3.4402814],[-76.5396673,3.4402271],[-76.5391453,3.4398021],[-76.5391137,3.4397742],[-76.5390733,3.4397388],[-76.5379485,3.4388796],[-76.537778,3.4387493],[-76.5386037,3.4377815],[-76.5378136,3.4370438],[-76.5376876,3.4369352],[-76.5372737,3.4365554],[-76.5371207,3.4364016],[-76.5370397,3.4363293],[-76.5365268,3.43585],[-76.5363018,3.435651],[-76.5359868,3.4353435],[-76.5358069,3.4351807],[-76.5355099,3.4349003],[-76.5353929,3.4348009],[-76.5352759,3.4346833],[-76.5348997,3.4343761],[-76.534844,3.4343306],[-76.5346519,3.4341375],[-76.534493,3.4339779],[-76.5343761,3.4338603],[-76.5343338,3.4338101],[-76.5343309,3.4338066],[-76.5342771,3.4337427],[-76.5338001,3.433589],[-76.5336471,3.4335347],[-76.5332468,3.433407],[-76.5330802,3.4333538],[-76.5328662,3.4332867],[-76.5325133,3.4331819],[-76.5323693,3.4331367],[-76.5319913,3.4330191],[-76.5316764,3.4329106],[-76.5312264,3.4327749],[-76.5310374,3.4327206],[-76.5298611,3.4323415],[-76.5298585,3.4323407],[-76.5298405,3.4322955],[-76.5298136,3.4321418],[-76.5297956,3.4320785],[-76.5296426,3.4320785],[-76.5295526,3.4320785],[-76.5294086,3.4320784],[-76.5292466,3.4320875],[-76.5290936,3.4320875],[-76.5289316,3.4320875],[-76.5288416,3.4320875],[-76.5288294,3.4320883],[-76.5287157,3.4320965],[-76.5280857,3.4321055],[-76.5274382,3.4319867],[-76.5275154,3.4319327],[-76.5277876,3.4317424],[-76.5291228,3.4308086],[-76.5292351,3.4307301],[-76.5292617,3.4307115],[-76.5293151,3.4306741],[-76.5294537,3.4305772],[-76.5293631,3.4304406],[-76.5293097,3.4303602],[-76.5289498,3.4298537],[-76.5290488,3.4297814],[-76.5291568,3.4297091],[-76.5293818,3.4295553],[-76.5294808,3.429483],[-76.5296067,3.4293926],[-76.5300027,3.4291213],[-76.5302367,3.4289676],[-76.5302907,3.4289224],[-76.5302367,3.42885],[-76.5302097,3.4288319],[-76.5301917,3.4288138],[-76.5301647,3.4288048],[-76.5300747,3.4287686],[-76.5299668,3.4287324],[-76.5298048,3.4286782],[-76.5297688,3.4286601],[-76.5298138,3.4284973],[-76.5299668,3.4280451],[-76.5301828,3.427394],[-76.5302008,3.4273307],[-76.5302548,3.4273579],[-76.5305878,3.4274573],[-76.5306418,3.4274754],[-76.5306688,3.4274212],[-76.5307408,3.4271951],[-76.5308218,3.4269419],[-76.5308578,3.4268334],[-76.5309568,3.426544],[-76.5310288,3.4263089],[-76.5311008,3.4260737],[-76.5311638,3.4259019],[-76.5312178,3.4257301],[-76.5312538,3.4256306],[-76.5313888,3.4252327],[-76.5314248,3.4250971],[-76.5314875,3.4249125],[-76.5315599,3.4246992],[-76.5315689,3.424654],[-76.5316228,3.424672],[-76.5317938,3.4247263],[-76.5321088,3.4248258],[-76.5323968,3.4249253],[-76.5326307,3.4249977],[-76.5327837,3.4250519],[-76.5330447,3.4251333],[-76.5330717,3.4250791],[-76.5332787,3.424428],[-76.5333417,3.4244461],[-76.5335667,3.4245275],[-76.5340133,3.424657],[-76.5340346,3.4246631],[-76.5343387,3.4237189],[-76.5343436,3.4237036],[-76.5347888,3.4223209],[-76.5351237,3.421281],[-76.5352843,3.4207838],[-76.5352914,3.4207617],[-76.5354567,3.4202501],[-76.5358438,3.4190925],[-76.5362218,3.417944],[-76.5364743,3.4171701],[-76.5365951,3.4167997],[-76.5367528,3.4163163],[-76.5369222,3.4157869],[-76.5370768,3.4153034],[-76.5372388,3.4148151],[-76.5374098,3.4142906],[-76.5377699,3.4131963],[-76.5379499,3.4126357],[-76.5382199,3.4118218],[-76.5384629,3.4110621],[-76.5387168,3.410285],[-76.5387178,3.4102818],[-76.5390389,3.4092987],[-76.5390606,3.4092319],[-76.5393179,3.4084396],[-76.539588,3.4076347],[-76.539768,3.4070741],[-76.5397847,3.4070235],[-76.540083,3.4061245],[-76.5402024,3.4057447],[-76.540245,3.4056091],[-76.540371,3.4052202],[-76.540506,3.4048042],[-76.540686,3.4042435],[-76.541001,3.4032669],[-76.54119,3.4026971],[-76.541379,3.4021184],[-76.541577,3.4015215],[-76.5416477,3.4013045],[-76.5417177,3.4010893],[-76.5417177,3.4010893],[-76.5417312,3.4010447],[-76.5417392,3.401022],[-76.5417459,3.4009995],[-76.541761,3.4009521],[-76.5417639,3.4009519],[-76.5423019,3.4008973],[-76.5430574,3.4008045],[-76.5439162,3.4007007],[-76.5450522,3.4005424],[-76.5451667,3.4005278],[-76.545824,3.4004441],[-76.5458499,3.40044],[-76.5464174,3.4003502],[-76.5464095,3.3994418],[-76.5464096,3.3983023],[-76.5464096,3.3975155],[-76.5464006,3.3973166],[-76.5463916,3.3971267],[-76.5463647,3.3969548],[-76.5462607,3.3963019],[-76.546257,3.3962786],[-76.5462567,3.3962766],[-76.5471656,3.39615],[-76.5472736,3.3961319],[-76.5475076,3.3961048],[-76.5476425,3.3960867],[-76.5477865,3.3960686],[-76.5481195,3.3960325],[-76.5482275,3.3960144],[-76.5486414,3.3959602],[-76.5487014,3.3959509],[-76.5487053,3.3959503],[-76.548698,3.3959115],[-76.5486834,3.3957833],[-76.5486667,3.3956341],[-76.5486499,3.3954807],[-76.5486334,3.3953413],[-76.5486332,3.39534],[-76.548767,3.3953211],[-76.5490012,3.3952896],[-76.5492626,3.3952517],[-76.5495093,3.3952181],[-76.5495762,3.3952034],[-76.5496522,3.3958254],[-76.5497213,3.3958155],[-76.5501802,3.3957613],[-76.5502792,3.3957522],[-76.5507202,3.395698],[-76.5508372,3.3956799],[-76.5510351,3.3956528],[-76.5512961,3.3956257],[-76.5514311,3.3955985],[-76.5514941,3.3955895],[-76.551872,3.3955443],[-76.552034,3.3955172],[-76.552223,3.39549],[-76.5529249,3.3954087],[-76.5529699,3.3953996],[-76.5530077,3.3953962],[-76.5530689,3.3953906],[-76.5530869,3.3953816],[-76.5539328,3.3952821],[-76.5540768,3.395255],[-76.5541038,3.3952459],[-76.5544457,3.3951917],[-76.5549317,3.3951375],[-76.5551116,3.3951194],[-76.5553906,3.3950832],[-76.5554896,3.3950651],[-76.5558855,3.3950199],[-76.5559305,3.3950199],[-76.5560205,3.3950018],[-76.5569114,3.3948662],[-76.5569933,3.3948607],[-76.5570114,3.3948595],[-76.5570464,3.3948572],[-76.5575593,3.3947939],[-76.5576161,3.3947853],[-76.5576982,3.3947617],[-76.5577184,3.394757],[-76.5577545,3.3947487],[-76.5577833,3.3947346],[-76.5578021,3.3947255],[-76.557856,3.3947054],[-76.5578588,3.3947044],[-76.55788,3.3946965],[-76.557905,3.3946875],[-76.55798,3.3947213],[-76.5580314,3.3947546],[-76.5580314,3.3947584],[-76.5580306,3.3947642],[-76.5580288,3.3947764],[-76.5580283,3.3947801],[-76.5580271,3.3947888],[-76.5580262,3.3947952],[-76.558025,3.3948042],[-76.5580217,3.3948294],[-76.5580215,3.3948308],[-76.558018,3.3948574],[-76.5580145,3.3948841],[-76.5580107,3.3949124],[-76.5580064,3.3949449],[-76.5580034,3.3949681],[-76.5579949,3.3950318],[-76.5579914,3.3950588],[-76.5579869,3.3950924],[-76.5579841,3.395114],[-76.5579804,3.3951416],[-76.5579647,3.3952607],[-76.5579633,3.3952707],[-76.5579598,3.3952975],[-76.5579581,3.3953101],[-76.5579425,3.3954281],[-76.5579409,3.3954402],[-76.5579405,3.3954432],[-76.5579329,3.3955012],[-76.5579261,3.3955521],[-76.557926,3.3955529],[-76.5579183,3.3956113],[-76.5578937,3.3957969],[-76.557889,3.395833],[-76.5578703,3.3959739],[-76.5578436,3.3961757],[-76.5578282,3.3962929],[-76.5578241,3.3963238],[-76.5578112,3.3964207],[-76.5578101,3.3964292],[-76.5577658,3.3967641],[-76.5577502,3.3968821],[-76.5577485,3.3968952],[-76.5577308,3.397029],[-76.5576995,3.3972656],[-76.5576877,3.3973553],[-76.5576766,3.3974392],[-76.5576717,3.3974762],[-76.5576586,3.3975746],[-76.5576407,3.3977105],[-76.5576369,3.3977387],[-76.5576265,3.3978175],[-76.5576264,3.3978182],[-76.5576107,3.3979373],[-76.5575961,3.3980473],[-76.5575459,3.3984272],[-76.5575431,3.3984481],[-76.5575428,3.3984503],[-76.5574945,3.3988161],[-76.5574296,3.3993064],[-76.5573826,3.3996617],[-76.5573819,3.3996671],[-76.5573808,3.3996755],[-76.5573774,3.3997012],[-76.5573691,3.3997644],[-76.5573171,3.4001577],[-76.5573012,3.4002776],[-76.557286,3.4003929],[-76.5572533,3.4006401],[-76.5572462,3.4006936],[-76.5570835,3.4019235],[-76.5570434,3.4022267],[-76.5570391,3.4022599],[-76.5570257,3.4023607],[-76.5569497,3.4029353],[-76.5568769,3.4034859],[-76.55682,3.4039162],[-76.5567906,3.4041386],[-76.5567856,3.4041768],[-76.556634,3.4053226],[-76.556577,3.4057538],[-76.5565702,3.405805],[-76.5565159,3.406216],[-76.5564985,3.4063476],[-76.5564989,3.4063479],[-76.5565154,3.4063538],[-76.556517,3.4063548],[-76.5565178,3.4063546],[-76.5565549,3.4063642],[-76.5565832,3.4063921],[-76.5566092,3.4064159],[-76.5566301,3.4064301],[-76.5566511,3.4064443],[-76.55668,3.4064652],[-76.5567069,3.4064814],[-76.5567354,3.4064967],[-76.5567796,3.4065118],[-76.5568023,3.4065166],[-76.5568306,3.406527],[-76.5568517,3.406544],[-76.5568747,3.4065539],[-76.5569086,3.4065665],[-76.5569457,3.4065751],[-76.5569829,3.4065883],[-76.5570121,3.4065917],[-76.5570146,3.4066012],[-76.5570207,3.4066045],[-76.5570338,3.4066098],[-76.5570441,3.4066131],[-76.5570527,3.4066172],[-76.5570629,3.4066207],[-76.5570728,3.4066239],[-76.5570916,3.4066269],[-76.5571052,3.4066281],[-76.5571176,3.4066276],[-76.55713,3.4066267],[-76.557145,3.4066265],[-76.5571557,3.4066277],[-76.5571737,3.4066313],[-76.5571856,3.4066333],[-76.557198,3.4066364],[-76.5572085,3.4066397],[-76.5572218,3.4066444],[-76.5572329,3.4066497],[-76.5572432,3.4066554],[-76.5572492,3.4066587],[-76.5572542,3.4066595],[-76.557264,3.4066634],[-76.5572762,3.4066681],[-76.5572879,3.4066732],[-76.5572961,3.4066773],[-76.5573136,3.4066843],[-76.5573255,3.4066866],[-76.5573356,3.4066871],[-76.5573458,3.4066866],[-76.5573506,3.4066855],[-76.5573585,3.4066939],[-76.557368,3.4067007],[-76.5573761,3.4067068],[-76.5573839,3.4067126],[-76.5573926,3.4067174],[-76.5574026,3.4067224],[-76.5574116,3.4067275],[-76.5574254,3.4067344],[-76.5574336,3.4067387],[-76.5574431,3.4067436],[-76.5574535,3.4067479],[-76.5574639,3.406751],[-76.5574743,3.4067537],[-76.5574842,3.4067558],[-76.5574931,3.4067575],[-76.5575123,3.406761],[-76.5575214,3.4067625],[-76.5575322,3.4067637],[-76.5575453,3.4067657],[-76.5575562,3.4067676],[-76.5575652,3.4067691],[-76.5575791,3.4067727],[-76.5575886,3.4067766],[-76.5576052,3.406783],[-76.5576158,3.4067871],[-76.5576249,3.4067913],[-76.5576362,3.4067959],[-76.5576493,3.4068016],[-76.5576599,3.406806],[-76.557671,3.4068111],[-76.5576838,3.4068169],[-76.5576971,3.4068219],[-76.5577076,3.4068251],[-76.5577187,3.4068277],[-76.5577312,3.4068306],[-76.5577422,3.4068331],[-76.5577491,3.4068347],[-76.557752,3.4068356],[-76.557762,3.4068379],[-76.5577748,3.4068415],[-76.5577859,3.4068448],[-76.5578002,3.40685],[-76.5578113,3.4068541],[-76.5578216,3.4068575],[-76.5578306,3.4068602],[-76.5578394,3.4068628],[-76.5578485,3.4068657],[-76.5578581,3.4068692],[-76.5578675,3.4068728],[-76.5578765,3.4068766],[-76.5578866,3.4068808],[-76.5578975,3.4068851],[-76.5579076,3.4068899],[-76.5579284,3.4069004],[-76.557942,3.4069066],[-76.5579555,3.4069128],[-76.5579666,3.4069152],[-76.5579801,3.4069177],[-76.5579986,3.4069227],[-76.5580281,3.4069288],[-76.5580478,3.4069375],[-76.55807,3.4069424],[-76.5580811,3.4069437],[-76.5580995,3.4069486],[-76.5581155,3.4069536],[-76.5581377,3.4069573],[-76.5581611,3.4069635],[-76.5581254,3.4070946],[-76.5580967,3.4071832],[-76.5580813,3.4072271],[-76.5580704,3.4072843],[-76.5580682,3.4073481],[-76.558066,3.4074602],[-76.5580595,3.407568],[-76.5580575,3.4076172],[-76.5580529,3.4077351],[-76.5580505,3.4077656],[-76.5580376,3.4079286],[-76.5580223,3.4081002],[-76.5580221,3.4081023],[-76.5580092,3.4082827],[-76.5579851,3.4084476],[-76.5579487,3.408677],[-76.557937,3.4087511],[-76.5578998,3.4089644],[-76.5578846,3.4089848],[-76.5578856,3.4089959],[-76.5578872,3.4090117],[-76.5578886,3.4090238],[-76.5578898,3.4090328],[-76.5578901,3.4090356],[-76.5578917,3.4090487],[-76.5578937,3.4090626],[-76.5578953,3.4090759],[-76.5578965,3.4090862],[-76.5578977,3.4090953],[-76.5578993,3.409108],[-76.5579007,3.4091208],[-76.5579013,3.4091329],[-76.557901,3.4091452],[-76.5578991,3.4091593],[-76.5578968,3.4091714],[-76.5578951,3.4091841],[-76.5578942,3.4091945],[-76.5578952,3.409209],[-76.557899,3.409223],[-76.5579057,3.409237],[-76.5579121,3.4092494],[-76.5579187,3.4092598],[-76.5579238,3.4092696],[-76.5579288,3.409278],[-76.5579359,3.4092877],[-76.5579431,3.4092964],[-76.5579491,3.4093047],[-76.5579544,3.4093139],[-76.5579596,3.4093248],[-76.5579627,3.4093369],[-76.557964,3.4093502],[-76.5579688,3.4093606],[-76.5579734,3.4093658],[-76.557981,3.4093708],[-76.55799,3.4093766],[-76.5579967,3.4093807],[-76.5579998,3.409384],[-76.5580058,3.4093903],[-76.5580114,3.4094006],[-76.5580222,3.4094146],[-76.5580296,3.4094216],[-76.5580386,3.4094248],[-76.5580492,3.4094254],[-76.5580575,3.4094289],[-76.55806,3.4094392],[-76.5580556,3.4094534],[-76.558052,3.4094651],[-76.5580474,3.409476],[-76.5580422,3.4094891],[-76.5580382,3.4094991],[-76.5580362,3.4095155],[-76.5580348,3.409525],[-76.5580342,3.4095344],[-76.558034,3.4095546],[-76.5580352,3.4095637],[-76.5580383,3.4095747],[-76.558042,3.409583],[-76.5580501,3.4095908],[-76.5580626,3.4096028],[-76.558066,3.4096081],[-76.5580705,3.409615],[-76.5580759,3.4096257],[-76.5580809,3.4096311],[-76.5581101,3.409636],[-76.5581136,3.4096348],[-76.5581213,3.4096293],[-76.5581275,3.4096224],[-76.5581336,3.4096128],[-76.5581401,3.4096033],[-76.5581492,3.4095977],[-76.5581567,3.4096061],[-76.558161,3.4096145],[-76.5581634,3.4096241],[-76.5581632,3.409636],[-76.5581627,3.4096449],[-76.5581624,3.409649],[-76.5581613,3.4096667],[-76.5581599,3.4096812],[-76.55816,3.4096938],[-76.558162,3.4097074],[-76.5581623,3.409721],[-76.5581619,3.4097341],[-76.5581644,3.4097442],[-76.5581715,3.4097522],[-76.5581784,3.4097587],[-76.5581817,3.4097683],[-76.5581792,3.4097826],[-76.5581766,3.4097987],[-76.5581787,3.4098114],[-76.5581837,3.4098216],[-76.5581917,3.4098284],[-76.5582056,3.4098307],[-76.5582165,3.4098382],[-76.5582226,3.4098495],[-76.5582269,3.4098675],[-76.5582322,3.4098804],[-76.5582406,3.4098913],[-76.5582507,3.4099027],[-76.5582606,3.4099151],[-76.5582659,3.409924],[-76.5582734,3.4099361],[-76.5582806,3.4099486],[-76.5582902,3.4099583],[-76.5583032,3.4099645],[-76.5583124,3.4099665],[-76.5583208,3.4099739],[-76.558324,3.4099843],[-76.5583287,3.4099941],[-76.5583352,3.4100089],[-76.5583418,3.4100171],[-76.558356,3.4100216],[-76.558369,3.4100248],[-76.5583777,3.4100306],[-76.5583853,3.4100388],[-76.5583891,3.4100454],[-76.5583924,3.4100516],[-76.5583974,3.4100613],[-76.5584012,3.4100698],[-76.5584048,3.4100803],[-76.5584055,3.4100821],[-76.5584083,3.4100913],[-76.5584109,3.4101031],[-76.5584147,3.4101149],[-76.5584199,3.4101259],[-76.5584248,3.4101334],[-76.5584299,3.410141],[-76.5584367,3.4101489],[-76.5584448,3.4101593],[-76.5584509,3.4101675],[-76.5584562,3.4101775],[-76.5584618,3.4101869],[-76.5584676,3.4102],[-76.5584732,3.4102139],[-76.5584772,3.4102295],[-76.5584813,3.4102417],[-76.5584827,3.4102498],[-76.5584841,3.4102578],[-76.5584843,3.4102665],[-76.558484,3.4102773],[-76.558485,3.4102873],[-76.5584894,3.4102961],[-76.558499,3.4103024],[-76.5585093,3.4103053],[-76.5585184,3.4103079],[-76.5585282,3.4103076],[-76.5585345,3.4103054],[-76.5585386,3.4103029],[-76.5585413,3.4103013],[-76.5585482,3.4103034],[-76.5585525,3.4103133],[-76.5585553,3.4103302],[-76.5585563,3.41034],[-76.5585568,3.4103475],[-76.5585571,3.4103506],[-76.5585574,3.4103563],[-76.5585586,3.4103654],[-76.5585607,3.4103763],[-76.5585644,3.4103865],[-76.5585661,3.4103887],[-76.558567,3.4103899],[-76.5585721,3.4103965],[-76.5585729,3.4103977],[-76.5585764,3.4104017],[-76.5585815,3.4104076],[-76.5585848,3.4104113],[-76.5585933,3.4104247],[-76.5585988,3.4104323],[-76.5586047,3.4104431],[-76.5586092,3.4104519],[-76.5586163,3.4104663],[-76.558624,3.4104813],[-76.5586303,3.4104958],[-76.5586466,3.410537],[-76.5586493,3.410544],[-76.5586651,3.4105866],[-76.5586668,3.410595],[-76.5586687,3.4106051],[-76.5586711,3.4106111],[-76.5586749,3.4106158],[-76.5586824,3.4106171],[-76.5586903,3.4106149],[-76.5587022,3.4106056],[-76.5587121,3.4105987],[-76.5587278,3.4105891],[-76.5587318,3.4105887],[-76.558735,3.4105901],[-76.5587351,3.4105905],[-76.558736,3.4105945],[-76.5587355,3.4105991],[-76.5587335,3.4106159],[-76.558733,3.4106304],[-76.5587316,3.4106429],[-76.5587289,3.4106519],[-76.5587272,3.4106603],[-76.5587264,3.4106645],[-76.5587274,3.4106763],[-76.5587311,3.4106893],[-76.5587348,3.4106995],[-76.5587358,3.4107055],[-76.5587375,3.4107155],[-76.558743,3.4107475],[-76.5587492,3.4107876],[-76.5587499,3.4107926],[-76.5587535,3.4108023],[-76.5587562,3.4108112],[-76.5587593,3.4108209],[-76.5587625,3.4108301],[-76.5587627,3.4108305],[-76.5587657,3.4108391],[-76.5587679,3.4108434],[-76.5587707,3.4108491],[-76.5587771,3.4108581],[-76.5587849,3.410866],[-76.5587894,3.4108738],[-76.5587903,3.4108842],[-76.5587895,3.4108978],[-76.5587888,3.4109088],[-76.5587895,3.4109142],[-76.55879,3.4109182],[-76.5587931,3.4109308],[-76.5587986,3.4109445],[-76.5588021,3.4109548],[-76.5588073,3.4109666],[-76.5588135,3.4109784],[-76.5588187,3.4109889],[-76.5588247,3.4110003],[-76.5588253,3.4110015],[-76.5588311,3.4110116],[-76.5588335,3.4110157],[-76.5588384,3.411024],[-76.5588463,3.4110369],[-76.5588531,3.4110475],[-76.558861,3.4110592],[-76.5588656,3.4110664],[-76.5588687,3.4110712],[-76.5588751,3.4110824],[-76.5588805,3.4110911],[-76.558888,3.4111063],[-76.5588963,3.4111215],[-76.5589067,3.4111347],[-76.5589136,3.411145],[-76.558914,3.4111458],[-76.5589187,3.4111554],[-76.5589218,3.4111642],[-76.5589222,3.4111655],[-76.5589267,3.4111812],[-76.5589294,3.4111905],[-76.558934,3.4112025],[-76.5589413,3.4112216],[-76.5589473,3.4112355],[-76.5589557,3.41125],[-76.5589635,3.4112613],[-76.5589717,3.4112714],[-76.5589773,3.4112793],[-76.5589812,3.411288],[-76.5589848,3.4112972],[-76.5589881,3.4113076],[-76.5589931,3.4113204],[-76.558999,3.4113313],[-76.5590046,3.4113402],[-76.5590099,3.4113495],[-76.5590221,3.4113709],[-76.5590272,3.4113806],[-76.5590351,3.4113927],[-76.5590414,3.4114026],[-76.5590476,3.4114144],[-76.5590518,3.4114222],[-76.559053,3.4114325],[-76.5590557,3.4114415],[-76.5590627,3.4114504],[-76.5590721,3.4114612],[-76.5590843,3.4114685],[-76.5590963,3.4114738],[-76.5591117,3.4114794],[-76.5591201,3.4114834],[-76.5591325,3.4114877],[-76.5591465,3.4114916],[-76.5591624,3.4114969],[-76.5591751,3.411501],[-76.5591848,3.4115037],[-76.5591987,3.4115073],[-76.559212,3.4115099],[-76.5592231,3.4115107],[-76.5592348,3.4115117],[-76.5592506,3.4115136],[-76.5592605,3.4115153],[-76.5592725,3.4115179],[-76.5592829,3.4115215],[-76.5592934,3.4115242],[-76.559307,3.4115276],[-76.5593169,3.4115307],[-76.5593291,3.4115343],[-76.5593381,3.4115366],[-76.5593534,3.4115405],[-76.5593657,3.4115427],[-76.5593816,3.4115466],[-76.5593912,3.4115488],[-76.559402,3.4115513],[-76.5594129,3.4115536],[-76.5594276,3.4115562],[-76.5594376,3.4115582],[-76.5594445,3.4115575],[-76.5594478,3.4115572],[-76.5594565,3.4115549],[-76.5594637,3.4115489],[-76.5594664,3.41154],[-76.5594663,3.4115254],[-76.5594717,3.4115165],[-76.55948,3.4115114],[-76.559493,3.4115045],[-76.5595043,3.4114991],[-76.5595137,3.411494],[-76.5595239,3.411487],[-76.5595344,3.411478],[-76.5595453,3.4114654],[-76.5595518,3.4114574],[-76.5595588,3.4114494],[-76.5595658,3.411437],[-76.5595704,3.4114272],[-76.559575,3.4114141],[-76.5595765,3.4114047],[-76.5595774,3.4113943],[-76.5595781,3.4113794],[-76.5595771,3.4113635],[-76.5595773,3.4113564],[-76.559578,3.411345],[-76.5595794,3.411334],[-76.5595821,3.4113228],[-76.5595844,3.411314],[-76.5595867,3.4113049],[-76.5595896,3.4112951],[-76.5595928,3.4112853],[-76.5595956,3.4112727],[-76.5595984,3.4112643],[-76.559601,3.4112539],[-76.5596039,3.4112439],[-76.5596056,3.4112374],[-76.5596064,3.4112339],[-76.559611,3.4112155],[-76.559613,3.4112037],[-76.5596277,3.4111364],[-76.5596312,3.4111267],[-76.5596325,3.4111188],[-76.5596356,3.4111084],[-76.5596467,3.4110695],[-76.5596657,3.4110246],[-76.5596698,3.4110145],[-76.5596732,3.4110073],[-76.5596782,3.4109973],[-76.5596863,3.4109836],[-76.5596941,3.4109687],[-76.5596983,3.4109588],[-76.5597024,3.4109477],[-76.559709,3.4109352],[-76.5597136,3.4109263],[-76.5597146,3.4109245],[-76.5597207,3.4109128],[-76.5597289,3.410898],[-76.5597343,3.4108868],[-76.5597404,3.4108763],[-76.5597451,3.4108679],[-76.559751,3.4108565],[-76.5597567,3.4108447],[-76.5597637,3.4108303],[-76.5597663,3.4108185],[-76.5597687,3.4108044],[-76.5597703,3.4107903],[-76.5597719,3.4107787],[-76.5597729,3.4107691],[-76.559773,3.410768],[-76.5597757,3.4107358],[-76.5597772,3.4107246],[-76.5597779,3.4107148],[-76.5597787,3.410703],[-76.559782,3.4106781],[-76.5597851,3.4106716],[-76.559788,3.4106703],[-76.5597901,3.4106692],[-76.5597955,3.4106742],[-76.5598028,3.4106799],[-76.5598108,3.4106841],[-76.5598187,3.4106861],[-76.5598587,3.4106957],[-76.5598922,3.4107052],[-76.5598963,3.4107063],[-76.5599008,3.4107066],[-76.5599069,3.4107071],[-76.5599178,3.4107015],[-76.5599272,3.4106936],[-76.5599347,3.4106822],[-76.5599403,3.410674],[-76.5599458,3.4106648],[-76.5599487,3.4106597],[-76.5599514,3.410655],[-76.559958,3.4106456],[-76.559967,3.4106369],[-76.5599721,3.4106314],[-76.5599759,3.4106273],[-76.5599864,3.4106164],[-76.5599944,3.4106089],[-76.5599955,3.4106079],[-76.5599993,3.4106047],[-76.5600317,3.4105778],[-76.5600548,3.4105567],[-76.5600669,3.4105456],[-76.5600748,3.4105347],[-76.5600825,3.410527],[-76.5600912,3.4105196],[-76.5601018,3.410512],[-76.5601125,3.4105045],[-76.5601205,3.4104977],[-76.5601285,3.4104905],[-76.5601374,3.4104821],[-76.5601453,3.4104746],[-76.560152,3.4104674],[-76.5601584,3.4104596],[-76.5601643,3.4104518],[-76.5601688,3.4104459],[-76.560176,3.4104364],[-76.5601806,3.4104282],[-76.5601877,3.4104158],[-76.5601954,3.4104043],[-76.5601978,3.4104024],[-76.5602043,3.410397],[-76.5602129,3.4103898],[-76.56022,3.4103812],[-76.5602267,3.4103721],[-76.5602353,3.4103601],[-76.560241,3.4103519],[-76.5602468,3.4103428],[-76.5602526,3.4103312],[-76.5602576,3.4103216],[-76.5602618,3.4103125],[-76.5602667,3.4103026],[-76.5602739,3.4102968],[-76.5602815,3.4102971],[-76.5602879,3.4103004],[-76.5602945,3.4103059],[-76.5603006,3.410312],[-76.5603064,3.4103177],[-76.5603077,3.4103188],[-76.5603163,3.410327],[-76.5603234,3.4103325],[-76.5603322,3.4103373],[-76.5603457,3.4103405],[-76.5603551,3.4103416],[-76.5603663,3.4103417],[-76.5603782,3.4103402],[-76.5603913,3.4103386],[-76.5604013,3.4103355],[-76.5604109,3.4103333],[-76.5604209,3.4103302],[-76.5604298,3.4103266],[-76.5604389,3.4103211],[-76.5604477,3.4103159],[-76.5604556,3.410311],[-76.5604667,3.4103088],[-76.5604794,3.410312],[-76.5604884,3.4103167],[-76.5604981,3.4103223],[-76.5605069,3.4103273],[-76.5605191,3.4103355],[-76.560528,3.4103412],[-76.560538,3.4103486],[-76.5605498,3.4103581],[-76.5605586,3.410364],[-76.560566,3.4103704],[-76.560573,3.4103785],[-76.5605788,3.4103878],[-76.5605833,3.4103988],[-76.5605855,3.4104112],[-76.5605888,3.4104228],[-76.5605988,3.4104321],[-76.5606127,3.4104349],[-76.5606269,3.4104343],[-76.5606421,3.4104331],[-76.5606531,3.4104323],[-76.5606667,3.4104311],[-76.5606811,3.4104289],[-76.5606923,3.4104268],[-76.5607046,3.4104224],[-76.560714,3.4104165],[-76.5607238,3.4104085],[-76.5607316,3.4104004],[-76.5607417,3.4103904],[-76.5607518,3.4103814],[-76.5607595,3.410374],[-76.5607669,3.410367],[-76.5607761,3.4103706],[-76.5607836,3.4103774],[-76.5607947,3.4103863],[-76.5608024,3.4103928],[-76.5608125,3.4103934],[-76.5608174,3.4103904],[-76.5608207,3.4103884],[-76.5608285,3.4103828],[-76.560838,3.4103756],[-76.5608486,3.4103668],[-76.5608559,3.41036],[-76.5608634,3.4103528],[-76.56087,3.4103452],[-76.5608896,3.4103196],[-76.5608936,3.4103122],[-76.5608945,3.410311],[-76.560901,3.4103011],[-76.560908,3.4102901],[-76.5609162,3.4102793],[-76.560924,3.4102684],[-76.5609346,3.4102536],[-76.5609363,3.4102513],[-76.5609415,3.410244],[-76.5609483,3.4102354],[-76.5609521,3.410231],[-76.5609555,3.410227],[-76.5609679,3.410217],[-76.5609718,3.4102142],[-76.5609728,3.4102134],[-76.5609752,3.4102117],[-76.5609869,3.4102039],[-76.5609954,3.4101993],[-76.5610034,3.4101944],[-76.5610121,3.4101892],[-76.5610132,3.4101886],[-76.5610133,3.4101885],[-76.5610149,3.4101876],[-76.5610203,3.4101845],[-76.5610208,3.4101843],[-76.561034,3.4101776],[-76.5610426,3.4101746],[-76.561052,3.4101715],[-76.5610606,3.4101686],[-76.5610751,3.4101644],[-76.5610869,3.4101612],[-76.5610961,3.4101582],[-76.5611004,3.4101571],[-76.5611066,3.4101552],[-76.5611246,3.4101495],[-76.5611277,3.4101482],[-76.5611386,3.4101442],[-76.5611484,3.4101407],[-76.5611506,3.41014],[-76.561223,3.4101112],[-76.5612226,3.4101135],[-76.5612326,3.4101081],[-76.5612394,3.4101029],[-76.5612498,3.4100936],[-76.5612569,3.4100862],[-76.5612665,3.4100745],[-76.5612745,3.4100609],[-76.5612802,3.4100511],[-76.5612877,3.4100394],[-76.5612961,3.4100251],[-76.5613026,3.4100115],[-76.5613084,3.4099996],[-76.5613115,3.4099913],[-76.5613143,3.4099849],[-76.5613168,3.4099794],[-76.5613192,3.4099713],[-76.5613213,3.4099642],[-76.561324,3.4099551],[-76.5613285,3.4099422],[-76.5613327,3.4099306],[-76.5613369,3.4099183],[-76.5613422,3.4099035],[-76.5613443,3.4098941],[-76.5613452,3.4098898],[-76.5613472,3.4098789],[-76.5613482,3.4098696],[-76.5613488,3.4098689],[-76.5613499,3.4098696],[-76.5613585,3.4098769],[-76.5613588,3.4098773],[-76.5613655,3.409885],[-76.5613732,3.4098954],[-76.5613784,3.4099041],[-76.5613878,3.40992],[-76.5613928,3.4099301],[-76.5613978,3.4099395],[-76.5614056,3.4099543],[-76.5614101,3.4099642],[-76.5614125,3.4099747],[-76.5614124,3.4099847],[-76.5614117,3.4099944],[-76.5614128,3.4100051],[-76.561414,3.4100148],[-76.5614141,3.4100229],[-76.5614142,3.4100305],[-76.5614156,3.4100488],[-76.5614181,3.4100623],[-76.561422,3.4100744],[-76.5614294,3.4100864],[-76.5614366,3.4100981],[-76.5614416,3.4101079],[-76.5614456,3.4101178],[-76.5614499,3.4101282],[-76.5614513,3.4101315],[-76.5614565,3.4101444],[-76.5614606,3.4101541],[-76.5614616,3.4101568],[-76.5614667,3.4101718],[-76.56147,3.4101822],[-76.5614733,3.4101935],[-76.5614756,3.4102042],[-76.5614787,3.4102176],[-76.5614794,3.4102274],[-76.5614795,3.4102368],[-76.5614771,3.4102502],[-76.5614741,3.4102579],[-76.5614713,3.4102632],[-76.5614717,3.4102636],[-76.5614748,3.4102672],[-76.5614788,3.4102714],[-76.5614877,3.4102761],[-76.5614919,3.4102787],[-76.5615063,3.4102803],[-76.5615194,3.4102795],[-76.5615359,3.4102748],[-76.5615495,3.410262],[-76.5615644,3.4102476],[-76.5615819,3.4102302],[-76.5615902,3.41022],[-76.5615921,3.4102116],[-76.5615934,3.4102054],[-76.5615946,3.4101972],[-76.5615967,3.4101866],[-76.5616024,3.4101684],[-76.5616138,3.4101496],[-76.5616276,3.4101322],[-76.561632,3.4101294],[-76.5616376,3.4101257],[-76.5616547,3.410116],[-76.5616685,3.4101127],[-76.5616808,3.4101095],[-76.5616885,3.4101076],[-76.5616964,3.410102],[-76.5617102,3.4100904],[-76.5617393,3.4100594],[-76.5617602,3.4100373],[-76.561768,3.4100308],[-76.5617783,3.4100215],[-76.561795,3.4100063],[-76.5617978,3.4100053],[-76.5618086,3.4099966],[-76.5618092,3.4099963],[-76.5618243,3.4099881],[-76.5618442,3.4099815],[-76.5618634,3.4099749],[-76.5618777,3.4099717],[-76.5619073,3.4099654],[-76.5619312,3.4099602],[-76.5619396,3.4099583],[-76.5619537,3.409956],[-76.5619699,3.4099503],[-76.5619832,3.4099466],[-76.5620012,3.4099428],[-76.5620123,3.4099395],[-76.5620221,3.4099382],[-76.5620313,3.4099374],[-76.5620395,3.4099379],[-76.5620485,3.409939],[-76.562059,3.4099401],[-76.562069,3.409944],[-76.5620773,3.4099449],[-76.5620861,3.4099455],[-76.5620945,3.4099436],[-76.5621033,3.4099407],[-76.5621185,3.4099347],[-76.562172,3.4099131],[-76.5622133,3.4098971],[-76.562247,3.4098849],[-76.5622652,3.4098824],[-76.5622865,3.4098794],[-76.5622959,3.4098776],[-76.562306,3.4098749],[-76.5623159,3.4098715],[-76.5623274,3.4098643],[-76.5623389,3.4098576],[-76.5623508,3.4098492],[-76.5623623,3.409841],[-76.5623723,3.4098321],[-76.5623863,3.4098189],[-76.5623971,3.4098086],[-76.5624113,3.4097955],[-76.5624269,3.4097775],[-76.5624372,3.4097688],[-76.5624466,3.4097749],[-76.5624581,3.4097808],[-76.562462,3.4097831],[-76.5624677,3.4097853],[-76.5624736,3.40979],[-76.5624793,3.4097977],[-76.5624819,3.4098031],[-76.5624818,3.4098116],[-76.5624796,3.4098201],[-76.5624773,3.4098287],[-76.5624757,3.4098379],[-76.5624754,3.4098459],[-76.5624761,3.409853],[-76.5624791,3.4098576],[-76.5624836,3.4098602],[-76.5624882,3.4098604],[-76.562494,3.4098601],[-76.5625012,3.4098592],[-76.5625096,3.4098581],[-76.5625191,3.4098554],[-76.5625267,3.4098521],[-76.5625333,3.4098473],[-76.5625382,3.4098415],[-76.5625437,3.4098338],[-76.5625503,3.409824],[-76.5625559,3.4098159],[-76.5625636,3.4098058],[-76.5625685,3.409798],[-76.5625737,3.4097912],[-76.5625785,3.4097829],[-76.5625854,3.409775],[-76.5625912,3.4097665],[-76.5625956,3.4097581],[-76.5625994,3.40975],[-76.5626036,3.4097405],[-76.5626038,3.40974],[-76.5626079,3.4097307],[-76.5626127,3.409719],[-76.562618,3.409708],[-76.5626229,3.4096999],[-76.5626272,3.4096895],[-76.5626294,3.4096833],[-76.5626311,3.4096746],[-76.5626314,3.4096727],[-76.562632,3.4096618],[-76.5626335,3.4096493],[-76.5626342,3.4096393],[-76.5626347,3.4096329],[-76.5626349,3.4096257],[-76.5626348,3.4096194],[-76.5626339,3.4096102],[-76.5626326,3.4095938],[-76.5626315,3.4095841],[-76.5626309,3.4095763],[-76.5626285,3.4095696],[-76.5626155,3.4095315],[-76.5626058,3.4095064],[-76.5625946,3.40948],[-76.5625874,3.409466],[-76.5625865,3.4094609],[-76.5625865,3.4094609],[-76.5625888,3.4094559],[-76.5625897,3.4094541],[-76.5625897,3.409454],[-76.5625949,3.4094529],[-76.5625999,3.4094551],[-76.5626083,3.4094598],[-76.5626108,3.4094609],[-76.5626182,3.4094643],[-76.5626459,3.409466],[-76.5626553,3.4094659],[-76.5626656,3.4094672],[-76.5626752,3.4094701],[-76.5626797,3.4094752],[-76.5626856,3.4094844],[-76.5626913,3.4094938],[-76.5626966,3.4094991],[-76.562704,3.4095048],[-76.562712,3.4095096],[-76.5627196,3.4095126],[-76.5627249,3.4095107],[-76.5627295,3.4095054],[-76.5627328,3.4095002],[-76.5627383,3.4094903],[-76.5627431,3.4094827],[-76.5627462,3.4094763],[-76.5627514,3.4094654],[-76.5627529,3.4094609],[-76.5627558,3.4094526],[-76.5627602,3.4094402],[-76.5627672,3.4094246],[-76.5627739,3.4094127],[-76.5627806,3.4094002],[-76.5627893,3.4093836],[-76.5627956,3.4093721],[-76.5628018,3.4093583],[-76.5628097,3.4093431],[-76.5628174,3.4093269],[-76.5628263,3.4093099],[-76.562833,3.4092964],[-76.5628353,3.409292],[-76.5628454,3.4092697],[-76.5628561,3.4092449],[-76.562871,3.409215],[-76.5628842,3.4091889],[-76.562894,3.4091638],[-76.5629052,3.4091355],[-76.5629125,3.4091161],[-76.5629189,3.4090978],[-76.5629257,3.4090823],[-76.5629333,3.4090648],[-76.5629394,3.4090493],[-76.5629416,3.4090436],[-76.5629462,3.4090315],[-76.5629505,3.4090176],[-76.5629514,3.4090123],[-76.5629533,3.4090023],[-76.5629539,3.4089894],[-76.5629558,3.4089768],[-76.5629611,3.408964],[-76.5629732,3.408951],[-76.5629846,3.4089454],[-76.5629953,3.4089479],[-76.5630027,3.4089487],[-76.563011,3.4089466],[-76.5630212,3.4089384],[-76.5630306,3.4089295],[-76.5630412,3.4089193],[-76.5630531,3.4089054],[-76.5630604,3.4088954],[-76.5630681,3.4088833],[-76.563076,3.4088719],[-76.5630829,3.408861],[-76.5630865,3.408856],[-76.5630894,3.4088518],[-76.5630988,3.4088411],[-76.5631081,3.4088304],[-76.5631123,3.4088246],[-76.563117,3.4088181],[-76.5631254,3.4088062],[-76.5631345,3.4087939],[-76.5631448,3.4087794],[-76.5631529,3.4087669],[-76.5631594,3.4087571],[-76.5631659,3.4087477],[-76.5631724,3.4087386],[-76.5631843,3.4087195],[-76.5631857,3.4087148],[-76.5631873,3.4087097],[-76.5631895,3.4087033],[-76.5631915,3.4086963],[-76.5631946,3.4086871],[-76.5631979,3.4086788],[-76.5632008,3.4086692],[-76.5632038,3.4086574],[-76.5632076,3.4086402],[-76.5632109,3.4086198],[-76.5632139,3.4085999],[-76.5632162,3.4085758],[-76.5632183,3.4085593],[-76.5632184,3.4085584],[-76.5632206,3.4085422],[-76.5632307,3.4085157],[-76.5632429,3.4084949],[-76.5632451,3.4084949],[-76.5632475,3.4084884],[-76.5632548,3.4084734],[-76.5632591,3.4084649],[-76.5632637,3.4084556],[-76.5632638,3.4084554],[-76.5632686,3.4084467],[-76.5632744,3.4084344],[-76.56328,3.4084201],[-76.5632825,3.4084097],[-76.5632854,3.4083981],[-76.5632865,3.4083879],[-76.5632899,3.4083775],[-76.563292,3.408372],[-76.5632936,3.4083675],[-76.5632953,3.408363],[-76.5632969,3.4083585],[-76.5633001,3.408348],[-76.5633002,3.4083474],[-76.5633016,3.4083435],[-76.5633016,3.4083434],[-76.5633037,3.4083373],[-76.5633103,3.4083291],[-76.5633182,3.408323],[-76.5633254,3.4083169],[-76.5633353,3.4083093],[-76.5633455,3.4083054],[-76.5633567,3.4083042],[-76.5633675,3.4083017],[-76.5633758,3.4082949],[-76.5633832,3.4082848],[-76.5633838,3.4082837],[-76.5633868,3.4082787],[-76.5633893,3.4082746],[-76.5633944,3.408264],[-76.5633989,3.4082553],[-76.5634034,3.4082452],[-76.5634074,3.4082328],[-76.5634111,3.4082201],[-76.5634149,3.4082104],[-76.5634162,3.4082077],[-76.56342,3.4082002],[-76.5634251,3.4081893],[-76.5634296,3.4081796],[-76.5634325,3.4081708],[-76.5634339,3.4081624],[-76.5634345,3.4081553],[-76.5634355,3.4081484],[-76.5634352,3.4081415],[-76.5634352,3.408141],[-76.5634372,3.4081249],[-76.5634386,3.4081132],[-76.5634414,3.4080976],[-76.5634451,3.4080786],[-76.5634469,3.4080677],[-76.5634479,3.4080579],[-76.5634489,3.4080471],[-76.5634501,3.4080361],[-76.5634521,3.4080263],[-76.5634545,3.4080159],[-76.5634568,3.4080037],[-76.563458,3.4079935],[-76.5634586,3.4079808],[-76.5634567,3.4079682],[-76.5634539,3.4079594],[-76.5634457,3.4079445],[-76.5634394,3.4079348],[-76.5634312,3.4079254],[-76.5634215,3.4079145],[-76.5634163,3.4079088],[-76.5634103,3.4079023],[-76.5634014,3.4078939],[-76.5633929,3.4078863],[-76.5633835,3.407876],[-76.5633771,3.4078682],[-76.5633769,3.407868],[-76.5633712,3.40786],[-76.5633642,3.4078479],[-76.5633617,3.4078365],[-76.5633609,3.4078247],[-76.5633614,3.4078141],[-76.5633624,3.4078026],[-76.5633656,3.407793],[-76.563372,3.4077842],[-76.5633809,3.4077758],[-76.5633872,3.4077668],[-76.5633906,3.4077578],[-76.5633931,3.4077465],[-76.5633967,3.4077302],[-76.5633992,3.4077176],[-76.563401,3.4077061],[-76.5634039,3.4076975],[-76.563408,3.4076838],[-76.5634106,3.4076747],[-76.5634135,3.4076623],[-76.563416,3.4076517],[-76.5634196,3.4076393],[-76.5634224,3.4076297],[-76.5634265,3.4076193],[-76.56343,3.4076094],[-76.5634331,3.4075998],[-76.5634369,3.4075886],[-76.5634412,3.4075797],[-76.563445,3.4075702],[-76.5634461,3.4075675],[-76.5634484,3.4075581],[-76.5634509,3.4075489],[-76.563454,3.4075384],[-76.5634589,3.4075249],[-76.5634625,3.4075144],[-76.5634665,3.4075036],[-76.5634715,3.4074915],[-76.5634759,3.4074808],[-76.5634792,3.4074719],[-76.5634831,3.4074611],[-76.5634865,3.4074518],[-76.5634912,3.4074399],[-76.5634947,3.4074313],[-76.5634985,3.4074217],[-76.5635035,3.407409],[-76.5635083,3.4073963],[-76.5635129,3.4073868],[-76.5635182,3.4073766],[-76.5635219,3.4073675],[-76.5635273,3.4073561],[-76.5635336,3.4073456],[-76.5635412,3.4073332],[-76.5635473,3.4073222],[-76.5635521,3.4073128],[-76.5635592,3.4073016],[-76.5635644,3.4072929],[-76.5635699,3.407283],[-76.5635725,3.4072729],[-76.5635733,3.4072632],[-76.5635726,3.4072556],[-76.5635732,3.4072556],[-76.5636391,3.4072024],[-76.5636543,3.4072121],[-76.5636668,3.4072175],[-76.5636813,3.4072261],[-76.5636909,3.4072314],[-76.5637005,3.4072371],[-76.5637138,3.407245],[-76.5637214,3.4072511],[-76.5637282,3.4072577],[-76.563734,3.4072638],[-76.5637408,3.4072726],[-76.5637451,3.4072788],[-76.5637497,3.4072866],[-76.563754,3.4072965],[-76.5637586,3.4073069],[-76.5637651,3.4073194],[-76.5637721,3.4073264],[-76.5637798,3.4073302],[-76.5637878,3.4073327],[-76.5637953,3.4073352],[-76.5638064,3.4073366],[-76.5638174,3.4073364],[-76.5638287,3.4073364],[-76.5638403,3.4073359],[-76.5638516,3.4073363],[-76.5638654,3.4073352],[-76.5638816,3.4073351],[-76.5638982,3.4073311],[-76.5639112,3.4073282],[-76.5639207,3.4073248],[-76.5639314,3.4073199],[-76.5639402,3.4073167],[-76.5639463,3.407314],[-76.5639645,3.4073117],[-76.5639812,3.4073151],[-76.5640111,3.4073262],[-76.5640519,3.4073504],[-76.5640919,3.4073766],[-76.5641302,3.4073991],[-76.5641386,3.4074032],[-76.564179,3.4074229],[-76.5641915,3.4074297],[-76.5642201,3.4074403],[-76.5642495,3.4074541],[-76.5642748,3.4074642],[-76.5642969,3.4074747],[-76.5643431,3.4074875],[-76.5643557,3.4074906],[-76.564363,3.4074921],[-76.564363,3.4074922],[-76.5643657,3.4074927],[-76.5643732,3.4074943],[-76.5643819,3.4074989],[-76.564391,3.4075017],[-76.5644001,3.4075045],[-76.5644103,3.4075072],[-76.5644205,3.4075095],[-76.564435,3.4075076],[-76.5644429,3.4075027],[-76.5644549,3.407494],[-76.5644645,3.4074871],[-76.5644721,3.4074809],[-76.5644801,3.407473],[-76.5644828,3.407468],[-76.5644818,3.4074576],[-76.5644852,3.4074533],[-76.5644917,3.4074485],[-76.5644961,3.4074454],[-76.5645063,3.4074377],[-76.5645175,3.4074287],[-76.5645274,3.4074206],[-76.5645386,3.4074085],[-76.5645468,3.4074004],[-76.5645541,3.4073929],[-76.5645609,3.4073868],[-76.5645709,3.4073768],[-76.5645787,3.4073691],[-76.5645866,3.4073636],[-76.5645973,3.4073564],[-76.5646058,3.4073488],[-76.5646155,3.4073386],[-76.5647742,3.4074248],[-76.565039,3.4073463],[-76.5650504,3.4073942],[-76.5650864,3.4075413],[-76.5650985,3.4075508],[-76.5651108,3.407559],[-76.5651272,3.4075678],[-76.5651439,3.4075744],[-76.5651568,3.4075792],[-76.5651648,3.4075842],[-76.5651734,3.4075907],[-76.565181,3.4075976],[-76.5651908,3.4076053],[-76.5651944,3.4076091],[-76.5652018,3.407617],[-76.5652118,3.4076266],[-76.5652215,3.4076394],[-76.5652265,3.4076477],[-76.5652309,3.4076558],[-76.5652359,3.407666],[-76.5652367,3.4076676],[-76.565239,3.4076753],[-76.5652933,3.4077962],[-76.56541,3.4080091],[-76.5655276,3.408157],[-76.5655426,3.4081759],[-76.565543,3.4081764],[-76.5655716,3.4082123],[-76.5655745,3.4082108],[-76.5655746,3.4082108],[-76.5655789,3.4082085],[-76.5655889,3.4082027],[-76.5655997,3.4081959],[-76.5656098,3.4081901],[-76.5656202,3.4081859],[-76.5656314,3.4081822],[-76.5656423,3.4081796],[-76.5656552,3.4081774],[-76.5656681,3.4081764],[-76.5656784,3.4081762],[-76.5656922,3.4081755],[-76.5657033,3.4081746],[-76.5657138,3.4081744],[-76.5657161,3.4081749],[-76.5657263,3.4081771],[-76.5657392,3.4081818],[-76.565748,3.4081874],[-76.5657563,3.4081967],[-76.5657666,3.4082096],[-76.5657728,3.4082201],[-76.5657771,3.4082302],[-76.5657814,3.4082434],[-76.5657853,3.4082573],[-76.5657854,3.4082732],[-76.5657848,3.4082852],[-76.5657829,3.4082952],[-76.5657798,3.4083069],[-76.5657776,3.4083169],[-76.5657772,3.4083285],[-76.5657784,3.408339],[-76.5657816,3.4083519],[-76.5657835,3.4083586],[-76.565786,3.4083673],[-76.5657901,3.4083781],[-76.5657936,3.4083906],[-76.5657968,3.4084008],[-76.5657993,3.4084065],[-76.565801,3.4084103],[-76.5658083,3.4084217],[-76.5658142,3.4084302],[-76.5658178,3.4084396],[-76.5658212,3.4084496],[-76.5658239,3.4084628],[-76.5658255,3.408474],[-76.5658247,3.4084848],[-76.5658194,3.4084947],[-76.5658125,3.4085021],[-76.5658001,3.4085102],[-76.5657909,3.4085167],[-76.5657885,3.4085183],[-76.5657844,3.4085214],[-76.5657807,3.4085241],[-76.5657735,3.4085295],[-76.5657671,3.4085365],[-76.5657612,3.4085456],[-76.5657596,3.4085481],[-76.5657522,3.4085599],[-76.5657441,3.4085768],[-76.5657432,3.4085791],[-76.5657396,3.4085889],[-76.565739,3.4086011],[-76.5657435,3.4086095],[-76.5657495,3.4086199],[-76.5657515,3.4086307],[-76.5657516,3.4086317],[-76.56575,3.4086469],[-76.5657482,3.4086597],[-76.5657455,3.4086715],[-76.5657421,3.4086811],[-76.5657381,3.4086894],[-76.5657335,3.4087005],[-76.5657289,3.4087115],[-76.5657287,3.4087118],[-76.5657233,3.4087248],[-76.5657176,3.4087375],[-76.5657158,3.4087416],[-76.5657151,3.4087432],[-76.5657092,3.4087569],[-76.5657052,3.4087653],[-76.5657034,3.4087693],[-76.5656949,3.408783],[-76.5656857,3.4087971],[-76.5656805,3.4088062],[-76.5656681,3.4088222],[-76.565661,3.4088303],[-76.5656511,3.4088424],[-76.5656408,3.408853],[-76.5656276,3.4088638],[-76.5656147,3.4088753],[-76.5656011,3.4088855],[-76.5655917,3.4088931],[-76.565584,3.4088997],[-76.5655746,3.4089086],[-76.5655643,3.40892],[-76.5655499,3.4089359],[-76.5655416,3.4089453],[-76.5655276,3.4089587],[-76.5655208,3.4089653],[-76.5655141,3.4089719],[-76.5655069,3.4089791],[-76.5654925,3.4089915],[-76.5654798,3.409003],[-76.5654666,3.4090147],[-76.5654567,3.4090231],[-76.5654437,3.4090345],[-76.5654327,3.4090434],[-76.5654218,3.4090525],[-76.5654154,3.409059],[-76.5654059,3.4090678],[-76.5653995,3.4090744],[-76.5653951,3.4090798],[-76.565391,3.4090869],[-76.5653878,3.4090955],[-76.5653865,3.4091027],[-76.5653869,3.4091068],[-76.5654046,3.4091321],[-76.5654176,3.4091507],[-76.565418,3.4091562],[-76.5654158,3.409163],[-76.5654122,3.4091698],[-76.5654054,3.4091806],[-76.565394,3.4091969],[-76.5653238,3.4092796],[-76.5652312,3.4093889],[-76.565229,3.4093914],[-76.565229,3.4093914],[-76.5652263,3.4093946],[-76.5651864,3.4094961],[-76.5651844,3.4095011],[-76.5651409,3.4096118],[-76.5651063,3.4097],[-76.5652249,3.4097662],[-76.5653726,3.4098219],[-76.5654315,3.4098524],[-76.5654741,3.4098745],[-76.5655127,3.4103196],[-76.565557,3.4105794],[-76.5656387,3.410808],[-76.5656391,3.4108094],[-76.5656421,3.4108177],[-76.5656301,3.4108216],[-76.565611,3.4108257],[-76.5656008,3.4108274],[-76.5655902,3.410829],[-76.565579,3.410829],[-76.5655678,3.4108243],[-76.5655584,3.4108234],[-76.5655397,3.4108131],[-76.5655276,3.4108093],[-76.5655135,3.4108055],[-76.5654958,3.4108008],[-76.5654752,3.4107952],[-76.5654537,3.4107867],[-76.5654359,3.410782],[-76.5654153,3.4107745],[-76.5654022,3.4107698],[-76.5653891,3.4107698],[-76.5653742,3.4107707],[-76.5653536,3.4107717],[-76.5653293,3.4107726],[-76.5653049,3.4107726],[-76.5652918,3.4107707],[-76.5652666,3.4107642],[-76.5652385,3.4107604],[-76.5652123,3.4107491],[-76.5651899,3.4107425],[-76.5651646,3.410735],[-76.565131,3.4107256],[-76.5650963,3.4107134],[-76.5650786,3.4107031],[-76.5650683,3.410702],[-76.5650505,3.4107002],[-76.5650168,3.4106955],[-76.5649934,3.4106955],[-76.5649701,3.4106955],[-76.5649476,3.4106955],[-76.564927,3.4106955],[-76.5648971,3.4107012],[-76.5648662,3.410704],[-76.56484,3.4107134],[-76.5647802,3.410735],[-76.5647212,3.4107613],[-76.5646408,3.4108159],[-76.5646024,3.4108553],[-76.5645416,3.4108948],[-76.5644995,3.4109155],[-76.5644659,3.4109193],[-76.5644359,3.4109249],[-76.5643966,3.4109352],[-76.5643564,3.4109484],[-76.5643246,3.4109634],[-76.5642732,3.4109973],[-76.5642503,3.4110057],[-76.5641717,3.411038],[-76.564142,3.4110589],[-76.5640688,3.4111217],[-76.5639896,3.411184],[-76.5639643,3.4111998],[-76.5639272,3.411223],[-76.5638979,3.4112414],[-76.5638864,3.4112454],[-76.5638122,3.4112713],[-76.5637802,3.4112881],[-76.5637289,3.411315],[-76.5636903,3.4113316],[-76.5636402,3.4113532],[-76.5635872,3.4113664],[-76.5634711,3.411376],[-76.5633676,3.4113861],[-76.5632491,3.411428],[-76.5632329,3.4114331],[-76.5631682,3.4114537],[-76.5631342,3.4114719],[-76.5630556,3.4115141],[-76.5629622,3.411571],[-76.5628895,3.4116077],[-76.5628604,3.4116224],[-76.5628152,3.4116394],[-76.5627919,3.4116481],[-76.5627134,3.4116798],[-76.5626975,3.4116882],[-76.5626729,3.4117014],[-76.5626152,3.411736],[-76.5626053,3.4117479],[-76.5625848,3.4117725],[-76.5625556,3.411812],[-76.5625271,3.4118437],[-76.5625086,3.4118641],[-76.5624651,3.4119041],[-76.5624181,3.4119556],[-76.5623819,3.4120297],[-76.5623789,3.4120308],[-76.5623494,3.4120632],[-76.5623099,3.4120967],[-76.5622951,3.4121092],[-76.5622561,3.4121159],[-76.5622446,3.4121154],[-76.5622342,3.4121149],[-76.5622247,3.4121149],[-76.5621973,3.4121147],[-76.5621583,3.4121191],[-76.5621532,3.4121197],[-76.5621476,3.4121232],[-76.5620923,3.412157],[-76.5620267,3.4122141],[-76.5620208,3.4122192],[-76.5619842,3.4122571],[-76.5619779,3.4122627],[-76.5619591,3.4122799],[-76.5619248,3.4123038],[-76.5619018,3.4123301],[-76.5618853,3.4123585],[-76.5618754,3.4123756],[-76.5618714,3.4123858],[-76.5618646,3.4124031],[-76.561851,3.4124318],[-76.5618367,3.4124577],[-76.5618262,3.4124711],[-76.5618201,3.412478],[-76.5618037,3.4124967],[-76.561791,3.4125113],[-76.5617329,3.4125629],[-76.5616938,3.4126051],[-76.5616557,3.412652],[-76.5616186,3.4127084],[-76.5615843,3.4127754],[-76.5615538,3.4128339],[-76.5615509,3.4128395],[-76.5615262,3.4128817],[-76.5615128,3.4129142],[-76.5614898,3.4129676],[-76.5614771,3.4129751],[-76.5614628,3.4129947],[-76.5614559,3.4130068],[-76.5614531,3.4130218],[-76.5614519,3.4130321],[-76.5614513,3.4130454],[-76.5614462,3.4130673],[-76.5614364,3.4130817],[-76.5614146,3.413103],[-76.5613917,3.4131221],[-76.5613851,3.4131287],[-76.5613796,3.4131342],[-76.5613676,3.4131393],[-76.5613458,3.4131428],[-76.5613395,3.4131399],[-76.5613355,3.4131359],[-76.5613337,3.413129],[-76.5613337,3.4131203],[-76.5613337,3.4131111],[-76.5613337,3.4131036],[-76.561332,3.413095],[-76.5613269,3.4130857],[-76.561316,3.4130817],[-76.5613022,3.4130782],[-76.5612924,3.4130777],[-76.5612764,3.4130806],[-76.5612603,3.4130846],[-76.561246,3.4130927],[-76.5612288,3.4131001],[-76.5612098,3.4131082],[-76.5612041,3.4131123],[-76.5611852,3.4131241],[-76.5611645,3.4131367],[-76.5611496,3.4131494],[-76.5611313,3.4131587],[-76.5611129,3.4131667],[-76.5610911,3.4131702],[-76.5610762,3.4131736],[-76.561059,3.4131736],[-76.561028,3.4131748],[-76.5609959,3.4131829],[-76.5609592,3.4132013],[-76.5609443,3.413214],[-76.5609064,3.413237],[-76.56088,3.413252],[-76.5608548,3.4132635],[-76.5608215,3.4132855],[-76.560802,3.4133039],[-76.560786,3.4133235],[-76.5607619,3.4133489],[-76.5607389,3.4133731],[-76.560724,3.4133857],[-76.5606976,3.4134088],[-76.5606701,3.4134342],[-76.5606322,3.4134572],[-76.5606093,3.4134745],[-76.5605818,3.4134895],[-76.5605382,3.4135298],[-76.5604888,3.4135748],[-76.5604326,3.4136128],[-76.5603982,3.4136394],[-76.560373,3.4136486],[-76.5603512,3.4136578],[-76.5603259,3.4136647],[-76.5602904,3.4136699],[-76.5602663,3.4136711],[-76.5602468,3.4136699],[-76.5602319,3.4136699],[-76.5602216,3.4136699],[-76.5602043,3.4136711],[-76.560178,3.4136803],[-76.5601608,3.4136826],[-76.5601321,3.4136791],[-76.5601034,3.4136561],[-76.5600782,3.4136399],[-76.5600403,3.4136134],[-76.5600185,3.4135927],[-76.5599944,3.4135661],[-76.5599669,3.4135511],[-76.5599267,3.4135419],[-76.5598751,3.4135373],[-76.5598281,3.4135385],[-76.5597753,3.41355],[-76.5597329,3.4135558],[-76.5596835,3.413573],[-76.5596503,3.4135811],[-76.5595287,3.4136313],[-76.5594231,3.4136774],[-76.5591696,3.413773],[-76.5590262,3.4138341],[-76.5589803,3.4138491],[-76.558939,3.4138543],[-76.5589023,3.4138555],[-76.5588645,3.4138532],[-76.5588266,3.4138485],[-76.5587807,3.4138439],[-76.5587279,3.4138393],[-76.5586729,3.4138324],[-76.5586362,3.4138301],[-76.5586121,3.4138151],[-76.558588,3.4137724],[-76.5585811,3.4137344],[-76.5585696,3.4136941],[-76.558541,3.4136502],[-76.5584985,3.4135891],[-76.5584435,3.413528],[-76.5583655,3.4134324],[-76.5583299,3.4134035],[-76.5582622,3.413313],[-76.5582094,3.4132393],[-76.5581727,3.4132035],[-76.5581493,3.4131855],[-76.5581291,3.4131701],[-76.5580959,3.4131493],[-76.5580764,3.413139],[-76.55805,3.4131274],[-76.5580121,3.413132],[-76.5579685,3.4131401],[-76.5579456,3.4131424],[-76.5579146,3.4131401],[-76.5578492,3.4131413],[-76.557777,3.4131366],[-76.5577265,3.4131366],[-76.5576875,3.4131366],[-76.5576588,3.4131436],[-76.557637,3.413147],[-76.5576141,3.4131632],[-76.5575762,3.4131712],[-76.5575292,3.413177],[-76.5574466,3.4131528],[-76.557372,3.4131182],[-76.5573342,3.4131009],[-76.5572814,3.4130686],[-76.5572413,3.4130386],[-76.5572172,3.4130064],[-76.5572068,3.4129568],[-76.5571954,3.4129187],[-76.5571896,3.4128623],[-76.557177,3.4127988],[-76.5571633,3.4127643],[-76.5571115,3.4127074],[-76.5570015,3.4125773],[-76.5569743,3.4125452],[-76.55687,3.4124189],[-76.5568629,3.4124103],[-76.5568577,3.4124008],[-76.5568238,3.4123396],[-76.5567986,3.412294],[-76.556793,3.4122834],[-76.5567529,3.4122084],[-76.5567458,3.4121949],[-76.5567024,3.4120695],[-76.5566886,3.4120295],[-76.5566861,3.4120068],[-76.5566746,3.411978],[-76.5566585,3.4119596],[-76.5566299,3.4119411],[-76.5566138,3.4119331],[-76.5565863,3.4119331],[-76.5565633,3.4119411],[-76.5565381,3.4119596],[-76.5565037,3.4119999],[-76.5564807,3.4120622],[-76.5564486,3.4121521],[-76.5564039,3.4122535],[-76.5563821,3.4122824],[-76.5563522,3.4123031],[-76.5563075,3.4123089],[-76.5562593,3.4123077],[-76.5562088,3.4122939],[-76.5561457,3.4122651],[-76.5561079,3.412227],[-76.5560895,3.4122028],[-76.55607,3.4121855],[-76.5560459,3.4121694],[-76.5560322,3.4121659],[-76.5559897,3.4121446],[-76.5559622,3.4121307],[-76.555937,3.4121077],[-76.5559175,3.4120823],[-76.555898,3.4120247],[-76.5558704,3.4119763],[-76.5558349,3.4119359],[-76.5557832,3.4119048],[-76.5557534,3.4118944],[-76.5557075,3.4118806],[-76.555642,3.4118775],[-76.555642,3.4119853],[-76.555642,3.4122528],[-76.5556456,3.4123192],[-76.5556524,3.412702],[-76.5555951,3.4131308],[-76.5554689,3.4136127],[-76.5554367,3.4137049],[-76.5553381,3.4140334],[-76.5551752,3.4146029],[-76.5549801,3.4152404],[-76.5549115,3.4154403],[-76.5548203,3.4157873],[-76.554751,3.4161139],[-76.5546526,3.4165775],[-76.5545368,3.4171272],[-76.5545332,3.4171449],[-76.5545295,3.4171626],[-76.5545257,3.4171803],[-76.5545219,3.417198],[-76.554518,3.4172156],[-76.554514,3.4172333],[-76.55451,3.4172509],[-76.5545086,3.4172567],[-76.5545058,3.4172685],[-76.5545016,3.4172861],[-76.5544974,3.4173037],[-76.5544931,3.4173212],[-76.5544887,3.4173388],[-76.5544842,3.4173563],[-76.5544797,3.4173738],[-76.554475,3.4173913],[-76.5544704,3.4174087],[-76.5544656,3.4174262],[-76.5544608,3.4174436],[-76.5544559,3.417461],[-76.554451,3.4174784],[-76.5544459,3.4174958],[-76.5544408,3.4175131],[-76.5544357,3.4175304],[-76.5544304,3.4175477],[-76.5544251,3.417565],[-76.5544198,3.4175823],[-76.5544143,3.4175995],[-76.5544088,3.4176167],[-76.5544032,3.4176339],[-76.5543976,3.4176511],[-76.5543919,3.4176683],[-76.5543861,3.4176854],[-76.5543802,3.4177025],[-76.5543743,3.4177196],[-76.5543683,3.4177366],[-76.5543623,3.4177537],[-76.5543561,3.4177707],[-76.55435,3.4177877],[-76.5543437,3.4178046],[-76.5543374,3.4178215],[-76.554331,3.4178385],[-76.5543245,3.4178553],[-76.554318,3.4178722],[-76.5543114,3.417889],[-76.5543047,3.4179058],[-76.554298,3.4179226],[-76.5542912,3.4179393],[-76.5542843,3.4179561],[-76.5542774,3.4179727],[-76.5542704,3.4179894],[-76.5542633,3.418006],[-76.5542562,3.4180227],[-76.554249,3.4180392],[-76.5542417,3.4180558],[-76.5542344,3.4180723],[-76.554227,3.4180888],[-76.5542195,3.4181052],[-76.554212,3.4181217],[-76.5542044,3.4181381],[-76.5541968,3.4181544],[-76.554189,3.4181708],[-76.5541813,3.4181871],[-76.5541734,3.4182034],[-76.5541655,3.4182196],[-76.5541575,3.4182358],[-76.5541495,3.418252],[-76.5541413,3.4182681],[-76.5541332,3.4182842],[-76.5541249,3.4183003],[-76.5541166,3.4183164],[-76.5541082,3.4183324],[-76.5540998,3.4183484],[-76.5540888,3.4183691],[-76.5537901,3.419003],[-76.553556,3.4195276],[-76.5533329,3.4200274],[-76.5532201,3.4206231],[-76.5531378,3.4212386],[-76.553083,3.4216674],[-76.5529732,3.4227071],[-76.5528452,3.4237652],[-76.5528211,3.4239279],[-76.5528217,3.4239452],[-76.5528187,3.4239538],[-76.5528157,3.4239623],[-76.5528127,3.4239708],[-76.5528097,3.4239794],[-76.5528067,3.4239879],[-76.5528036,3.4239964],[-76.5528005,3.4240049],[-76.5527974,3.4240134],[-76.5527943,3.4240218],[-76.5527912,3.4240303],[-76.552788,3.4240388],[-76.5527849,3.4240473],[-76.5527817,3.4240557],[-76.5527785,3.4240642],[-76.5527753,3.4240726],[-76.552772,3.424081],[-76.5527688,3.4240895],[-76.5527655,3.4240979],[-76.5527622,3.4241063],[-76.5527589,3.4241147],[-76.5527556,3.4241231],[-76.5527522,3.4241315],[-76.5527489,3.4241399],[-76.5527455,3.4241483],[-76.5527421,3.4241567],[-76.5527387,3.4241651],[-76.5527353,3.4241734],[-76.5527318,3.4241818],[-76.5527284,3.4241901],[-76.5527249,3.4241985],[-76.5527214,3.4242068],[-76.5527179,3.4242151],[-76.5527143,3.4242234],[-76.5527108,3.4242317],[-76.5527072,3.42424],[-76.5527037,3.4242483],[-76.5527001,3.4242566],[-76.5526964,3.4242649],[-76.5526928,3.4242732],[-76.5526892,3.4242815],[-76.5526855,3.4242897],[-76.5526818,3.424298],[-76.5526781,3.4243062],[-76.5526744,3.4243144],[-76.5526726,3.4243183],[-76.5526707,3.4243227],[-76.5526669,3.4243309],[-76.5526631,3.4243391],[-76.5526593,3.4243473],[-76.5526555,3.4243555],[-76.5526517,3.4243637],[-76.552647,3.4243738],[-76.552552,3.4245492],[-76.5524545,3.4247159],[-76.5524288,3.4247906],[-76.5523568,3.4249805],[-76.5523028,3.4251433],[-76.5522398,3.4254146],[-76.5522374,3.4254288],[-76.5522358,3.4254377],[-76.5522341,3.4254466],[-76.5522324,3.4254555],[-76.5522306,3.4254643],[-76.5522287,3.4254732],[-76.5522268,3.425482],[-76.5522248,3.4254908],[-76.5522228,3.4254996],[-76.5522207,3.4255084],[-76.5522185,3.4255172],[-76.5522163,3.425526],[-76.552214,3.4255347],[-76.5522116,3.4255434],[-76.5522092,3.4255522],[-76.5522067,3.4255608],[-76.5522042,3.4255695],[-76.5522016,3.4255782],[-76.5521989,3.4255868],[-76.5521962,3.4255954],[-76.5521934,3.425604],[-76.5521906,3.4256126],[-76.5521877,3.4256212],[-76.5521848,3.4256297],[-76.5521817,3.4256383],[-76.5521787,3.4256468],[-76.5521755,3.4256552],[-76.5521723,3.4256637],[-76.5521691,3.4256721],[-76.5521658,3.4256805],[-76.5521624,3.4256889],[-76.5521589,3.4256973],[-76.5521555,3.4257056],[-76.5521519,3.4257139],[-76.5521483,3.4257222],[-76.5521446,3.4257305],[-76.5521408,3.4257402],[-76.5521318,3.4257673],[-76.5521138,3.4258125],[-76.5520868,3.4258577],[-76.5520688,3.4258939],[-76.5520328,3.4259391],[-76.5520238,3.4259482],[-76.5519968,3.4259753],[-76.5519068,3.4260477],[-76.5515649,3.4263551],[-76.5513939,3.4265179],[-76.5513489,3.4265631],[-76.5512769,3.4266354],[-76.5512139,3.4267259],[-76.5509619,3.426961],[-76.5509259,3.4269972],[-76.5508948,3.427015],[-76.550773,3.4270533],[-76.5507641,3.4270546],[-76.5507552,3.4270558],[-76.5507463,3.427057],[-76.5507374,3.4270581],[-76.5507284,3.4270592],[-76.5507195,3.4270603],[-76.5507106,3.4270613],[-76.5507016,3.4270622],[-76.5506926,3.4270631],[-76.5506837,3.427064],[-76.5506747,3.4270648],[-76.5506658,3.4270656],[-76.5506568,3.4270663],[-76.5506478,3.427067],[-76.5506388,3.4270676],[-76.5506299,3.4270682],[-76.5506209,3.4270687],[-76.5506119,3.4270692],[-76.5506029,3.4270697],[-76.5505939,3.42707],[-76.5505849,3.4270703],[-76.5505759,3.4270705],[-76.5505669,3.4270706],[-76.5505579,3.4270706],[-76.5505489,3.4270705],[-76.5505399,3.4270703],[-76.5505309,3.42707],[-76.5505219,3.4270696],[-76.550513,3.4270691],[-76.550504,3.4270685],[-76.550495,3.4270678],[-76.550486,3.4270671],[-76.5504771,3.4270661],[-76.5504681,3.4270654],[-76.5504591,3.4270648],[-76.5504501,3.4270644],[-76.5504412,3.4270641],[-76.5504322,3.427064],[-76.5504232,3.4270641],[-76.5504142,3.4270643],[-76.5504052,3.4270647],[-76.5503962,3.4270653],[-76.5503872,3.4270661],[-76.5503783,3.427067],[-76.5503693,3.427068],[-76.5503604,3.4270693],[-76.5503515,3.4270707],[-76.5503427,3.4270722],[-76.5503338,3.427074],[-76.550325,3.4270756],[-76.5503161,3.4270772],[-76.5503072,3.4270786],[-76.5502983,3.4270799],[-76.5502894,3.4270812],[-76.5502817,3.4270856],[-76.5502781,3.4270937],[-76.5502781,3.4271028],[-76.5502788,3.4271118],[-76.5502801,3.4271208],[-76.5502844,3.4271378],[-76.5503605,3.4275305],[-76.550365,3.4275537],[-76.5503668,3.4275626],[-76.5503686,3.4275714],[-76.5503704,3.4275803],[-76.5503722,3.4275891],[-76.550374,3.427598],[-76.5503758,3.4276069],[-76.5503775,3.4276157],[-76.5503793,3.4276246],[-76.5503811,3.4276334],[-76.5503829,3.4276423],[-76.5503847,3.4276512],[-76.5503865,3.42766],[-76.5503883,3.4276689],[-76.5503901,3.4276778],[-76.5503919,3.4276866],[-76.5503937,3.4276955],[-76.5503955,3.4277043],[-76.5503973,3.4277132],[-76.5503991,3.4277221],[-76.5504009,3.4277309],[-76.5504027,3.4277398],[-76.5504045,3.4277486],[-76.5504063,3.4277575],[-76.5504081,3.4277664],[-76.5504099,3.4277752],[-76.5504117,3.4277841],[-76.5504135,3.4277929],[-76.5504153,3.4278018],[-76.5504171,3.4278107],[-76.5504189,3.4278195],[-76.5504207,3.4278284],[-76.5504225,3.4278372],[-76.5504243,3.4278461],[-76.5504261,3.427855],[-76.5504279,3.4278638],[-76.5504314,3.4278808],[-76.5504309,3.4278899],[-76.5504308,3.4278989],[-76.5504311,3.4279079],[-76.5504317,3.427917],[-76.5504328,3.4279259],[-76.5504342,3.4279349],[-76.5504375,3.4279503],[-76.5504465,3.4279512],[-76.5504554,3.4279522],[-76.5504644,3.4279531],[-76.5504733,3.4279541],[-76.5504823,3.4279551],[-76.5504912,3.4279561],[-76.5505001,3.4279572],[-76.5505091,3.4279582],[-76.550518,3.4279593],[-76.5505269,3.4279604],[-76.5505359,3.4279615],[-76.5505448,3.4279626],[-76.5505537,3.4279637],[-76.5505627,3.4279649],[-76.5505716,3.427966],[-76.5505805,3.4279672],[-76.5505894,3.4279684],[-76.5505984,3.4279696],[-76.5506073,3.4279709],[-76.5506162,3.4279721],[-76.5506251,3.4279734],[-76.550634,3.4279746],[-76.5506429,3.4279759],[-76.5506518,3.4279772],[-76.5506607,3.4279786],[-76.5506696,3.4279799],[-76.5506785,3.4279813],[-76.5506874,3.4279827],[-76.5506963,3.427984],[-76.5507052,3.4279855],[-76.5507141,3.4279869],[-76.5507262,3.4279888],[-76.5510364,3.4280506],[-76.5510449,3.4280535],[-76.5510534,3.4280565],[-76.5510618,3.4280596],[-76.5510703,3.4280628],[-76.5510786,3.4280661],[-76.551087,3.4280694],[-76.5510953,3.4280729],[-76.5511036,3.4280765],[-76.5511118,3.4280801],[-76.55112,3.4280838],[-76.5511282,3.4280877],[-76.5511363,3.4280916],[-76.5511469,3.4280969],[-76.5511547,3.4281015],[-76.5511621,3.4281066],[-76.5511692,3.4281122],[-76.5511758,3.4281182],[-76.5511821,3.4281248],[-76.5511878,3.4281317],[-76.5511976,3.4281463],[-76.5512022,3.428154],[-76.5512059,3.4281623],[-76.5512087,3.4281708],[-76.5512106,3.4281797],[-76.5512115,3.4281887],[-76.5512115,3.4281977],[-76.5512104,3.4282067],[-76.5512084,3.4282155],[-76.5512037,3.428228],[-76.5511991,3.4282358],[-76.5511946,3.4282436],[-76.5511902,3.4282515],[-76.5511858,3.4282594],[-76.5511815,3.4282673],[-76.5511772,3.4282753],[-76.551173,3.4282833],[-76.5511689,3.4282914],[-76.5511649,3.4282994],[-76.5511609,3.4283076],[-76.5511571,3.4283157],[-76.5511533,3.4283239],[-76.5511485,3.4283345],[-76.551145,3.4283428],[-76.5511417,3.4283513],[-76.5511387,3.4283598],[-76.551136,3.4283684],[-76.5511335,3.4283771],[-76.5511313,3.4283859],[-76.5511294,3.4283947],[-76.5511277,3.4284036],[-76.5511263,3.4284125],[-76.5511252,3.4284215],[-76.5511243,3.4284305],[-76.5511238,3.4284395],[-76.5511234,3.4284486],[-76.5511234,3.4284576],[-76.5511237,3.4284667],[-76.5511242,3.4284757],[-76.5511254,3.4284888],[-76.5511253,3.4284979],[-76.5511252,3.4285069],[-76.5511252,3.4285159],[-76.5511252,3.428525],[-76.5511252,3.428534],[-76.5511254,3.4285431],[-76.5511255,3.4285521],[-76.5511257,3.4285612],[-76.551126,3.4285702],[-76.5511263,3.4285792],[-76.5511267,3.4285883],[-76.5511271,3.4285973],[-76.5511276,3.4286063],[-76.5511281,3.4286154],[-76.5511287,3.4286244],[-76.5511293,3.4286334],[-76.55113,3.4286424],[-76.5511307,3.4286514],[-76.5511316,3.4286616],[-76.5511307,3.4286706],[-76.5511309,3.4286797],[-76.5511321,3.4286886],[-76.5511343,3.4286974],[-76.5511375,3.4287059],[-76.5511416,3.4287139],[-76.5511466,3.4287214],[-76.5511524,3.4287283],[-76.5511623,3.4287373],[-76.5511418,3.4289687],[-76.5518619,3.4293161],[-76.5518835,3.4293266],[-76.5522666,3.4295114],[-76.5522768,3.4294974],[-76.5522794,3.4294796],[-76.5522806,3.4294707],[-76.5522819,3.4294617],[-76.5522832,3.4294528],[-76.5522845,3.4294438],[-76.5522882,3.4294285],[-76.5522911,3.42942],[-76.5522945,3.4294116],[-76.5522984,3.4294035],[-76.5523038,3.4293926],[-76.5523083,3.4293847],[-76.5523131,3.4293771],[-76.5523183,3.4293697],[-76.5523272,3.4293572],[-76.552333,3.4293502],[-76.552339,3.4293435],[-76.5523453,3.4293371],[-76.552353,3.429328],[-76.5523591,3.4293214],[-76.5523655,3.429315],[-76.5523721,3.4293088],[-76.5523789,3.429303],[-76.5523878,3.4292942],[-76.5523943,3.429288],[-76.5524008,3.4292817],[-76.5524074,3.4292755],[-76.5524139,3.4292694],[-76.5524206,3.4292632],[-76.5524272,3.4292572],[-76.5524367,3.4292506],[-76.5524473,3.429242],[-76.5524549,3.4292372],[-76.552463,3.4292331],[-76.552474,3.4292299],[-76.5524827,3.4292277],[-76.5524915,3.4292257],[-76.5525021,3.4292249],[-76.5525111,3.429225],[-76.5525201,3.4292256],[-76.552529,3.4292269],[-76.5525416,3.4292292],[-76.5525504,3.429231],[-76.5525591,3.4292331],[-76.5525694,3.4292363],[-76.5525783,3.4292376],[-76.5525873,3.4292378],[-76.5526039,3.4292369],[-76.5526117,3.4292323],[-76.5526208,3.4292188],[-76.5526209,3.4292098],[-76.5526203,3.4291953],[-76.5526189,3.4291864],[-76.5526167,3.4291776],[-76.5526138,3.4291691],[-76.5526099,3.4291589],[-76.5526066,3.4291504],[-76.5526034,3.429142],[-76.5526002,3.4291335],[-76.5525969,3.4291251],[-76.5525937,3.4291167],[-76.5525884,3.4291023],[-76.5525866,3.4290935],[-76.5525858,3.4290844],[-76.5525874,3.429072],[-76.5525888,3.4290631],[-76.5525904,3.4290542],[-76.5525932,3.4290425],[-76.5525957,3.4290338],[-76.5525987,3.4290253],[-76.552602,3.4290169],[-76.5526058,3.4290067],[-76.552609,3.4289983],[-76.5526123,3.4289898],[-76.5526156,3.4289814],[-76.552619,3.4289731],[-76.5526254,3.4289556],[-76.5526289,3.4289433],[-76.5526299,3.4289343],[-76.5526296,3.4289253],[-76.5526286,3.4289119],[-76.5526272,3.428903],[-76.5526252,3.4288942],[-76.5526229,3.4288854],[-76.5526202,3.4288768],[-76.5526173,3.4288683],[-76.5526133,3.4288521],[-76.5526102,3.4288436],[-76.5526066,3.4288353],[-76.5526044,3.4288244],[-76.5526023,3.4288156],[-76.5526,3.4288069],[-76.5525975,3.4287982],[-76.5525952,3.4287895],[-76.5525931,3.4287807],[-76.552591,3.4287719],[-76.5525891,3.428763],[-76.5525873,3.4287542],[-76.552585,3.4287418],[-76.552583,3.428733],[-76.5525808,3.4287242],[-76.5525785,3.4287155],[-76.5525759,3.4287068],[-76.5525732,3.4286977],[-76.5525706,3.428689],[-76.5525681,3.4286804],[-76.5525656,3.4286717],[-76.5525632,3.4286629],[-76.5525594,3.428654],[-76.5525558,3.4286457],[-76.5525522,3.4286375],[-76.5525485,3.4286292],[-76.5525447,3.428621],[-76.5525397,3.4286111],[-76.5525361,3.4286028],[-76.5525329,3.4285943],[-76.5525302,3.4285857],[-76.5525205,3.428555],[-76.5525151,3.4285341],[-76.5525178,3.4285213],[-76.5525236,3.4285205],[-76.552529,3.4285236],[-76.5525371,3.4285287],[-76.5525472,3.4285302],[-76.5525549,3.428524],[-76.5525537,3.4285077],[-76.5525456,3.4284863],[-76.5525356,3.4284716],[-76.5536881,3.429014],[-76.5536971,3.4290133],[-76.5537059,3.4290114],[-76.5537163,3.4290073],[-76.5537248,3.4290042],[-76.5537333,3.4290013],[-76.5537418,3.4289985],[-76.5537504,3.4289959],[-76.5537591,3.4289934],[-76.5537678,3.4289911],[-76.5537778,3.4289887],[-76.5537867,3.4289876],[-76.5537956,3.4289864],[-76.5538045,3.4289851],[-76.5538134,3.4289837],[-76.5538223,3.4289822],[-76.5538365,3.4289795],[-76.5538454,3.4289782],[-76.5538543,3.428977],[-76.5538632,3.4289759],[-76.5538721,3.4289748],[-76.5538811,3.4289738],[-76.5538946,3.4289725],[-76.5539036,3.4289716],[-76.5539125,3.4289708],[-76.5539215,3.4289702],[-76.5539305,3.4289696],[-76.5539439,3.428969],[-76.5539528,3.4289678],[-76.5539618,3.4289672],[-76.5539757,3.4289673],[-76.5539846,3.4289669],[-76.5540008,3.4289701],[-76.5540097,3.4289711],[-76.5540204,3.4289736],[-76.5540294,3.428974],[-76.5540384,3.4289743],[-76.5540537,3.4289743],[-76.5540627,3.4289743],[-76.5540717,3.428974],[-76.5540807,3.4289734],[-76.5540918,3.4289722],[-76.5541008,3.4289721],[-76.5541145,3.4289704],[-76.5541288,3.428962],[-76.5541351,3.4289555],[-76.5541408,3.4289485],[-76.554148,3.4289374],[-76.5541526,3.4289296],[-76.5541566,3.4289215],[-76.5541606,3.4289118],[-76.5541629,3.4289031],[-76.5541653,3.4288943],[-76.554168,3.4288857],[-76.5541718,3.4288739],[-76.5541744,3.4288652],[-76.5541767,3.4288565],[-76.5541788,3.4288477],[-76.5541805,3.4288388],[-76.5541821,3.428829],[-76.5541839,3.4288201],[-76.5541855,3.4288112],[-76.5541874,3.4287988],[-76.5541897,3.42879],[-76.5541923,3.4287814],[-76.5541978,3.4287654],[-76.5542005,3.4287568],[-76.5542067,3.4287416],[-76.5542109,3.4287335],[-76.5542158,3.4287259],[-76.5542214,3.4287189],[-76.5542279,3.4287121],[-76.5542349,3.4287064],[-76.5542405,3.4286938],[-76.5542388,3.4286849],[-76.5542378,3.4286759],[-76.5542374,3.4286669],[-76.5542378,3.4286579],[-76.5542391,3.4286475],[-76.5542404,3.4286385],[-76.5542431,3.4286299],[-76.5542502,3.4286166],[-76.5542562,3.4286098],[-76.5542634,3.4285979],[-76.5542698,3.4285915],[-76.5542802,3.4285795],[-76.5542862,3.4285728],[-76.554292,3.4285658],[-76.5542991,3.4285563],[-76.5543043,3.4285489],[-76.5543117,3.4285405],[-76.554318,3.4285247],[-76.55432,3.4285158],[-76.5543217,3.428507],[-76.5543232,3.4284981],[-76.5543253,3.4284814],[-76.5543267,3.4284725],[-76.5543281,3.4284636],[-76.5543296,3.4284546],[-76.5543311,3.4284457],[-76.5543342,3.4284293],[-76.5543361,3.4284204],[-76.5543379,3.4284116],[-76.5543397,3.4284027],[-76.5543414,3.4283938],[-76.5543437,3.4283818],[-76.5543461,3.4283731],[-76.5543481,3.4283643],[-76.5543497,3.4283554],[-76.554351,3.428346],[-76.5543631,3.4283366],[-76.5538412,3.4277935],[-76.5541563,3.4271154],[-76.5543228,3.4271205],[-76.55452,3.4271401],[-76.5547049,3.4271564],[-76.5549665,3.4272054],[-76.5551007,3.4285172],[-76.5550677,3.4285894],[-76.5550687,3.4286154],[-76.5550726,3.4287224],[-76.5550717,3.4287747],[-76.5550715,3.4287867],[-76.5550712,3.4288083],[-76.5550828,3.4288817],[-76.5551065,3.4289642],[-76.5551235,3.4290265],[-76.5551233,3.4290277],[-76.5551166,3.4290812],[-76.5550956,3.429117],[-76.5550333,3.429191],[-76.5549907,3.4292207],[-76.5549572,3.4292461],[-76.5548621,3.429309],[-76.5548463,3.4293298],[-76.5548053,3.4293839],[-76.5547823,3.42944],[-76.5547685,3.4295192],[-76.5547838,3.4296384],[-76.554807,3.4297003],[-76.5548413,3.4297532],[-76.5548808,3.429814],[-76.5548994,3.4298565],[-76.5549046,3.4299099],[-76.5549063,3.429928],[-76.5549079,3.4299439],[-76.554925,3.429993],[-76.5549417,3.4300147],[-76.5549906,3.4300829],[-76.5550372,3.4301528],[-76.5550814,3.4302243],[-76.5551231,3.4302972],[-76.5551623,3.4303716],[-76.5551855,3.4304195],[-76.5551989,3.4304472],[-76.5551991,3.4304475],[-76.555233,3.430524],[-76.5552586,3.4305877],[-76.5552644,3.430602],[-76.5552931,3.430681],[-76.5553191,3.430761],[-76.5553424,3.4308418],[-76.5553564,3.4308974],[-76.5553629,3.4309234],[-76.5553501,3.4309765],[-76.5553354,3.4310291],[-76.5553188,3.4310813],[-76.5553005,3.4311327],[-76.5552899,3.4311596],[-76.555282,3.4311794],[-76.5552804,3.4311836],[-76.5552585,3.4312336],[-76.5552349,3.4312829],[-76.5552298,3.4312936],[-76.5552226,3.4313084],[-76.555206,3.4313442],[-76.5551931,3.4313696],[-76.5551793,3.4313984],[-76.5551205,3.4315123],[-76.5550586,3.4316245],[-76.55502,3.4316901],[-76.5549936,3.431735],[-76.5549432,3.4318258],[-76.5549377,3.431837],[-76.5548604,3.431992],[-76.5548505,3.4320119],[-76.5548082,3.4321069],[-76.5547963,3.4321378],[-76.554771,3.4322035],[-76.5547528,3.4322509],[-76.5547486,3.4322618],[-76.5547113,3.4323587],[-76.5546812,3.4324369],[-76.5546497,3.4325187],[-76.5546415,3.43254],[-76.554623,3.4325882],[-76.5545982,3.4326527],[-76.5545472,3.4327851],[-76.5544789,3.4329626],[-76.5543511,3.4332946],[-76.5542416,3.4335792],[-76.5542345,3.4335972],[-76.5542269,3.433615],[-76.5542187,3.4336325],[-76.55421,3.4336498],[-76.5542008,3.4336668],[-76.554191,3.4336835],[-76.5541807,3.4336999],[-76.5541798,3.4339132],[-76.5541794,3.4340216],[-76.5541793,3.4340519],[-76.5541786,3.434221],[-76.5541784,3.4342617],[-76.5541776,3.4344551],[-76.554177,3.4345932],[-76.5541607,3.4345955],[-76.5541263,3.4346161],[-76.5538374,3.4347253],[-76.5538073,3.43477],[-76.5538163,3.4347875],[-76.5538258,3.4348001],[-76.5538338,3.4348161],[-76.553845,3.4348248],[-76.5538595,3.4348286],[-76.553866,3.4348322],[-76.5538686,3.4348384],[-76.5538676,3.4348511],[-76.5538678,3.4348656],[-76.5538704,3.4348731],[-76.553879,3.4348809],[-76.5538883,3.434888],[-76.553898,3.4348938],[-76.5539129,3.4349072],[-76.5539102,3.4349122],[-76.5539044,3.4349184],[-76.5538923,3.4349311],[-76.5538861,3.4349384],[-76.5538772,3.4349542],[-76.5538732,3.4349628],[-76.5538723,3.4349777],[-76.5538727,3.4349908],[-76.5538727,3.4350029],[-76.5538737,3.4350089],[-76.5538838,3.4350289],[-76.5538912,3.4350411],[-76.553901,3.4350531],[-76.5539091,3.4350645],[-76.5539149,3.4350737],[-76.5539209,3.435085],[-76.5539225,3.4350953],[-76.5539223,3.4351036],[-76.5539216,3.4351125],[-76.5539214,3.4351216],[-76.5539197,3.4351384],[-76.5539181,3.4351538],[-76.5539183,3.4351608],[-76.5539189,3.43517],[-76.5539203,3.435178],[-76.5539229,3.4351849],[-76.5539229,3.4351853],[-76.5539265,3.4351915],[-76.5539277,3.4351961],[-76.5539465,3.4352137],[-76.5539601,3.4352193],[-76.5539745,3.4352198],[-76.5539973,3.4352192],[-76.5540206,3.435219],[-76.5540631,3.4352108],[-76.5540636,3.435216],[-76.5540475,3.4352531],[-76.5540474,3.4352543],[-76.5540469,3.4352599],[-76.5540512,3.4352699],[-76.5540619,3.4352738],[-76.5540726,3.4352753],[-76.5540877,3.435276],[-76.5541057,3.4352765],[-76.5541102,3.4352803],[-76.5541099,3.4352877],[-76.5541052,3.435301],[-76.5540952,3.4353208],[-76.5540902,3.4353374],[-76.55409,3.4353464],[-76.554092,3.4353549],[-76.5541009,3.435364],[-76.5541079,3.4353688],[-76.5541212,3.4353723],[-76.5541385,3.435371],[-76.554168,3.435363],[-76.5541834,3.4353547],[-76.554196,3.4353478],[-76.5542128,3.4353434],[-76.5542204,3.4353435],[-76.5542577,3.4353613],[-76.554275,3.435362],[-76.5542912,3.4353613],[-76.5543099,3.4353575],[-76.5543262,3.4353537],[-76.5543754,3.4353522],[-76.5543947,3.4353533],[-76.5544052,3.4353568],[-76.5544261,3.4353587],[-76.554449,3.4353627],[-76.5544682,3.4353634],[-76.5544835,3.4353696],[-76.5544956,3.4353742],[-76.5545032,3.4353778],[-76.5545302,3.43539],[-76.554551,3.4354002],[-76.554558,3.4354021],[-76.5545623,3.435402],[-76.5545772,3.4353976],[-76.554591,3.4354034],[-76.5545925,3.4354082],[-76.5545928,3.4354083],[-76.5545959,3.4354181],[-76.5545965,3.4354187],[-76.554601,3.4354226],[-76.5546063,3.4354283],[-76.5546171,3.4354365],[-76.5546289,3.4354414],[-76.5546354,3.4354455],[-76.5546521,3.4354623],[-76.5546652,3.4354831],[-76.5546774,3.4355002],[-76.55469,3.435514],[-76.554701,3.4355194],[-76.5547142,3.4355235],[-76.5547326,3.4355262],[-76.5547485,3.4355254],[-76.5547851,3.4355267],[-76.5548006,3.4355266],[-76.5548231,3.4355233],[-76.5548426,3.4355149],[-76.5548563,3.4355131],[-76.554884,3.4355124],[-76.5549177,3.4355136],[-76.5549374,3.4355104],[-76.5549639,3.4355043],[-76.5549797,3.4354962],[-76.5549944,3.4354856],[-76.5550124,3.4354823],[-76.555021,3.4354806],[-76.5550355,3.4354678],[-76.5550412,3.4354603],[-76.5550475,3.4354521],[-76.5550551,3.4354443],[-76.5550632,3.4354475],[-76.5550687,3.4354596],[-76.5550757,3.4354764],[-76.5550954,3.4354934],[-76.5551217,3.4355024],[-76.5551241,3.4355032],[-76.5551449,3.4355093],[-76.5551529,3.4355118],[-76.5551611,3.4355157],[-76.5551662,3.4355203],[-76.5551615,3.4355259],[-76.5551452,3.4355361],[-76.5551152,3.4355486],[-76.5551147,3.4355488],[-76.5550832,3.4355604],[-76.555062,3.4355696],[-76.5550464,3.4355799],[-76.5550267,3.4356015],[-76.5550194,3.4356149],[-76.5550159,3.4356212],[-76.5550067,3.4356443],[-76.5549941,3.4356623],[-76.554974,3.4356765],[-76.5549446,3.4356784],[-76.5549293,3.4356783],[-76.5549082,3.4356848],[-76.5548862,3.4357031],[-76.5548673,3.4357176],[-76.5548644,3.4357198],[-76.5548393,3.4357359],[-76.5548043,3.4357741],[-76.5547811,3.4357939],[-76.5547506,3.4358193],[-76.55473,3.435836],[-76.5547301,3.4358362],[-76.5547287,3.4358362],[-76.5547244,3.4358398],[-76.5547109,3.4358512],[-76.5546996,3.4358587],[-76.5546872,3.4358669],[-76.5546789,3.4358726],[-76.5546595,3.4358845],[-76.55463,3.4358952],[-76.5546062,3.4358988],[-76.5545783,3.435903],[-76.5545573,3.4359019],[-76.5545409,3.4359017],[-76.554526,3.4359015],[-76.5545034,3.4359101],[-76.5544889,3.4359171],[-76.5544657,3.4359317],[-76.5544485,3.4359569],[-76.5544374,3.4359794],[-76.5544287,3.4359997],[-76.5544267,3.4360229],[-76.5544275,3.4360413],[-76.5544231,3.4360544],[-76.5544042,3.4360596],[-76.5543733,3.4360718],[-76.5543565,3.4360887],[-76.5543456,3.4361046],[-76.5543415,3.4361172],[-76.5543356,3.4361289],[-76.5543263,3.4361303],[-76.5543095,3.4361223],[-76.5542882,3.4361044],[-76.5542819,3.4361014],[-76.5542643,3.4360899],[-76.5542375,3.4360709],[-76.5542209,3.4360651],[-76.5542034,3.436064],[-76.5541809,3.4360643],[-76.5541592,3.436078],[-76.5541443,3.4361037],[-76.5541374,3.4361303],[-76.5541354,3.4361573],[-76.5541333,3.4361803],[-76.5541329,3.4362087],[-76.5541339,3.4362291],[-76.5541389,3.4362553],[-76.554144,3.4362774],[-76.5541512,3.4362995],[-76.5541588,3.4363206],[-76.5541633,3.4363408],[-76.5541528,3.4363536],[-76.5541251,3.4363477],[-76.5541066,3.4363424],[-76.55409,3.4363348],[-76.5540784,3.4363272],[-76.554058,3.4363124],[-76.5540394,3.4363031],[-76.5540096,3.4362986],[-76.5539898,3.436296],[-76.5539706,3.4362927],[-76.5539546,3.4362924],[-76.5539263,3.4362912],[-76.5539018,3.4362878],[-76.5538764,3.436292],[-76.5538528,3.4363036],[-76.5538337,3.4363181],[-76.5538223,3.4363316],[-76.5538068,3.4363576],[-76.5537976,3.4363803],[-76.5537867,3.4364118],[-76.5537764,3.4364316],[-76.5537704,3.4364407],[-76.5537575,3.436456],[-76.5537457,3.4364732],[-76.5537356,3.4365004],[-76.5537301,3.436514],[-76.5537168,3.4365376],[-76.5536947,3.4365117],[-76.5536851,3.4364933],[-76.5536741,3.4364784],[-76.5536532,3.4364614],[-76.5536247,3.4364474],[-76.5536018,3.4364447],[-76.55358,3.4364468],[-76.5535526,3.43645],[-76.5535306,3.4364499],[-76.5534997,3.4364536],[-76.5534699,3.4364609],[-76.5534437,3.4364734],[-76.5534154,3.4364933],[-76.5534025,3.4365081],[-76.553379,3.4365252],[-76.5533615,3.436527],[-76.5533372,3.4365218],[-76.5533114,3.436515],[-76.5532879,3.4365062],[-76.5532717,3.4364995],[-76.5532403,3.4364937],[-76.5532065,3.4364966],[-76.5531791,3.4365],[-76.5531486,3.4365039],[-76.553123,3.4365074],[-76.5530956,3.4365184],[-76.553072,3.4365299],[-76.5530477,3.4365435],[-76.5530349,3.4365532],[-76.5530221,3.4365636],[-76.553011,3.4365725],[-76.5529911,3.4365893],[-76.5529473,3.4366203],[-76.5529215,3.4366348],[-76.5528953,3.4366473],[-76.5528707,3.436658],[-76.552843,3.436664],[-76.552812,3.436668],[-76.5527647,3.4366723],[-76.5527529,3.4366788],[-76.5527276,3.4366927],[-76.552688,3.4367283],[-76.5526626,3.4367503],[-76.5526436,3.4367697],[-76.5526153,3.4368048],[-76.5525974,3.436834],[-76.5525899,3.4368507],[-76.5525861,3.4368686],[-76.5525767,3.4368911],[-76.5525707,3.4369046],[-76.5525629,3.436928],[-76.5525585,3.436949],[-76.552553,3.4369741],[-76.5525459,3.4370006],[-76.5525392,3.4370135],[-76.5525257,3.4370334],[-76.552504,3.4370605],[-76.5524887,3.4370769],[-76.5524696,3.4370999],[-76.5524534,3.4371318],[-76.5524479,3.4371519],[-76.5524482,3.4371711],[-76.5524518,3.4371908],[-76.5524596,3.4372036],[-76.5524655,3.4372109],[-76.5524723,3.4372179],[-76.5524755,3.4372226],[-76.5524737,3.4372292],[-76.5524655,3.437234],[-76.5524575,3.4372359],[-76.5524457,3.4372379],[-76.5524432,3.4372387],[-76.552437,3.4372404],[-76.5524278,3.4372438],[-76.5524067,3.4372521],[-76.5523746,3.4372708],[-76.5523564,3.4372873],[-76.5523436,3.4373079],[-76.5523296,3.4373464],[-76.5523255,3.4373601],[-76.5523217,3.4373675],[-76.5523147,3.4373713],[-76.5522896,3.4373706],[-76.5522653,3.4373737],[-76.5522333,3.4373954],[-76.552211,3.4374319],[-76.5522001,3.4374656],[-76.552184,3.4374923],[-76.5521574,3.4375101],[-76.552132,3.4375302],[-76.5521177,3.4375571],[-76.5521057,3.4375841],[-76.5520932,3.4376327],[-76.5520916,3.4376389],[-76.552086,3.437662],[-76.5520729,3.4376602],[-76.5520652,3.4376524],[-76.5520506,3.4376274],[-76.5520394,3.4376157],[-76.5520194,3.4376144],[-76.5520144,3.4376113],[-76.5520113,3.4376002],[-76.5520115,3.4375924],[-76.5520082,3.4375682],[-76.5519852,3.4375528],[-76.5519625,3.4375494],[-76.5519187,3.4375523],[-76.5518806,3.437566],[-76.5518717,3.4375695],[-76.5518453,3.4375833],[-76.5518419,3.43758],[-76.5518405,3.4375742],[-76.551842,3.4375336],[-76.5518403,3.4374993],[-76.5518397,3.4374887],[-76.5518075,3.4374617],[-76.5517832,3.4374454],[-76.5517586,3.4374287],[-76.5517292,3.4374143],[-76.5516858,3.4374008],[-76.5516527,3.4373893],[-76.551626,3.4373796],[-76.5515984,3.4373723],[-76.5515876,3.4373543],[-76.5515864,3.4373343],[-76.551585,3.4372978],[-76.5515778,3.4372782],[-76.5515404,3.4372467],[-76.5515077,3.4372491],[-76.551484,3.4372529],[-76.5514538,3.4372697],[-76.5514484,3.4372758],[-76.5514371,3.4372761],[-76.5514215,3.4372235],[-76.551419,3.4371984],[-76.5514043,3.4371864],[-76.5513894,3.437184],[-76.5513716,3.4371812],[-76.5513208,3.437179],[-76.5512605,3.4371857],[-76.5512602,3.4371858],[-76.5511741,3.4372127],[-76.5511227,3.4372292],[-76.5510707,3.4372346],[-76.551054,3.4372749],[-76.5510273,3.4372684],[-76.5509592,3.4372676],[-76.5509123,3.4372882],[-76.5508502,3.4372952],[-76.5507906,3.4372954],[-76.550762,3.4372941],[-76.5506997,3.437294],[-76.5506719,3.4372881],[-76.5506639,3.4372898],[-76.5506551,3.4373081],[-76.5506184,3.4373109],[-76.550569,3.4373211],[-76.5505131,3.437362],[-76.5504586,3.4374117],[-76.5504054,3.4374635],[-76.5504019,3.4374669],[-76.5503735,3.4374979],[-76.5503511,3.4375408],[-76.5503497,3.4375625],[-76.5503545,3.4375835],[-76.5503665,3.4375949],[-76.5503703,3.4376085],[-76.5503629,3.4376148],[-76.5503472,3.4376293],[-76.5503266,3.4376461],[-76.5503061,3.4376765],[-76.5503021,3.4377007],[-76.5503002,3.4377123],[-76.5502974,3.4377253],[-76.5502796,3.4377365],[-76.5502549,3.4377895],[-76.5502508,3.4378341],[-76.550265,3.4378972],[-76.5502696,3.4379091],[-76.550266,3.4379325],[-76.5502617,3.4379456],[-76.5502555,3.4379641],[-76.5502433,3.4379989],[-76.5502317,3.438058],[-76.5502294,3.4380695],[-76.5502296,3.4381331],[-76.5502266,3.4381731],[-76.5502184,3.4382216],[-76.5502116,3.4382749],[-76.5502116,3.4383179],[-76.5502111,3.4383417],[-76.5502108,3.4383552],[-76.5501992,3.4384009],[-76.550179,3.4384532],[-76.5501668,3.4384964],[-76.55016,3.4385261],[-76.5501514,3.4385632],[-76.5501452,3.4386317],[-76.5501494,3.4386964],[-76.5501441,3.4387403],[-76.5501427,3.4387685],[-76.55015,3.4388097],[-76.5501321,3.4388715],[-76.5501286,3.438883],[-76.5501202,3.4389026],[-76.5501134,3.4389168],[-76.5501056,3.4389391],[-76.5501034,3.4389709],[-76.5500848,3.4389875],[-76.5500742,3.4390055],[-76.5500751,3.4390327],[-76.5500841,3.4390513],[-76.5500917,3.4390738],[-76.5500933,3.4390786],[-76.5501096,3.4391346],[-76.5501112,3.4391596],[-76.5501053,3.4391941],[-76.550097,3.439238],[-76.550111,3.4392843],[-76.5501195,3.4393517],[-76.5501288,3.439379],[-76.5501343,3.4393953],[-76.5501481,3.4394152],[-76.5501585,3.4394299],[-76.5501637,3.4394522],[-76.5501856,3.4395168],[-76.5501861,3.4395826],[-76.5501873,3.4396394],[-76.5501938,3.4396939],[-76.5502097,3.4397399],[-76.5502209,3.4397556],[-76.5502651,3.4397867],[-76.5503112,3.4398013],[-76.5503701,3.4397976],[-76.5503975,3.4397891],[-76.5504121,3.4397764],[-76.550426,3.4397575],[-76.5504314,3.4397343],[-76.5504525,3.4396821],[-76.5504535,3.4396357],[-76.5504557,3.4395691],[-76.550457,3.4395468],[-76.5504647,3.4395164],[-76.5504688,3.439504],[-76.550473,3.4394901],[-76.5504797,3.4394749],[-76.550485,3.4394495],[-76.5504897,3.4394252],[-76.550504,3.4393894],[-76.5505076,3.439379],[-76.5505182,3.4393477],[-76.5505439,3.4392698],[-76.5505566,3.4392268],[-76.550563,3.4391875],[-76.5505682,3.4391366],[-76.5505758,3.4390982],[-76.5505821,3.4390847],[-76.5505891,3.4390846],[-76.5505941,3.4390948],[-76.5505984,3.4391144],[-76.5506064,3.4391385],[-76.5506216,3.4391607],[-76.5506518,3.4391945],[-76.5506834,3.4392363],[-76.5507013,3.439251],[-76.5507071,3.4392589],[-76.5507022,3.4392639],[-76.5506742,3.4392808],[-76.5506644,3.4393093],[-76.5506521,3.4393381],[-76.5506493,3.4393637],[-76.5506519,3.439379],[-76.5506547,3.4393953],[-76.5506574,3.4394107],[-76.5506832,3.4394606],[-76.550703,3.4394925],[-76.5507162,3.4395137],[-76.5507387,3.4395404],[-76.5507573,3.4395738],[-76.5507901,3.4396122],[-76.5508156,3.4396333],[-76.550818,3.4396372],[-76.5508284,3.4396539],[-76.5508399,3.4396852],[-76.5508462,3.4397021],[-76.5508726,3.439736],[-76.5509053,3.4397595],[-76.5509361,3.4397779],[-76.5509442,3.43979],[-76.5509439,3.4397997],[-76.5509423,3.4398413],[-76.5509438,3.4398519],[-76.5509438,3.4398523],[-76.5509439,3.4398523],[-76.5509444,3.4398558],[-76.5509468,3.4398658],[-76.5509497,3.4398756],[-76.5509912,3.439879],[-76.5511661,3.4398933],[-76.5511678,3.4398982],[-76.5511692,3.4399015],[-76.5511704,3.4399052],[-76.5511725,3.4399113],[-76.5511739,3.439916],[-76.5511751,3.4399207],[-76.5511765,3.4399256],[-76.5511777,3.4399303],[-76.5511788,3.439935],[-76.5511799,3.4399401],[-76.5511809,3.4399452],[-76.5511821,3.4399503],[-76.5511836,3.4399549],[-76.551185,3.4399596],[-76.5511869,3.4399659],[-76.5511881,3.4399701],[-76.5511894,3.4399752],[-76.5511921,3.439985],[-76.5511935,3.43999],[-76.5511955,3.4399978],[-76.5511967,3.4400031],[-76.5511983,3.4400086],[-76.5512008,3.440017],[-76.5512027,3.4400238],[-76.5512045,3.4400296],[-76.5512062,3.4400354],[-76.5512079,3.4400407],[-76.5512098,3.4400483],[-76.5512105,3.4400519],[-76.551211,3.4400553],[-76.5512113,3.4400567],[-76.5512119,3.440061],[-76.5512123,3.4400651],[-76.5512125,3.4400691],[-76.5512127,3.4400729],[-76.5512128,3.4400771],[-76.5512128,3.4400817],[-76.551213,3.4400864],[-76.5512131,3.4400896],[-76.5512134,3.4400952],[-76.5512134,3.4401011],[-76.5512134,3.4401042],[-76.5512131,3.4401105],[-76.551213,3.4401166],[-76.5512125,3.4401225],[-76.5512118,3.4401284],[-76.5512109,3.4401338],[-76.5512103,3.4401396],[-76.5512097,3.4401459],[-76.551209,3.4401525],[-76.5512088,3.4401545],[-76.5512083,3.4401591],[-76.5512079,3.4401628],[-76.5512079,3.4401631],[-76.5512074,3.4401661],[-76.5512039,3.4401817],[-76.5512023,3.4401973],[-76.5511969,3.440217],[-76.5511967,3.4402316],[-76.551195,3.4402463],[-76.5511949,3.4402469],[-76.5511946,3.440252],[-76.551194,3.4402603],[-76.5511933,3.4402641],[-76.551193,3.4402684],[-76.5511926,3.4402732],[-76.551192,3.4402778],[-76.5511916,3.4402825],[-76.5511912,3.4402871],[-76.5511911,3.4402919],[-76.5511911,3.4402967],[-76.551191,3.440301],[-76.5511908,3.4403045],[-76.5511907,3.4403051],[-76.5511906,3.4403107],[-76.5511901,3.4403168],[-76.5511895,3.4403248],[-76.5511895,3.4403282],[-76.551189,3.4403343],[-76.5511889,3.4403379],[-76.5511889,3.4403419],[-76.5511888,3.4403458],[-76.5511888,3.4403492],[-76.5511889,3.4403526],[-76.5511889,3.4403558],[-76.5511888,3.4403591],[-76.5511888,3.4403627],[-76.5511891,3.4403689],[-76.5511891,3.4403723],[-76.5511894,3.4403776],[-76.5511898,3.4403823],[-76.5511899,3.4403874],[-76.5511911,3.4403935],[-76.5511927,3.4404001],[-76.5511935,3.4404039],[-76.551194,3.4404073],[-76.5511947,3.4404136],[-76.5511953,3.440417],[-76.5511959,3.4404208],[-76.5511965,3.4404252],[-76.5511974,3.4404287],[-76.551201,3.4404373],[-76.5512049,3.4404401],[-76.5512096,3.4404418],[-76.5512131,3.4404414],[-76.5512233,3.4404396],[-76.551253,3.4404247],[-76.5512695,3.440421],[-76.551303,3.4404103],[-76.5513183,3.4404047],[-76.5513404,3.4403994],[-76.5513596,3.4403962],[-76.5513788,3.4403904],[-76.5513917,3.4403839],[-76.5514083,3.4403732],[-76.5514321,3.4403595],[-76.5514557,3.4403611],[-76.5514641,3.4403648],[-76.5514756,3.4403753],[-76.5514857,3.4403884],[-76.5514925,3.4404023],[-76.5515013,3.440421],[-76.5515137,3.440428],[-76.5515315,3.4404273],[-76.5515479,3.4404189],[-76.5515592,3.4404138],[-76.5515715,3.4404108],[-76.5515908,3.4404102],[-76.5516057,3.4404096],[-76.5516139,3.4404085],[-76.5516192,3.4404078],[-76.5517308,3.4402469],[-76.5517702,3.4401901],[-76.5518019,3.4401445],[-76.5519056,3.439995],[-76.5519076,3.4399921],[-76.5519117,3.4399862],[-76.5519278,3.439995],[-76.5519768,3.4400216],[-76.5520606,3.4400671],[-76.5521047,3.4401056],[-76.5521232,3.4401218],[-76.5521532,3.440148],[-76.5521608,3.4401614],[-76.5521774,3.4401905],[-76.5521798,3.4401947],[-76.5522095,3.4402469],[-76.5522499,3.440318],[-76.5522635,3.4403513],[-76.5523118,3.4404695],[-76.5524199,3.4407342],[-76.5525086,3.4409514],[-76.5525537,3.4409348],[-76.5529566,3.4407867],[-76.5529823,3.4407759],[-76.5529824,3.4407759],[-76.5530229,3.4407589],[-76.5530287,3.4407597],[-76.5530875,3.4407675],[-76.5531244,3.4408705],[-76.5531995,3.4410067],[-76.5532455,3.4411089],[-76.5532783,3.4411677],[-76.5533012,3.4412086],[-76.5533375,3.4412913],[-76.5533689,3.4413619],[-76.5534077,3.4414202],[-76.5534585,3.4414689],[-76.5535287,3.44152],[-76.5535989,3.4415637],[-76.5536715,3.4416051],[-76.5537538,3.441644],[-76.5538289,3.4416805],[-76.5538797,3.4417024],[-76.5539523,3.4417218],[-76.5540274,3.4417486],[-76.5541,3.44179],[-76.5541436,3.441824],[-76.5542114,3.4418727],[-76.5542864,3.4419237],[-76.5543735,3.4419918],[-76.5544413,3.4420551],[-76.5544849,3.4421062],[-76.5545575,3.4421524],[-76.5546447,3.4422059],[-76.5547173,3.4422448],[-76.5547923,3.442291],[-76.554817,3.4423114],[-76.5548746,3.4423591],[-76.5549303,3.4424005],[-76.5549811,3.4424467],[-76.5550078,3.4424783],[-76.5550392,3.4425172],[-76.555061,3.4425489],[-76.5550756,3.4425878],[-76.5550901,3.442634],[-76.5550973,3.4426851],[-76.5550949,3.4427216],[-76.5550901,3.4427629],[-76.5550877,3.4428091],[-76.5550756,3.4428651],[-76.5550635,3.442904],[-76.5550489,3.4429454],[-76.555032,3.4429843],[-76.5550126,3.4430232],[-76.5549877,3.4430654],[-76.555016,3.4431053],[-76.5550734,3.443186],[-76.5551216,3.4432539],[-76.555247,3.4434303],[-76.5553046,3.4435114],[-76.5553823,3.4436207],[-76.5556537,3.4440026],[-76.5556808,3.4440406],[-76.5557968,3.4442038],[-76.5558355,3.4442582],[-76.5559573,3.4444296],[-76.5560838,3.4446076],[-76.5561661,3.4447234],[-76.5562341,3.4448192],[-76.5562562,3.4448502],[-76.5562782,3.4448812],[-76.5563533,3.4449868],[-76.5564542,3.4451288],[-76.5565376,3.4452462],[-76.5565897,3.4453194],[-76.5566196,3.4453615],[-76.5566723,3.4454356],[-76.5567502,3.4455452],[-76.5568066,3.4456159],[-76.5568146,3.4456267],[-76.5568582,3.4456851],[-76.5570057,3.4456358],[-76.5571042,3.4453622],[-76.5572631,3.4453698],[-76.5572563,3.4457295],[-76.5572554,3.4457804],[-76.5573746,3.4457946],[-76.5573748,3.4457957],[-76.5573819,3.4458494],[-76.5573962,3.4459576],[-76.5573876,3.4461738],[-76.5573864,3.4461762],[-76.5573674,3.4462168],[-76.5574597,3.446216],[-76.5575364,3.4462156],[-76.5575834,3.4462173],[-76.5576781,3.4462203],[-76.5577821,3.4462237],[-76.5580469,3.4462367],[-76.5582379,3.4462439],[-76.5584057,3.4462505],[-76.5585333,3.4462513],[-76.5585448,3.4462904],[-76.5585663,3.4463901],[-76.5586036,3.4465123],[-76.5586059,3.4467422],[-76.5586294,3.4468279],[-76.5586369,3.4469063],[-76.5586403,3.4469419],[-76.5586407,3.4470531],[-76.5586407,3.4470533],[-76.5586407,3.447059],[-76.5586167,3.447086],[-76.5585994,3.4471054],[-76.5585948,3.4471106],[-76.5585947,3.4471107],[-76.5585837,3.4471231],[-76.5585684,3.4471403],[-76.5585326,3.4471624],[-76.5584531,3.4472116],[-76.558448,3.4472147],[-76.5584336,3.4472236],[-76.5584044,3.4472319],[-76.5583803,3.4472387],[-76.558324,3.4472546],[-76.558274,3.4472688],[-76.5581635,3.4473],[-76.5581629,3.4473002],[-76.5581596,3.4473011],[-76.5581485,3.4473043],[-76.5581108,3.4473149],[-76.5580383,3.4473351],[-76.5579748,3.4473456],[-76.5578475,3.4473667],[-76.5578025,3.4473741],[-76.5577797,3.4473804],[-76.5577055,3.4474009],[-76.5576419,3.4474184],[-76.5574863,3.4474509],[-76.5574307,3.4474625],[-76.5574124,3.4474663],[-76.5573871,3.4474716],[-76.557341,3.4474847],[-76.5572663,3.447506],[-76.5571817,3.4475301],[-76.5571654,3.4475347],[-76.5571539,3.4475403],[-76.5571133,3.4475598],[-76.5570132,3.4476078],[-76.5569176,3.447665],[-76.5569005,3.4476752],[-76.5568742,3.4476909],[-76.5568699,3.4476941],[-76.5568699,3.4476944],[-76.5568152,3.4477376],[-76.5567279,3.4478067],[-76.5566837,3.4478418],[-76.5566686,3.4478537],[-76.5566587,3.4478615],[-76.5566577,3.4478605],[-76.5566553,3.4478583],[-76.5565587,3.44777],[-76.5565137,3.4477339],[-76.5563967,3.4476796],[-76.5563517,3.4476615],[-76.5563337,3.4476615],[-76.5562977,3.4476615],[-76.5562527,3.4476615],[-76.5562257,3.4476705],[-76.5561897,3.4476796],[-76.5561447,3.4476977],[-76.5560817,3.4477248],[-76.5560727,3.4477338],[-76.5559647,3.4478062],[-76.5559107,3.4478514],[-76.5558117,3.4479509],[-76.5557757,3.447987],[-76.5557307,3.4480142],[-76.5556947,3.4480323],[-76.5556587,3.4480503],[-76.5556137,3.4480684],[-76.5556047,3.4480684],[-76.555481,3.4480917]]]}},{"type":"Feature","properties":{"comuna":15,"nombre":"Comuna 15","shape_leng":10667.01,"shape_area":4137507.427},"geometry":{"type":"Polygon","coordinates":[[[-76.4866809,3.4183691],[-76.4863571,3.4181968],[-76.4863281,3.4190697],[-76.4860255,3.4190875],[-76.4858083,3.4190875],[-76.4856624,3.4190845],[-76.4855315,3.4190606],[-76.4853946,3.4190516],[-76.4852785,3.4190187],[-76.4851714,3.4189798],[-76.4850493,3.418917],[-76.4849154,3.4188183],[-76.4847279,3.4186897],[-76.4845583,3.4185371],[-76.484344,3.4183337],[-76.4842924,3.4182763],[-76.4841505,3.4181184],[-76.4840493,3.4180256],[-76.4839983,3.4179714],[-76.4839452,3.417915],[-76.483847,3.4178432],[-76.4837517,3.4177804],[-76.4836892,3.4177295],[-76.483594,3.4176009],[-76.4835349,3.4174698],[-76.4835226,3.4174424],[-76.4834839,3.4172988],[-76.483482,3.4172779],[-76.483472,3.4171642],[-76.4835018,3.4169698],[-76.4835315,3.4168442],[-76.4835583,3.4167575],[-76.4836,3.4166558],[-76.4836119,3.416599],[-76.4836268,3.4164913],[-76.4836238,3.4163268],[-76.4835821,3.4161743],[-76.4835226,3.4160546],[-76.4834631,3.4159589],[-76.4833649,3.4158602],[-76.4832845,3.4158064],[-76.4831804,3.4157615],[-76.4830643,3.4157136],[-76.4829899,3.4156598],[-76.4829274,3.415594],[-76.4828857,3.4154803],[-76.4828589,3.4153428],[-76.482883,3.415151],[-76.4828835,3.4151511],[-76.4828839,3.4151487],[-76.4828841,3.4151475],[-76.4828845,3.4151452],[-76.4828866,3.415134],[-76.4828875,3.4151288],[-76.4828974,3.4150744],[-76.482913,3.4149884],[-76.4829206,3.4149462],[-76.4829222,3.4149281],[-76.4829293,3.4148474],[-76.4829332,3.4148028],[-76.4829343,3.41479],[-76.4829396,3.4147205],[-76.4829438,3.4146645],[-76.482944,3.4146592],[-76.4829441,3.4146555],[-76.4829445,3.4146465],[-76.4829451,3.4146374],[-76.4829459,3.4146284],[-76.4829467,3.4146194],[-76.4829476,3.4146104],[-76.4829487,3.4146014],[-76.4829498,3.4145925],[-76.4829512,3.4145835],[-76.4829526,3.4145746],[-76.4829531,3.4145718],[-76.4829541,3.4145657],[-76.4829557,3.4145568],[-76.4829575,3.4145479],[-76.4829594,3.4145391],[-76.4829596,3.4145383],[-76.4829614,3.4145302],[-76.4829635,3.4145215],[-76.4829657,3.4145127],[-76.482968,3.414504],[-76.4829705,3.4144953],[-76.4829731,3.4144866],[-76.4829755,3.4144788],[-76.4829758,3.414478],[-76.4829809,3.4144624],[-76.4830181,3.4143894],[-76.4830212,3.414381],[-76.4830236,3.4143749],[-76.4830246,3.4143725],[-76.4830282,3.4143643],[-76.4830321,3.4143561],[-76.4830363,3.4143481],[-76.4830407,3.4143402],[-76.4830454,3.4143325],[-76.4830502,3.4143249],[-76.4830554,3.4143174],[-76.4830608,3.4143102],[-76.4830664,3.4143032],[-76.4830668,3.4143027],[-76.4830723,3.4142962],[-76.4830783,3.4142895],[-76.4830846,3.414283],[-76.483091,3.4142767],[-76.4830976,3.4142707],[-76.4831045,3.4142648],[-76.4831144,3.414257],[-76.4831384,3.4142376],[-76.4832006,3.4141873],[-76.4832429,3.4141499],[-76.4832504,3.414145],[-76.4832578,3.4141398],[-76.4832652,3.4141346],[-76.4832724,3.4141292],[-76.4832796,3.4141238],[-76.4832865,3.4141183],[-76.4832866,3.4141182],[-76.4832937,3.4141125],[-76.4832989,3.4141081],[-76.4833006,3.4141067],[-76.4833074,3.4141009],[-76.4833141,3.4140948],[-76.4833207,3.4140887],[-76.4833273,3.4140825],[-76.4833337,3.4140761],[-76.48334,3.4140697],[-76.4833463,3.4140632],[-76.4833524,3.4140566],[-76.4833584,3.4140498],[-76.4833643,3.4140431],[-76.4833702,3.4140361],[-76.4833759,3.4140291],[-76.48338,3.414024],[-76.4833815,3.4140221],[-76.483387,3.4140149],[-76.4833923,3.4140077],[-76.4833976,3.4140003],[-76.4834027,3.4139929],[-76.4834078,3.4139854],[-76.4834114,3.4139798],[-76.4834127,3.4139779],[-76.4834175,3.4139702],[-76.4834237,3.4139598],[-76.4834285,3.4139521],[-76.483433,3.4139443],[-76.4834373,3.4139363],[-76.4834413,3.4139283],[-76.4834451,3.4139201],[-76.4834486,3.4139117],[-76.4834519,3.4139033],[-76.4834543,3.4138968],[-76.483455,3.4138948],[-76.4834578,3.4138862],[-76.4834602,3.4138775],[-76.4834625,3.4138688],[-76.4834645,3.4138599],[-76.4834655,3.4138551],[-76.4834662,3.413851],[-76.4834677,3.4138421],[-76.4834689,3.4138332],[-76.4834698,3.4138242],[-76.4834704,3.4138152],[-76.4834708,3.4138061],[-76.4834709,3.4137971],[-76.4834709,3.4137954],[-76.4834707,3.413788],[-76.4834703,3.413779],[-76.4834696,3.41377],[-76.4834686,3.413761],[-76.4834669,3.4137492],[-76.4834483,3.4136965],[-76.4834348,3.4136456],[-76.4834347,3.413642],[-76.4834348,3.4136185],[-76.4834601,3.4136014],[-76.4834973,3.4135726],[-76.4835345,3.413542],[-76.4836236,3.4134811],[-76.4836562,3.4134588],[-76.483712,3.4134164],[-76.4837128,3.4134159],[-76.4837964,3.4133739],[-76.4839232,3.4133162],[-76.4840314,3.4132737],[-76.4841536,3.4132239],[-76.4841776,3.413214],[-76.4843789,3.4131318],[-76.4849051,3.4129169],[-76.4849532,3.4128973],[-76.4849668,3.4128918],[-76.4854122,3.4127139],[-76.4857047,3.4125971],[-76.4859022,3.4125183],[-76.4859998,3.4124766],[-76.4861518,3.4124116],[-76.4865885,3.4122251],[-76.486765,3.4121498],[-76.4867979,3.4121252],[-76.4868444,3.4120904],[-76.4871161,3.4119237],[-76.4872043,3.4118696],[-76.4874633,3.4117107],[-76.4874976,3.4116896],[-76.4876361,3.4116038],[-76.487766,3.4115233],[-76.4877798,3.4115148],[-76.4880831,3.4113309],[-76.4883038,3.4111972],[-76.4885341,3.4110576],[-76.4886628,3.4109795],[-76.4888729,3.4108522],[-76.4889934,3.4107791],[-76.4890347,3.4107541],[-76.4890658,3.4107358],[-76.4892882,3.4106047],[-76.4893465,3.4105594],[-76.4894369,3.4104892],[-76.4895672,3.4103583],[-76.489606,3.4103193],[-76.4896739,3.4102686],[-76.4898178,3.4101612],[-76.4899203,3.4101046],[-76.4901227,3.4099862],[-76.4901776,3.4099501],[-76.4902014,3.4099344],[-76.4904123,3.4097957],[-76.490647,3.4096358],[-76.490707,3.4095949],[-76.4907216,3.4095854],[-76.4907857,3.4095371],[-76.4910024,3.4093738],[-76.4911007,3.4092997],[-76.4911374,3.4092678],[-76.4912921,3.409133],[-76.4913412,3.4090903],[-76.491414,3.409027],[-76.4916124,3.4088486],[-76.4916701,3.4087738],[-76.4917122,3.4087194],[-76.4918474,3.4085443],[-76.4918663,3.4085206],[-76.4919873,3.4083691],[-76.4920978,3.4082306],[-76.4921922,3.4081124],[-76.4922494,3.4080407],[-76.492311,3.4079459],[-76.4923855,3.407831],[-76.4925241,3.4076175],[-76.4925678,3.4075502],[-76.492641,3.4074373],[-76.4927241,3.4073171],[-76.4928048,3.4072005],[-76.4929622,3.4069727],[-76.4930278,3.4068778],[-76.4930327,3.4068708],[-76.4931774,3.4067119],[-76.4932821,3.406597],[-76.4933146,3.4065613],[-76.4935503,3.4063469],[-76.4936245,3.4062794],[-76.4938106,3.4061101],[-76.4940193,3.4059563],[-76.4942022,3.4058216],[-76.4942533,3.405799],[-76.4943352,3.4057627],[-76.4945619,3.4056623],[-76.4945876,3.4056509],[-76.4946522,3.4056117],[-76.4947574,3.405548],[-76.494875,3.4054735],[-76.4948804,3.4054703],[-76.4950025,3.4053972],[-76.4951016,3.4053378],[-76.495168,3.4052939],[-76.4952547,3.4052365],[-76.4954247,3.4051241],[-76.4954589,3.4051014],[-76.4955435,3.405047],[-76.4957378,3.4049219],[-76.4957379,3.4049218],[-76.4958373,3.4048505],[-76.4958903,3.4048125],[-76.4959413,3.4047673],[-76.4960385,3.4046811],[-76.4960678,3.4046517],[-76.4961512,3.4045678],[-76.4961561,3.4045629],[-76.4962563,3.4044622],[-76.496276,3.4044474],[-76.4964164,3.4043416],[-76.4965003,3.4042783],[-76.4965122,3.4042677],[-76.4966606,3.4041345],[-76.4967052,3.4040944],[-76.4967395,3.4040643],[-76.4969139,3.4039109],[-76.4969491,3.4038799],[-76.4969741,3.403858],[-76.4971713,3.403685],[-76.4972212,3.4036413],[-76.4972237,3.4036391],[-76.4973969,3.4034863],[-76.4975138,3.4033832],[-76.4976159,3.4032932],[-76.4976611,3.4032536],[-76.4977351,3.4031887],[-76.4977895,3.403141],[-76.4979453,3.403035],[-76.4980418,3.4029694],[-76.4980555,3.4029601],[-76.4980664,3.4029524],[-76.4980737,3.4029471],[-76.498081,3.4029419],[-76.4980884,3.4029367],[-76.4980957,3.4029314],[-76.4981031,3.4029262],[-76.4981104,3.4029209],[-76.4981177,3.4029157],[-76.4981251,3.4029105],[-76.4981324,3.4029052],[-76.4981397,3.4028999],[-76.498147,3.4028946],[-76.4981543,3.4028893],[-76.4981616,3.4028841],[-76.4981689,3.4028788],[-76.4981762,3.4028735],[-76.4981835,3.4028682],[-76.4981908,3.4028629],[-76.4981981,3.4028576],[-76.4982054,3.4028523],[-76.4982127,3.402847],[-76.4982199,3.4028417],[-76.4982272,3.4028364],[-76.4982345,3.402831],[-76.4982418,3.4028257],[-76.498249,3.4028203],[-76.4982515,3.4028185],[-76.4982563,3.402815],[-76.4982636,3.4028097],[-76.4982708,3.4028043],[-76.4982781,3.4027989],[-76.4982853,3.4027936],[-76.4982925,3.4027882],[-76.4982998,3.4027828],[-76.498307,3.4027774],[-76.4983143,3.4027721],[-76.4983214,3.4027667],[-76.4983287,3.4027613],[-76.4983359,3.4027559],[-76.4983432,3.4027505],[-76.4983503,3.4027451],[-76.4983576,3.4027397],[-76.4983647,3.4027343],[-76.4983691,3.402731],[-76.498372,3.4027288],[-76.4983792,3.4027234],[-76.4983863,3.402718],[-76.4983936,3.4027126],[-76.4984007,3.4027072],[-76.4984079,3.4027017],[-76.4984151,3.4026962],[-76.4984223,3.4026908],[-76.4984294,3.4026853],[-76.4984366,3.4026799],[-76.4984438,3.4026744],[-76.4984509,3.4026689],[-76.4984581,3.4026634],[-76.4984653,3.402658],[-76.4984725,3.4026525],[-76.4984796,3.402647],[-76.4984867,3.4026415],[-76.4984939,3.402636],[-76.498501,3.4026305],[-76.4985082,3.402625],[-76.4985153,3.4026194],[-76.4985224,3.4026139],[-76.4985295,3.4026084],[-76.4985326,3.402606],[-76.4985366,3.4026029],[-76.4985438,3.4025974],[-76.4985509,3.4025918],[-76.498558,3.4025863],[-76.4985651,3.4025807],[-76.4985722,3.4025751],[-76.4985793,3.4025696],[-76.4985864,3.402564],[-76.4985935,3.4025585],[-76.4986006,3.4025529],[-76.4986077,3.4025473],[-76.4986148,3.4025417],[-76.4986218,3.4025361],[-76.4986289,3.4025305],[-76.4986359,3.402525],[-76.498643,3.4025194],[-76.4986469,3.4025162],[-76.4986501,3.4025137],[-76.4986572,3.4025082],[-76.4986642,3.4025025],[-76.4986712,3.4024969],[-76.4986783,3.4024913],[-76.4986854,3.4024857],[-76.4986924,3.40248],[-76.4986994,3.4024744],[-76.4987064,3.4024687],[-76.4987135,3.4024631],[-76.4987205,3.4024574],[-76.4987275,3.4024518],[-76.4987345,3.4024461],[-76.4987415,3.4024405],[-76.4987486,3.4024348],[-76.4987556,3.4024291],[-76.4987626,3.4024235],[-76.4987696,3.4024177],[-76.4987765,3.4024121],[-76.4987836,3.4024064],[-76.4987905,3.4024006],[-76.4987975,3.402395],[-76.4988004,3.4023926],[-76.4988023,3.4023911],[-76.4988045,3.4023893],[-76.4988115,3.4023835],[-76.4988184,3.4023778],[-76.4988254,3.4023721],[-76.4988324,3.4023664],[-76.4988393,3.4023606],[-76.4988463,3.4023549],[-76.4988533,3.4023491],[-76.4988631,3.4023382],[-76.4988691,3.4023315],[-76.4988751,3.4023248],[-76.4988811,3.402318],[-76.4988847,3.4023139],[-76.4988871,3.4023112],[-76.498893,3.4023044],[-76.498899,3.4022976],[-76.4989049,3.4022909],[-76.4989108,3.402284],[-76.4989167,3.4022772],[-76.4989196,3.4022739],[-76.4989226,3.4022704],[-76.4989285,3.4022635],[-76.4989344,3.4022567],[-76.4989402,3.4022498],[-76.4989461,3.4022429],[-76.4989519,3.402236],[-76.4989577,3.4022291],[-76.4989635,3.4022222],[-76.4989693,3.4022153],[-76.498975,3.4022083],[-76.4989808,3.4022014],[-76.4989866,3.4021944],[-76.4989923,3.4021875],[-76.4989925,3.4021872],[-76.498998,3.4021805],[-76.4990037,3.4021735],[-76.4990061,3.4021706],[-76.4990094,3.4021665],[-76.4990151,3.4021595],[-76.4990207,3.4021525],[-76.4990264,3.4021454],[-76.4990321,3.4021384],[-76.4990377,3.4021313],[-76.4990433,3.4021243],[-76.4990489,3.4021171],[-76.4990545,3.4021101],[-76.49906,3.4021029],[-76.4990656,3.4020959],[-76.4990711,3.4020887],[-76.4990767,3.4020816],[-76.4990822,3.4020745],[-76.4990841,3.402072],[-76.4990877,3.4020673],[-76.4990932,3.4020601],[-76.4990986,3.402053],[-76.4991041,3.4020458],[-76.4991062,3.402043],[-76.4991095,3.4020386],[-76.499115,3.4020314],[-76.4991204,3.4020242],[-76.4991259,3.4020169],[-76.4991312,3.4020097],[-76.4991366,3.4020024],[-76.499142,3.4019951],[-76.4991473,3.4019879],[-76.4991526,3.4019806],[-76.499158,3.4019733],[-76.4991633,3.401966],[-76.4991686,3.4019587],[-76.4991719,3.4019541],[-76.4991739,3.4019514],[-76.4991792,3.4019441],[-76.4991844,3.4019367],[-76.4991896,3.4019294],[-76.4991915,3.4019267],[-76.4991948,3.401922],[-76.4992,3.4019146],[-76.4992052,3.4019072],[-76.4992104,3.4018998],[-76.4992156,3.4018924],[-76.4992207,3.401885],[-76.4992258,3.4018776],[-76.499231,3.4018702],[-76.4992361,3.4018627],[-76.4992412,3.4018552],[-76.4992463,3.4018478],[-76.4992464,3.4018477],[-76.4992514,3.4018403],[-76.4992564,3.4018329],[-76.4992614,3.4018254],[-76.4992634,3.4018224],[-76.4992665,3.4018178],[-76.4992715,3.4018103],[-76.4992765,3.4018028],[-76.4992815,3.4017953],[-76.4992864,3.4017877],[-76.4992914,3.4017801],[-76.4992963,3.4017726],[-76.4993012,3.401765],[-76.4993061,3.4017575],[-76.4993111,3.4017498],[-76.4993159,3.4017423],[-76.4993208,3.4017347],[-76.4993256,3.401727],[-76.4993292,3.4017213],[-76.4993305,3.4017194],[-76.4993352,3.4017118],[-76.4993401,3.4017041],[-76.4993433,3.401699],[-76.4993449,3.4016965],[-76.4993497,3.4016888],[-76.4993544,3.4016812],[-76.4993592,3.4016735],[-76.4993639,3.4016658],[-76.4993686,3.4016581],[-76.4993997,3.401603],[-76.4994142,3.4015773],[-76.4994591,3.4014978],[-76.499469,3.4014788],[-76.4994818,3.4014542],[-76.4995325,3.4013569],[-76.4995382,3.4013467],[-76.4995456,3.4013336],[-76.4996058,3.4012269],[-76.4996102,3.4012185],[-76.4996179,3.4012039],[-76.4996738,3.4010973],[-76.499684,3.4010778],[-76.4996899,3.4010666],[-76.4997358,3.4009819],[-76.4997492,3.4009572],[-76.4997955,3.4008716],[-76.4997979,3.4008666],[-76.4998058,3.4008498],[-76.4998528,3.4007501],[-76.4998538,3.4007481],[-76.4998645,3.4007273],[-76.4999013,3.4006555],[-76.4999272,3.4006052],[-76.499969,3.4005238],[-76.4999782,3.4005059],[-76.4999918,3.4004794],[-76.5000354,3.4003931],[-76.5000453,3.4003734],[-76.5001039,3.4002574],[-76.5001131,3.4002391],[-76.5001449,3.4001762],[-76.5001714,3.4001268],[-76.5001803,3.4001101],[-76.5002333,3.4000115],[-76.5002413,3.3999959],[-76.5002481,3.3999826],[-76.5003045,3.3998729],[-76.5003078,3.3998667],[-76.5003158,3.3998521],[-76.5003798,3.3997346],[-76.5003884,3.3997187],[-76.5004166,3.399667],[-76.5004527,3.3995977],[-76.5004599,3.399584],[-76.500524,3.3994611],[-76.5005307,3.3994483],[-76.500533,3.3994439],[-76.5005904,3.399338],[-76.5005967,3.3993264],[-76.5006128,3.3992965],[-76.5006542,3.3992134],[-76.5006651,3.3991915],[-76.5006883,3.3991449],[-76.5007198,3.399089],[-76.5007324,3.3990665],[-76.500781,3.3989802],[-76.5007922,3.3989578],[-76.5007994,3.3989434],[-76.5008585,3.3988244],[-76.5008665,3.3988085],[-76.5008931,3.3987549],[-76.5009322,3.3986801],[-76.5009408,3.3986636],[-76.5009861,3.3985769],[-76.5010028,3.3985451],[-76.5010074,3.3985361],[-76.5010381,3.3984766],[-76.5010517,3.3984503],[-76.5011023,3.3983519],[-76.5011115,3.3983346],[-76.5011173,3.3983236],[-76.5011783,3.398209],[-76.5011864,3.3981938],[-76.5011867,3.3981931],[-76.5012452,3.3980785],[-76.5012539,3.3980614],[-76.501277,3.3980162],[-76.5013201,3.3979347],[-76.5013258,3.3979239],[-76.5013848,3.3978125],[-76.5013922,3.3977979],[-76.5013991,3.3977845],[-76.5014609,3.3976637],[-76.5014624,3.3976608],[-76.5014676,3.3976508],[-76.5015302,3.3975301],[-76.5015375,3.3975159],[-76.5015444,3.3975027],[-76.5015997,3.3973949],[-76.501608,3.3973787],[-76.5016134,3.3973683],[-76.5016669,3.3972722],[-76.5016767,3.3972547],[-76.5017039,3.3972058],[-76.5017328,3.3971501],[-76.501742,3.3971325],[-76.5017837,3.397052],[-76.5018048,3.3970157],[-76.5018119,3.3970036],[-76.5018755,3.3968942],[-76.5018808,3.3968852],[-76.5018849,3.396877],[-76.5019429,3.3967634],[-76.5019526,3.3967444],[-76.5020004,3.3966505],[-76.5020118,3.3966283],[-76.5020123,3.3966274],[-76.5020658,3.3965234],[-76.502077,3.3965016],[-76.5021093,3.3964389],[-76.5021297,3.3963994],[-76.5021404,3.3963788],[-76.502196,3.3962711],[-76.5021977,3.3962678],[-76.502206,3.3962522],[-76.5022624,3.3961464],[-76.5022632,3.3961448],[-76.5022704,3.39613],[-76.5023248,3.3960181],[-76.5023333,3.3960005],[-76.5023508,3.3959644],[-76.5023836,3.3958942],[-76.5023886,3.3958836],[-76.5024327,3.3957889],[-76.5024426,3.3957706],[-76.5024499,3.3957569],[-76.5025093,3.3956463],[-76.502521,3.3956244],[-76.5025362,3.3955961],[-76.5025765,3.3955246],[-76.5025891,3.3955023],[-76.5026009,3.3954813],[-76.5026469,3.3953986],[-76.5026561,3.3953821],[-76.5026829,3.3953339],[-76.5027111,3.3952792],[-76.5027204,3.3952613],[-76.5027258,3.3952508],[-76.5027587,3.3951867],[-76.5027831,3.3951395],[-76.5028101,3.395087],[-76.5028522,3.3950105],[-76.5029007,3.3949223],[-76.5029121,3.3948977],[-76.5029999,3.3947078],[-76.50301,3.3946856],[-76.5030361,3.3946282],[-76.5031228,3.394437],[-76.5031437,3.3943942],[-76.5031794,3.3943207],[-76.5032199,3.3942377],[-76.5032716,3.3941489],[-76.5032793,3.3941377],[-76.503337,3.394054],[-76.503388,3.3939799],[-76.5034958,3.3938347],[-76.5035154,3.3938075],[-76.5035499,3.3937594],[-76.503636,3.3936397],[-76.5037459,3.3934969],[-76.5037769,3.3934566],[-76.5037826,3.3934491],[-76.5039529,3.3931978],[-76.5039929,3.3931442],[-76.504015,3.3931146],[-76.5041535,3.3929292],[-76.5042395,3.3928006],[-76.5042665,3.3927603],[-76.504313,3.3926908],[-76.5045007,3.3924346],[-76.504505,3.3924287],[-76.5045227,3.3923998],[-76.5045998,3.3922748],[-76.5046947,3.3921405],[-76.5047338,3.3920898],[-76.5047385,3.3920838],[-76.504762,3.3920533],[-76.5047766,3.3920343],[-76.5048543,3.3919542],[-76.5049319,3.3918805],[-76.5050114,3.3918006],[-76.5050548,3.3917571],[-76.5050712,3.3917415],[-76.5051302,3.3916856],[-76.5052078,3.3916141],[-76.5053122,3.3915182],[-76.5053723,3.3914629],[-76.5054105,3.3914278],[-76.5056839,3.3911774],[-76.505738,3.3911279],[-76.5059452,3.3909381],[-76.5060518,3.3908386],[-76.5060604,3.3908305],[-76.5060901,3.3908028],[-76.5062859,3.3906197],[-76.5063928,3.3905238],[-76.5064797,3.3904458],[-76.5067085,3.3902406],[-76.5067531,3.3901992],[-76.5067666,3.3901867],[-76.5068603,3.3900999],[-76.5068767,3.3900846],[-76.5070277,3.3899112],[-76.5071506,3.3898159],[-76.5072777,3.3897184],[-76.507366,3.3896406],[-76.5075275,3.3894983],[-76.5075408,3.3894867],[-76.5077965,3.3892651],[-76.5078685,3.3892028],[-76.5078824,3.3891909],[-76.5080518,3.3890468],[-76.5081207,3.388997],[-76.5081747,3.3889363],[-76.5082286,3.3888497],[-76.5082739,3.3887955],[-76.5083558,3.3887566],[-76.5085498,3.3887003],[-76.5086518,3.3886782],[-76.5088107,3.3886439],[-76.5088549,3.3886336],[-76.5091277,3.3885703],[-76.5091426,3.3885705],[-76.5091516,3.3885697],[-76.5091605,3.3885682],[-76.5091692,3.3885661],[-76.5091778,3.3885632],[-76.5091861,3.3885598],[-76.5091941,3.3885557],[-76.5092018,3.388551],[-76.5092091,3.3885458],[-76.509216,3.3885399],[-76.5092238,3.3885282],[-76.5092292,3.3885211],[-76.5092351,3.3885143],[-76.5092415,3.3885078],[-76.5092481,3.3885017],[-76.509255,3.388496],[-76.5093648,3.3884663],[-76.5094098,3.3884575],[-76.5094205,3.3884555],[-76.5095093,3.3884381],[-76.5095397,3.3884309],[-76.5096207,3.3884116],[-76.5098665,3.388353],[-76.5099182,3.3883406],[-76.5100092,3.3883189],[-76.5100154,3.3883742],[-76.5104068,3.3895086],[-76.5104229,3.3895554],[-76.5104593,3.3896607],[-76.5106243,3.390071],[-76.5109109,3.3905511],[-76.5109331,3.3905811],[-76.5111762,3.3909095],[-76.5114406,3.3912667],[-76.512574,3.3927387],[-76.5127041,3.3929077],[-76.5132152,3.3935846],[-76.5133402,3.3937502],[-76.5136865,3.394209],[-76.5145755,3.3953866],[-76.5153571,3.3963467],[-76.5155723,3.3965631],[-76.5156176,3.3966086],[-76.5158009,3.3967651],[-76.5161832,3.3970916],[-76.5153185,3.3979025],[-76.5151518,3.3980523],[-76.5151475,3.3980562],[-76.5146165,3.3985445],[-76.5136625,3.3994126],[-76.5135546,3.3995121],[-76.5133386,3.399711],[-76.5122586,3.4007147],[-76.5116376,3.4012844],[-76.5111607,3.4017185],[-76.5111111,3.4017639],[-76.5108781,3.4019771],[-76.5105103,3.4023139],[-76.5103507,3.40246],[-76.5095317,3.4032105],[-76.5092168,3.4034999],[-76.5086228,3.4040514],[-76.5081728,3.4044674],[-76.5077588,3.4048382],[-76.5076878,3.4049027],[-76.5076477,3.4049392],[-76.5075698,3.40501],[-76.507519,3.4050569],[-76.5068948,3.4056339],[-76.5062469,3.4062307],[-76.5057609,3.4066738],[-76.5054819,3.406927],[-76.5049329,3.4074334],[-76.5042939,3.408003],[-76.5040818,3.4081972],[-76.503889,3.4083738],[-76.503358,3.4088802],[-76.5028285,3.4093412],[-76.502818,3.4093504],[-76.502485,3.4096488],[-76.502269,3.4098567],[-76.5022673,3.4098584],[-76.5017987,3.4103018],[-76.5016142,3.4104825],[-76.501459,3.4106344],[-76.500955,3.4110956],[-76.500703,3.4112674],[-76.5005681,3.4113759],[-76.5004916,3.4114527],[-76.5004871,3.4114573],[-76.5003431,3.4116019],[-76.5001091,3.411819],[-76.4998931,3.412045],[-76.4996141,3.4123163],[-76.4994251,3.4124972],[-76.4990921,3.4128136],[-76.4988851,3.4130035],[-76.4986871,3.4132025],[-76.4984621,3.4134195],[-76.4981741,3.4136817],[-76.4979761,3.4138716],[-76.4977961,3.4140434],[-76.4976598,3.4141804],[-76.4976341,3.4142062],[-76.4974991,3.4143328],[-76.4974361,3.4143961],[-76.4971751,3.4146493],[-76.4967583,3.4150555],[-76.4954222,3.4163578],[-76.4953204,3.4164385],[-76.4953134,3.416444],[-76.4953062,3.4164496],[-76.4952991,3.4164551],[-76.495292,3.4164606],[-76.4952848,3.4164661],[-76.4952776,3.4164716],[-76.4952704,3.416477],[-76.4952632,3.4164824],[-76.495256,3.4164878],[-76.4952487,3.4164931],[-76.4952415,3.4164984],[-76.4952342,3.4165037],[-76.4952269,3.416509],[-76.4952195,3.4165142],[-76.4952122,3.4165195],[-76.4952048,3.4165247],[-76.4951974,3.4165298],[-76.49519,3.416535],[-76.4951826,3.4165401],[-76.4951752,3.4165452],[-76.4951677,3.4165503],[-76.4951602,3.4165553],[-76.4951527,3.4165603],[-76.4951452,3.4165653],[-76.4951377,3.4165703],[-76.4951302,3.4165752],[-76.4951226,3.4165801],[-76.495115,3.416585],[-76.4951074,3.4165898],[-76.4950998,3.4165947],[-76.4950922,3.4165995],[-76.4950846,3.4166042],[-76.4950769,3.416609],[-76.4950692,3.4166137],[-76.4950615,3.4166184],[-76.4950538,3.4166231],[-76.4950464,3.4166275],[-76.4950461,3.4166277],[-76.4950384,3.4166323],[-76.4950306,3.4166369],[-76.4950221,3.4166419],[-76.4950135,3.4166444],[-76.4950048,3.4166468],[-76.4949961,3.4166492],[-76.4949874,3.4166515],[-76.4949787,3.4166537],[-76.49497,3.4166559],[-76.4949612,3.416658],[-76.4949524,3.41666],[-76.4949436,3.4166619],[-76.4949348,3.4166638],[-76.494926,3.4166656],[-76.4949172,3.4166673],[-76.4949083,3.416669],[-76.4948995,3.4166706],[-76.4948906,3.4166721],[-76.4948817,3.4166735],[-76.4948728,3.4166748],[-76.4948639,3.4166761],[-76.494855,3.4166773],[-76.4948461,3.4166785],[-76.4948371,3.4166795],[-76.4948282,3.4166805],[-76.4948192,3.4166814],[-76.4948103,3.4166823],[-76.4948013,3.416683],[-76.4947923,3.4166837],[-76.4947834,3.4166844],[-76.4947744,3.4166849],[-76.4947654,3.4166854],[-76.4947564,3.4166858],[-76.4947389,3.4166863],[-76.4944499,3.4166821],[-76.4944335,3.4166818],[-76.4943052,3.4166818],[-76.4941149,3.4166951],[-76.4939379,3.4166907],[-76.4937653,3.4166818],[-76.4936502,3.4166773],[-76.4936412,3.4166764],[-76.4936323,3.4166755],[-76.4936233,3.4166748],[-76.4936143,3.4166742],[-76.4936053,3.4166737],[-76.4935964,3.4166733],[-76.4935874,3.416673],[-76.4935784,3.4166728],[-76.4935694,3.4166728],[-76.4935604,3.4166728],[-76.4935514,3.416673],[-76.4935424,3.4166732],[-76.4935334,3.4166736],[-76.4935244,3.4166741],[-76.4935154,3.4166747],[-76.4935065,3.4166755],[-76.4934975,3.4166763],[-76.4934885,3.4166773],[-76.4934796,3.4166783],[-76.4934707,3.4166795],[-76.4934555,3.4166817],[-76.4934468,3.4166842],[-76.4934382,3.4166867],[-76.4934296,3.4166894],[-76.493421,3.4166921],[-76.4934124,3.4166948],[-76.4934039,3.4166977],[-76.4933954,3.4167007],[-76.4933869,3.4167037],[-76.4933784,3.4167068],[-76.49337,3.41671],[-76.4933616,3.4167132],[-76.4933532,3.4167166],[-76.4933449,3.41672],[-76.4933366,3.4167235],[-76.4933283,3.416727],[-76.4933201,3.4167307],[-76.4933119,3.4167344],[-76.4933037,3.4167382],[-76.4932956,3.4167421],[-76.4932875,3.4167461],[-76.493274,3.4167529],[-76.4932662,3.4167573],[-76.4932584,3.4167618],[-76.4932506,3.4167664],[-76.4932428,3.416771],[-76.4932351,3.4167756],[-76.4932274,3.4167803],[-76.4932198,3.4167851],[-76.4932121,3.4167899],[-76.4932046,3.4167947],[-76.493197,3.4167996],[-76.4931895,3.4168046],[-76.493182,3.4168096],[-76.4931745,3.4168146],[-76.4931671,3.4168197],[-76.4931597,3.4168249],[-76.4931523,3.41683],[-76.493145,3.4168353],[-76.4931377,3.4168406],[-76.4931304,3.4168459],[-76.4931232,3.4168513],[-76.493116,3.4168567],[-76.4931088,3.4168622],[-76.4931017,3.4168677],[-76.4930946,3.4168733],[-76.4930875,3.4168789],[-76.4930805,3.4168846],[-76.4930755,3.4168887],[-76.4930736,3.4168903],[-76.4930666,3.4168961],[-76.4930597,3.4169019],[-76.4930528,3.4169077],[-76.493046,3.4169136],[-76.4930392,3.4169195],[-76.4930368,3.4169217],[-76.4930325,3.4169255],[-76.4930217,3.4169352],[-76.4928978,3.417073],[-76.492796,3.4172509],[-76.4926544,3.4174021],[-76.492526,3.4175266],[-76.4923844,3.4176689],[-76.4921896,3.4178446],[-76.4918798,3.4180447],[-76.4915435,3.4182181],[-76.4912779,3.4183115],[-76.4910478,3.4183915],[-76.4909416,3.4184271],[-76.4907911,3.4184671],[-76.4906362,3.4184893],[-76.490499,3.4185382],[-76.4903795,3.4185849],[-76.4902379,3.4186427],[-76.4900741,3.4187361],[-76.4899723,3.4188072],[-76.4898882,3.4188561],[-76.4897863,3.4189184],[-76.4897518,3.4189395],[-76.4895535,3.4190607],[-76.489283,3.4192272],[-76.4890754,3.4193459],[-76.488883,3.4194435],[-76.4887077,3.419476],[-76.4885553,3.4194875],[-76.4884239,3.4194817],[-76.4883344,3.4194702],[-76.4880834,3.4194322],[-76.4880563,3.4194281],[-76.4879225,3.419327],[-76.4876619,3.41913],[-76.4873142,3.4188477],[-76.4870762,3.4186562],[-76.4866809,3.4183691]]]}},{"type":"Feature","properties":{"comuna":22,"nombre":"Comuna 22","shape_leng":15371.431,"shape_area":10721224.181},"geometry":{"type":"Polygon","coordinates":[[[-76.542288,3.3750683],[-76.5421887,3.3746491],[-76.5421043,3.3744395],[-76.5420952,3.374414],[-76.5420348,3.3742448],[-76.5419404,3.3740702],[-76.5418163,3.3738755],[-76.5416524,3.373646],[-76.5414141,3.3734164],[-76.5411956,3.3732268],[-76.5409374,3.3730571],[-76.5404806,3.3728225],[-76.5403294,3.3727461],[-76.5395718,3.3723633],[-76.5385787,3.3718393],[-76.5379481,3.3714949],[-76.5375061,3.3711954],[-76.5371432,3.3710163],[-76.536667,3.3707812],[-76.5358824,3.3704817],[-76.5338415,3.3694336],[-76.5315176,3.3682408],[-76.5309118,3.3679263],[-76.530311,3.3676069],[-76.5298094,3.3673537],[-76.5297275,3.3673123],[-76.5292037,3.3670479],[-76.5285234,3.3666885],[-76.5277573,3.3663434],[-76.5270498,3.3660246],[-76.5269394,3.3659748],[-76.5265322,3.3657602],[-76.5261172,3.3655224],[-76.5260335,3.3654744],[-76.5259661,3.3654358],[-76.5258108,3.3653247],[-76.5257289,3.3652661],[-76.5257079,3.3652511],[-76.5257011,3.3652456],[-76.5254878,3.3650741],[-76.5254348,3.3650315],[-76.5253268,3.3649123],[-76.5251914,3.3647629],[-76.5251816,3.364752],[-76.5251733,3.3647413],[-76.5250227,3.3645474],[-76.5248111,3.3642111],[-76.5248092,3.364208],[-76.5248056,3.3642011],[-76.5246883,3.3639718],[-76.5246304,3.3638587],[-76.5246127,3.3637997],[-76.5245312,3.3635293],[-76.5244666,3.3632299],[-76.5244418,3.3630278],[-76.524417,3.3628257],[-76.5243301,3.3624492],[-76.5243213,3.3623781],[-76.524309,3.3623053],[-76.5242963,3.3621419],[-76.524293,3.3620994],[-76.5242894,3.362057],[-76.5242839,3.3620042],[-76.5242752,3.3619226],[-76.5242435,3.36168],[-76.5242208,3.3614832],[-76.524201,3.3613698],[-76.5241936,3.3613276],[-76.5241861,3.3611606],[-76.5241846,3.3611262],[-76.5241483,3.3608836],[-76.5240939,3.3603938],[-76.5240622,3.3601466],[-76.5240396,3.3599086],[-76.5239761,3.3594371],[-76.5239443,3.3591488],[-76.5239267,3.3590214],[-76.5239171,3.3589519],[-76.5238854,3.3586498],[-76.5238355,3.358247],[-76.5238129,3.3579907],[-76.5237222,3.3572629],[-76.5236996,3.3570341],[-76.523686,3.3568555],[-76.5236617,3.3565553],[-76.5236589,3.3565214],[-76.5236272,3.3562147],[-76.5236001,3.3557936],[-76.5235639,3.3554],[-76.5235368,3.3550521],[-76.5235139,3.354811],[-76.5234824,3.35448],[-76.5234372,3.3538895],[-76.5233875,3.3532899],[-76.5233603,3.3530153],[-76.5233878,3.3526354],[-76.52342,3.3521914],[-76.5234384,3.3518253],[-76.5234889,3.3510701],[-76.5234957,3.3510295],[-76.5235575,3.3506628],[-76.5236808,3.3499443],[-76.5238407,3.3490519],[-76.5239347,3.3484629],[-76.5240287,3.347874],[-76.5241102,3.3473635],[-76.5241189,3.3472989],[-76.5241387,3.3470775],[-76.5241424,3.3470356],[-76.5241732,3.346456],[-76.5242134,3.3455684],[-76.5242139,3.3446845],[-76.5242144,3.3446411],[-76.5242192,3.3442484],[-76.5242579,3.3437783],[-76.5242675,3.3435755],[-76.5242743,3.3434289],[-76.5242963,3.3429599],[-76.5243001,3.3428799],[-76.5243255,3.342143],[-76.5243294,3.3420298],[-76.524365,3.3413858],[-76.5243748,3.3409962],[-76.52442,3.3403908],[-76.5244428,3.3398595],[-76.5244654,3.3395439],[-76.5244848,3.3392316],[-76.5245267,3.3387937],[-76.5245525,3.3385007],[-76.5245466,3.3383126],[-76.5245336,3.337892],[-76.5245053,3.3377369],[-76.5243949,3.3371304],[-76.5243081,3.3368249],[-76.5242375,3.3365768],[-76.5242081,3.3364521],[-76.524133,3.3361338],[-76.5240713,3.3358745],[-76.5240177,3.3356449],[-76.5239427,3.3353019],[-76.5239428,3.3353019],[-76.5239787,3.3352879],[-76.5239794,3.3352877],[-76.5243084,3.33516],[-76.5246561,3.3350251],[-76.5248963,3.3349319],[-76.5248969,3.3349317],[-76.5248969,3.3349316],[-76.5250059,3.3348867],[-76.5250087,3.3348855],[-76.5250251,3.3348787],[-76.5250824,3.3348551],[-76.5252293,3.3347945],[-76.5252372,3.3347921],[-76.5253867,3.3347463],[-76.5254453,3.3347358],[-76.5254578,3.3347336],[-76.525591,3.3347097],[-76.5256533,3.3346985],[-76.5258114,3.3346935],[-76.5258153,3.3346934],[-76.5258367,3.3346933],[-76.5260444,3.3346923],[-76.5262114,3.3347014],[-76.5262206,3.3347019],[-76.5262652,3.3347043],[-76.5262868,3.3347055],[-76.5263501,3.3347176],[-76.5264293,3.3347326],[-76.5265055,3.3347489],[-76.5265373,3.3347557],[-76.5267633,3.3348337],[-76.5268481,3.3348629],[-76.5269191,3.3348902],[-76.5272214,3.3350063],[-76.5272307,3.3350099],[-76.527422,3.3350717],[-76.5274295,3.335073],[-76.5275234,3.33509],[-76.5275839,3.3350991],[-76.5277151,3.3351189],[-76.5277661,3.3351266],[-76.5278824,3.3351441],[-76.5278959,3.3351461],[-76.5281185,3.3351581],[-76.5281856,3.3351617],[-76.5283469,3.3351472],[-76.5285154,3.3351322],[-76.5285756,3.3351193],[-76.5287233,3.3350877],[-76.5287593,3.33508],[-76.5287725,3.335076],[-76.5289584,3.3350197],[-76.5289942,3.3350088],[-76.5290414,3.3349891],[-76.5291802,3.3349311],[-76.5291846,3.3349289],[-76.529375,3.3348333],[-76.5293842,3.3348287],[-76.5295301,3.3347519],[-76.5295617,3.3347352],[-76.5297665,3.3346269],[-76.5297864,3.3346164],[-76.5297953,3.3346117],[-76.5298998,3.3345564],[-76.5299458,3.3345323],[-76.5299899,3.3345093],[-76.5301533,3.3344237],[-76.5302488,3.3343737],[-76.530365,3.3343129],[-76.5306559,3.3341606],[-76.5306715,3.3341522],[-76.5308483,3.3340563],[-76.5308726,3.3340431],[-76.5309165,3.3340193],[-76.5309658,3.3339926],[-76.5310287,3.3339584],[-76.5311982,3.3338695],[-76.5312603,3.3338369],[-76.5313508,3.3337894],[-76.5313617,3.3337838],[-76.5315319,3.3336966],[-76.5316697,3.3336261],[-76.5317934,3.3335642],[-76.5319377,3.333492],[-76.5321049,3.3334084],[-76.5321129,3.3334044],[-76.5321206,3.3334013],[-76.5323096,3.3333259],[-76.5323783,3.3333053],[-76.532382,3.3333042],[-76.532523,3.3332618],[-76.5325251,3.3332611],[-76.5326043,3.3332332],[-76.5326107,3.3332309],[-76.5326359,3.333222],[-76.5326406,3.3332214],[-76.5326409,3.3332214],[-76.5326413,3.3332213],[-76.5327529,3.3332077],[-76.532841,3.333197],[-76.5329472,3.3331851],[-76.533014,3.3331776],[-76.5331448,3.3331694],[-76.533254,3.3331626],[-76.5333568,3.3331562],[-76.5334447,3.3331506],[-76.5334606,3.3331496],[-76.5336061,3.3331397],[-76.5336176,3.333139],[-76.5336622,3.3331359],[-76.5337508,3.3331299],[-76.5337898,3.3331273],[-76.5340568,3.3331092],[-76.5341385,3.3331024],[-76.5342361,3.3330943],[-76.5342417,3.3330938],[-76.5346204,3.3330622],[-76.5347903,3.333048],[-76.5348351,3.3330443],[-76.5350227,3.3330326],[-76.5351123,3.333027],[-76.5351896,3.3330222],[-76.5352607,3.3330178],[-76.5353916,3.3330096],[-76.5355508,3.3329998],[-76.5355532,3.3329997],[-76.535771,3.3329909],[-76.5359298,3.3329845],[-76.536024,3.3329807],[-76.5361338,3.3329763],[-76.5361344,3.3329762],[-76.5362634,3.3329666],[-76.5364598,3.3329534],[-76.5364728,3.3329526],[-76.5365351,3.3329484],[-76.5365552,3.332947],[-76.5367626,3.3329331],[-76.5369912,3.332917],[-76.5371131,3.3329085],[-76.5373916,3.3328889],[-76.5376088,3.3328736],[-76.5377183,3.3328659],[-76.5378302,3.332858],[-76.5378357,3.3328577],[-76.5378877,3.3328543],[-76.5380477,3.3328439],[-76.5382406,3.3328314],[-76.5383217,3.3328262],[-76.5384175,3.33282],[-76.5387135,3.3327994],[-76.5388701,3.3327885],[-76.5392063,3.3327652],[-76.539314,3.3327577],[-76.5393288,3.3327567],[-76.539374,3.3327535],[-76.539451,3.3327481],[-76.5396544,3.3327339],[-76.5398004,3.3327238],[-76.539835,3.3327213],[-76.5400738,3.3327047],[-76.5402127,3.332695],[-76.5402323,3.3326938],[-76.5406838,3.3326649],[-76.5407289,3.3326621],[-76.5407407,3.3326613],[-76.5407945,3.3326579],[-76.5408749,3.3326507],[-76.5411566,3.3326254],[-76.5413253,3.3326103],[-76.5416875,3.3325779],[-76.541734,3.3325737],[-76.5417601,3.332572],[-76.5419369,3.3325603],[-76.5421804,3.3325443],[-76.5422737,3.3325381],[-76.5423198,3.3325351],[-76.5427694,3.3325055],[-76.5428394,3.3325009],[-76.5430524,3.3324868],[-76.5430893,3.3324844],[-76.5433565,3.3324684],[-76.5434249,3.3324644],[-76.5434542,3.3324626],[-76.5439555,3.3324327],[-76.5439987,3.3324301],[-76.5440303,3.3324282],[-76.5443976,3.3324063],[-76.5445412,3.3323978],[-76.5445919,3.3323947],[-76.5445958,3.3323945],[-76.5446417,3.3323918],[-76.5450891,3.3323651],[-76.5455032,3.3323404],[-76.5457312,3.3323268],[-76.5457943,3.332323],[-76.5461111,3.3323041],[-76.5464745,3.3322824],[-76.5466123,3.3322742],[-76.5469548,3.3322537],[-76.5470663,3.3322385],[-76.547125,3.3322304],[-76.5475136,3.3321772],[-76.5475796,3.3321682],[-76.5477562,3.332144],[-76.5480878,3.3320986],[-76.5482402,3.3320777],[-76.5484601,3.3320476],[-76.5486207,3.3320256],[-76.5490419,3.3319679],[-76.549162,3.3319514],[-76.5492128,3.3319445],[-76.5492179,3.3319438],[-76.5495256,3.3319016],[-76.5496972,3.3318781],[-76.5497777,3.3318671],[-76.54993,3.3318462],[-76.5503796,3.3318017],[-76.5503796,3.3318017],[-76.5503796,3.3318018],[-76.5503799,3.3318025],[-76.5504062,3.3318668],[-76.5504121,3.3318814],[-76.5504328,3.331932],[-76.5504674,3.3320002],[-76.5505019,3.3320685],[-76.5505433,3.3321916],[-76.5505543,3.3322242],[-76.5506092,3.3323823],[-76.5506735,3.3324997],[-76.550677,3.3325046],[-76.5507498,3.3326051],[-76.5508427,3.3327081],[-76.5509031,3.3327787],[-76.5509058,3.3327819],[-76.5509273,3.332807],[-76.550931,3.3328113],[-76.5509312,3.3328115],[-76.5509516,3.3328354],[-76.5509595,3.3328447],[-76.5509698,3.332858],[-76.5509699,3.3328581],[-76.5509875,3.3328809],[-76.5510262,3.3329309],[-76.5510341,3.3329459],[-76.5510401,3.3329575],[-76.5510475,3.3329674],[-76.5510774,3.333029],[-76.5510787,3.3330315],[-76.5511311,3.3331369],[-76.5511329,3.3331437],[-76.551133,3.3331437],[-76.5511669,3.3332687],[-76.5511812,3.3333908],[-76.5511835,3.3335274],[-76.5511835,3.3335585],[-76.5511954,3.3336304],[-76.5511788,3.3337454],[-76.5511704,3.3338184],[-76.5511621,3.3338915],[-76.5511287,3.3339609],[-76.551031,3.3340663],[-76.5509571,3.3341574],[-76.550857,3.3343155],[-76.5508141,3.3344113],[-76.5507688,3.334555],[-76.5507518,3.3346202],[-76.5507402,3.3346652],[-76.5507211,3.3347682],[-76.5506758,3.3349431],[-76.550621,3.3350413],[-76.5506169,3.3350436],[-76.5506031,3.3350513],[-76.5505105,3.3351034],[-76.5504581,3.335223],[-76.550401,3.3353379],[-76.550263,3.3355157],[-76.5502492,3.3355165],[-76.5502349,3.3355187],[-76.5502122,3.335524],[-76.550203,3.3355263],[-76.5501823,3.3355309],[-76.5501729,3.3355327],[-76.5501628,3.3355342],[-76.5501485,3.3355357],[-76.5501393,3.335537],[-76.5501255,3.3355407],[-76.5500658,3.3355911],[-76.5500642,3.3356002],[-76.5500598,3.335612],[-76.5500528,3.3356329],[-76.5500484,3.3356467],[-76.5500444,3.3356602],[-76.5500405,3.3356708],[-76.5500362,3.3356816],[-76.5500216,3.335711],[-76.5500027,3.3357391],[-76.5499961,3.3357474],[-76.5499898,3.3357564],[-76.5499825,3.3357665],[-76.5499752,3.3357775],[-76.5499673,3.3357897],[-76.549961,3.3357987],[-76.5499547,3.3358087],[-76.5499478,3.3358237],[-76.5499442,3.335833],[-76.5499408,3.3358426],[-76.549935,3.3358682],[-76.549933,3.3358796],[-76.5499321,3.3359023],[-76.5499329,3.3359167],[-76.5499346,3.3359305],[-76.5499364,3.3359429],[-76.5499369,3.3359565],[-76.5499374,3.3359659],[-76.5499372,3.3359773],[-76.5499384,3.3359924],[-76.5499432,3.3360323],[-76.5499452,3.3360413],[-76.5499477,3.3360509],[-76.5499538,3.3360718],[-76.5499567,3.3360847],[-76.5499595,3.3360944],[-76.5499633,3.3361061],[-76.5499655,3.336117],[-76.5499671,3.3361287],[-76.5499678,3.3361408],[-76.5499681,3.336153],[-76.5499676,3.336169],[-76.5499678,3.3361826],[-76.549966,3.3362291],[-76.5499654,3.3362392],[-76.5499639,3.3362545],[-76.5499632,3.3362639],[-76.5499609,3.3363257],[-76.5499618,3.3363581],[-76.5499625,3.3363764],[-76.549963,3.3363863],[-76.5499628,3.3363964],[-76.5499622,3.3364066],[-76.5499612,3.3364177],[-76.5499601,3.336428],[-76.5499575,3.336448],[-76.5499548,3.3364643],[-76.549951,3.3364803],[-76.5499382,3.3365268],[-76.5499361,3.3365361],[-76.5499336,3.3365499],[-76.5499302,3.3365622],[-76.5499275,3.3365745],[-76.5499258,3.3365869],[-76.5499243,3.3365999],[-76.5499223,3.3366306],[-76.5499218,3.3366487],[-76.5499204,3.3366989],[-76.5499197,3.3367163],[-76.5499199,3.3367337],[-76.5499199,3.3367429],[-76.5499204,3.3367635],[-76.5499221,3.3367853],[-76.5499227,3.3367966],[-76.5499234,3.3368163],[-76.5499232,3.3368358],[-76.5499238,3.3368462],[-76.5499271,3.3368724],[-76.549929,3.3368862],[-76.5499302,3.3369027],[-76.5499324,3.336921],[-76.5499369,3.3369405],[-76.549944,3.3369667],[-76.5499493,3.3369912],[-76.549953,3.3370114],[-76.5499554,3.3370217],[-76.5499593,3.3370414],[-76.5499599,3.3370439],[-76.5499618,3.3370516],[-76.5499636,3.3370624],[-76.5499651,3.3370771],[-76.549966,3.3370924],[-76.5499673,3.3371038],[-76.5499698,3.3371148],[-76.5499722,3.3371258],[-76.5499783,3.3371367],[-76.5499853,3.337145],[-76.5499986,3.3371557],[-76.5500111,3.337163],[-76.550025,3.3371705],[-76.5500311,3.3372753],[-76.5500311,3.3373423],[-76.5500454,3.3374476],[-76.5500826,3.3375677],[-76.5500756,3.3376128],[-76.5500731,3.3376254],[-76.5500714,3.3376422],[-76.550071,3.3376516],[-76.5500702,3.3376944],[-76.5500702,3.337706],[-76.5500715,3.3377191],[-76.550072,3.3377342],[-76.550072,3.3377478],[-76.5500688,3.3377762],[-76.5500643,3.3378206],[-76.5500623,3.3378507],[-76.5500643,3.3379203],[-76.5500667,3.3379726],[-76.5500679,3.3380114],[-76.5500697,3.3380388],[-76.5500733,3.3380707],[-76.550076,3.3381081],[-76.5500794,3.3381485],[-76.5500799,3.3381646],[-76.550081,3.3381905],[-76.5500809,3.3382151],[-76.5500814,3.3382273],[-76.5500809,3.338244],[-76.5500789,3.3382675],[-76.5500783,3.3382786],[-76.5500791,3.3382935],[-76.5500813,3.3383125],[-76.5500857,3.3383275],[-76.550093,3.3383456],[-76.5500989,3.3383559],[-76.5501049,3.3383673],[-76.5501158,3.33839],[-76.5501208,3.3383995],[-76.5501248,3.3384095],[-76.5501273,3.3384192],[-76.5501286,3.3384291],[-76.5501292,3.338439],[-76.5501297,3.3384523],[-76.5501295,3.3384664],[-76.5501295,3.3384793],[-76.5501301,3.3385008],[-76.5501309,3.3385117],[-76.5501324,3.3385243],[-76.5501346,3.338538],[-76.5501373,3.3385516],[-76.5501405,3.3385658],[-76.5501442,3.3385802],[-76.5501474,3.3385916],[-76.550153,3.3386132],[-76.5501609,3.3386497],[-76.5501635,3.3386592],[-76.5501657,3.3386706],[-76.5501695,3.3386833],[-76.5501742,3.3386957],[-76.5501813,3.3387104],[-76.550186,3.3387209],[-76.5501957,3.3387413],[-76.5502,3.3387513],[-76.5502076,3.3387695],[-76.5502115,3.3387819],[-76.5502135,3.3387933],[-76.5502162,3.3388223],[-76.5502168,3.3388322],[-76.5502166,3.3388443],[-76.5502215,3.3388947],[-76.5502281,3.3389164],[-76.5502322,3.3389304],[-76.5502386,3.3389466],[-76.5502443,3.338962],[-76.5502534,3.3389891],[-76.5502655,3.3390168],[-76.5502751,3.339037],[-76.5502799,3.3390495],[-76.5502846,3.3390627],[-76.5502913,3.3390753],[-76.5502949,3.339085],[-76.5502983,3.3390964],[-76.5503024,3.3391092],[-76.5503079,3.3391213],[-76.5503145,3.3391352],[-76.5503191,3.339144],[-76.5503234,3.3391529],[-76.550328,3.3391624],[-76.5503319,3.339171],[-76.5503355,3.3391796],[-76.5503387,3.3391884],[-76.5503514,3.3392192],[-76.5503532,3.3392243],[-76.5503602,3.3392444],[-76.5503656,3.3392634],[-76.5503802,3.3393043],[-76.5503863,3.3393207],[-76.5503893,3.3393293],[-76.5503959,3.3393449],[-76.5504077,3.3393714],[-76.5504173,3.3393944],[-76.5504219,3.3394048],[-76.5504258,3.3394144],[-76.5504319,3.3394287],[-76.5504367,3.3394414],[-76.5504372,3.3394427],[-76.5504413,3.3394557],[-76.5504447,3.3394645],[-76.5504526,3.3394868],[-76.5504572,3.339497],[-76.550467,3.3395163],[-76.5504723,3.3395244],[-76.5504799,3.339534],[-76.5504874,3.3395431],[-76.5504945,3.3395524],[-76.5505016,3.3395624],[-76.5505076,3.3395726],[-76.5505128,3.3395826],[-76.5505181,3.3395919],[-76.5505229,3.3395996],[-76.55053,3.3396123],[-76.5505359,3.3396247],[-76.5505403,3.3396332],[-76.5505453,3.3396451],[-76.5505487,3.3396583],[-76.550553,3.3396695],[-76.5505588,3.3396792],[-76.5505649,3.3396915],[-76.550572,3.3397066],[-76.5505795,3.3397201],[-76.550585,3.339728],[-76.550591,3.3397362],[-76.5505972,3.3397452],[-76.5506077,3.3397594],[-76.5506155,3.3397692],[-76.5506302,3.339786],[-76.5506364,3.3397927],[-76.5506463,3.3398027],[-76.5506598,3.3398176],[-76.5506681,3.339826],[-76.550686,3.3398428],[-76.550697,3.3398527],[-76.5507042,3.339928],[-76.5507327,3.3399758],[-76.5507899,3.3400428],[-76.5508422,3.3401098],[-76.5508708,3.3401672],[-76.5508899,3.3402199],[-76.5508899,3.3402725],[-76.5508899,3.3403347],[-76.5508946,3.3404017],[-76.5509232,3.3404783],[-76.5509561,3.3405147],[-76.5509708,3.3405309],[-76.5510042,3.3405788],[-76.551028,3.3406171],[-76.551028,3.3406506],[-76.5510518,3.3406793],[-76.5510899,3.340708],[-76.5510946,3.3407702],[-76.551128,3.3408037],[-76.551147,3.3408181],[-76.5512184,3.3408563],[-76.5512613,3.3408803],[-76.5513184,3.3409233],[-76.5513613,3.3409568],[-76.5513946,3.3409855],[-76.5513981,3.3409939],[-76.5513989,3.3409959],[-76.5514184,3.341043],[-76.5514184,3.3410621],[-76.5514327,3.3410669],[-76.5515041,3.3411195],[-76.5515422,3.341153],[-76.5515613,3.3412439],[-76.5515708,3.3413157],[-76.5515756,3.3413588],[-76.5516089,3.3414162],[-76.5516101,3.3414226],[-76.5516109,3.3414274],[-76.5516109,3.3414274],[-76.5516242,3.3415005],[-76.551627,3.3415064],[-76.5516435,3.3415353],[-76.5516573,3.3415576],[-76.5516634,3.3415655],[-76.5516689,3.3415773],[-76.5516751,3.341592],[-76.5516789,3.3416064],[-76.5516823,3.341621],[-76.5516832,3.3416358],[-76.5516831,3.3416463],[-76.5516826,3.3416655],[-76.5516811,3.3416945],[-76.5516792,3.3417065],[-76.551677,3.3417218],[-76.5516765,3.3417382],[-76.5516739,3.3417535],[-76.5516726,3.3417679],[-76.5516698,3.3417804],[-76.5516684,3.3417918],[-76.5516662,3.3418036],[-76.5516646,3.3418158],[-76.551661,3.3418288],[-76.5516561,3.3418429],[-76.5516519,3.3418591],[-76.5516468,3.3418739],[-76.5516437,3.3418878],[-76.5516404,3.3419105],[-76.5516316,3.341965],[-76.5516298,3.3419902],[-76.5516288,3.3420336],[-76.5516296,3.3420727],[-76.5516307,3.3420998],[-76.5516331,3.3421422],[-76.5516361,3.3421639],[-76.5516416,3.3421974],[-76.5516419,3.3421994],[-76.5516421,3.3422009],[-76.5516115,3.3422001],[-76.5515652,3.3422671],[-76.5515461,3.3422948],[-76.5515461,3.3422948],[-76.5515451,3.3422975],[-76.5515214,3.3423656],[-76.5514878,3.3424618],[-76.551456,3.342553],[-76.5514231,3.3426475],[-76.5513931,3.3427332],[-76.5513723,3.3427929],[-76.5513609,3.3428255],[-76.5513278,3.3429205],[-76.5513163,3.3429534],[-76.551279,3.3430604],[-76.5512536,3.3431333],[-76.5512215,3.3432251],[-76.5511794,3.343346],[-76.5511689,3.343376],[-76.5511574,3.343409],[-76.5511206,3.3435145],[-76.5511041,3.3435618],[-76.5510802,3.3436302],[-76.5510734,3.3436497],[-76.5510126,3.3438239],[-76.5509822,3.3439111],[-76.5509257,3.3440732],[-76.5509233,3.3440801],[-76.5509159,3.3441013],[-76.5508594,3.3442631],[-76.5508301,3.3443473],[-76.5507274,3.3446417],[-76.5506317,3.3449158],[-76.5505342,3.3451953],[-76.5505085,3.3452691],[-76.5504306,3.3454923],[-76.5504209,3.34552],[-76.5504042,3.3455679],[-76.5504032,3.3455708],[-76.5504,3.3455801],[-76.5503432,3.3457429],[-76.5503327,3.345773],[-76.5502503,3.3460092],[-76.5501328,3.3463461],[-76.5500505,3.346582],[-76.5499376,3.3469054],[-76.5499364,3.3469089],[-76.5498905,3.3470407],[-76.5498639,3.3471168],[-76.549831,3.3472112],[-76.5496872,3.3476234],[-76.549672,3.3476669],[-76.5496457,3.3477424],[-76.5496361,3.3477698],[-76.5494666,3.3482556],[-76.54939,3.3484752],[-76.5493883,3.3484801],[-76.5493786,3.3485079],[-76.5493262,3.3486583],[-76.5492273,3.3489417],[-76.5491408,3.3491896],[-76.5491207,3.3492473],[-76.549107,3.3492865],[-76.5489673,3.349687],[-76.5489124,3.3498442],[-76.5488567,3.3500041],[-76.5488437,3.3500414],[-76.5487706,3.3502508],[-76.5487551,3.3502952],[-76.5487423,3.3503137],[-76.5487363,3.3503225],[-76.5486205,3.35049],[-76.5485215,3.3506333],[-76.548461,3.3507208],[-76.5483608,3.3508657],[-76.5483185,3.3509269],[-76.5481952,3.3511053],[-76.5481752,3.3511343],[-76.5480469,3.3513199],[-76.5479789,3.3514183],[-76.5477967,3.3516819],[-76.547706,3.3518131],[-76.54761,3.351952],[-76.5476087,3.3519539],[-76.5474101,3.3522412],[-76.5473393,3.3523437],[-76.5473053,3.3523929],[-76.5471903,3.3525593],[-76.5471657,3.3525949],[-76.5470656,3.3527397],[-76.5468662,3.3530282],[-76.5468119,3.3531067],[-76.5467605,3.3531811],[-76.5467481,3.353199],[-76.5467174,3.3532435],[-76.5466606,3.3533257],[-76.5466313,3.3533681],[-76.5466258,3.353376],[-76.5465985,3.3534155],[-76.5465985,3.3534156],[-76.5465979,3.3534164],[-76.5465991,3.3534216],[-76.5466021,3.3534346],[-76.5466022,3.3534354],[-76.5466026,3.3534367],[-76.5466238,3.3535294],[-76.546625,3.3535347],[-76.5466285,3.3535499],[-76.5466396,3.3535982],[-76.5466744,3.3537496],[-76.5466866,3.3538028],[-76.5466882,3.3538095],[-76.5466949,3.3538388],[-76.5467154,3.3539284],[-76.5467391,3.3540314],[-76.5467466,3.3540641],[-76.5467511,3.3540836],[-76.5467605,3.3541248],[-76.5467629,3.3541352],[-76.5467891,3.3542494],[-76.5467976,3.3542861],[-76.5468284,3.3544203],[-76.5468374,3.3544598],[-76.5468657,3.3545827],[-76.5468764,3.3546295],[-76.5468837,3.3546612],[-76.5468975,3.3547214],[-76.5469012,3.3547376],[-76.5469109,3.3547796],[-76.5469142,3.354794],[-76.5469278,3.3548533],[-76.5469327,3.3548745],[-76.5469327,3.3548749],[-76.5469393,3.3549035],[-76.5469415,3.3549132],[-76.5469424,3.3549171],[-76.5469491,3.354946],[-76.5469496,3.3549484],[-76.5469516,3.3549569],[-76.5469516,3.354957],[-76.5469523,3.3549599],[-76.5469509,3.3549608],[-76.5469505,3.3549611],[-76.5468668,3.3550143],[-76.5465728,3.3552013],[-76.5464827,3.3552587],[-76.5459768,3.3555805],[-76.5456506,3.355788],[-76.5454006,3.355947],[-76.5449266,3.3562486],[-76.5449264,3.3562488],[-76.5447496,3.3563612],[-76.5446956,3.3563956],[-76.5445346,3.356498],[-76.544518,3.3565085],[-76.5444018,3.3565825],[-76.5442502,3.3566789],[-76.5442806,3.3567278],[-76.5442797,3.3567368],[-76.5442779,3.3567459],[-76.5442779,3.3567549],[-76.5442797,3.356764],[-76.5442806,3.356773],[-76.5442797,3.356782],[-76.5442797,3.3567911],[-76.5442797,3.3568001],[-76.5442797,3.3568092],[-76.5442797,3.3568182],[-76.5442806,3.3568273],[-76.5442824,3.3568363],[-76.5442851,3.3568444],[-76.5442887,3.3568526],[-76.5442923,3.3568617],[-76.5442959,3.3568698],[-76.5443085,3.3568824],[-76.5443148,3.3568888],[-76.5443211,3.3568942],[-76.5443283,3.3569005],[-76.5443346,3.356906],[-76.5443409,3.3569132],[-76.5443472,3.3569195],[-76.5443526,3.3569267],[-76.5443589,3.3569331],[-76.5443634,3.3569412],[-76.5443688,3.3569521],[-76.5443724,3.3569602],[-76.5443733,3.3569693],[-76.5443742,3.3569783],[-76.5443769,3.3569864],[-76.5443823,3.3569937],[-76.5443886,3.3570009],[-76.5443976,3.35701],[-76.5444038,3.3570172],[-76.5444102,3.3570235],[-76.5444164,3.3570298],[-76.5444228,3.3570362],[-76.5444291,3.3570425],[-76.5444363,3.3570488],[-76.5444426,3.3570543],[-76.5444498,3.3570606],[-76.5444561,3.3570669],[-76.5444623,3.3570733],[-76.5444668,3.3570814],[-76.5444713,3.3570895],[-76.5444749,3.3570977],[-76.5444786,3.3571059],[-76.5444822,3.357114],[-76.5444867,3.3571221],[-76.5444912,3.3571293],[-76.5444966,3.3571366],[-76.5445019,3.3571438],[-76.5445073,3.3571519],[-76.5445118,3.3571592],[-76.5445154,3.3571673],[-76.5445199,3.3571754],[-76.5445236,3.3571836],[-76.5445271,3.3571918],[-76.5445307,3.3571999],[-76.5445343,3.3572089],[-76.5445371,3.3572171],[-76.5445397,3.3572261],[-76.5445416,3.3572342],[-76.5445426,3.3572395],[-76.5445433,3.3572433],[-76.5445451,3.3572523],[-76.5445461,3.3572614],[-76.5445461,3.3572704],[-76.5445451,3.3572795],[-76.5445297,3.3573035],[-76.5445268,3.3573368],[-76.5445238,3.3573718],[-76.5445176,3.3574431],[-76.5445021,3.357624],[-76.5444955,3.3577003],[-76.5443661,3.3592021],[-76.5424163,3.3610353],[-76.5420567,3.3613734],[-76.5420551,3.3613749],[-76.5420776,3.3614034],[-76.5421409,3.3614837],[-76.5423448,3.3617423],[-76.5423763,3.3617822],[-76.5424025,3.3618154],[-76.5426341,3.362109],[-76.5427395,3.3622427],[-76.5428774,3.3624176],[-76.5430125,3.3625889],[-76.5431679,3.3627859],[-76.5432976,3.3629503],[-76.5434336,3.3631228],[-76.5435623,3.363286],[-76.5436456,3.3633917],[-76.5437383,3.3635092],[-76.5437856,3.3635691],[-76.5439815,3.3638176],[-76.5440899,3.363955],[-76.5442547,3.364164],[-76.5442998,3.3642212],[-76.5443942,3.3643408],[-76.5444065,3.3643564],[-76.5444136,3.3643654],[-76.5444375,3.3643958],[-76.5444739,3.3644419],[-76.5444751,3.3644434],[-76.5445288,3.3645115],[-76.5458811,3.3662262],[-76.5459796,3.366351],[-76.5460497,3.36644],[-76.5462931,3.3667486],[-76.5464126,3.3669001],[-76.5466046,3.3671436],[-76.5466318,3.3671781],[-76.5467206,3.3672906],[-76.5467806,3.3673668],[-76.5469875,3.3676291],[-76.5470404,3.3676962],[-76.5472411,3.3679506],[-76.5472791,3.3679988],[-76.5475152,3.3682981],[-76.5475258,3.3683116],[-76.5477175,3.3685547],[-76.5478918,3.3687757],[-76.5479458,3.3688442],[-76.5481888,3.3691523],[-76.548325,3.369325],[-76.5483785,3.3693928],[-76.5485586,3.3696212],[-76.5485641,3.3696282],[-76.5487827,3.3699054],[-76.5488223,3.3699556],[-76.5489077,3.3700638],[-76.548939,3.3701035],[-76.5490071,3.3701762],[-76.5490269,3.3702007],[-76.5490281,3.3702021],[-76.5490736,3.3702585],[-76.5490669,3.3702921],[-76.549064,3.3703159],[-76.549064,3.3703607],[-76.5490592,3.3704064],[-76.5490507,3.3704673],[-76.5490497,3.3705292],[-76.5490384,3.3705573],[-76.5490294,3.3705935],[-76.5490204,3.3706477],[-76.5490204,3.370702],[-76.5489934,3.3707653],[-76.5489484,3.3708195],[-76.5488854,3.3708376],[-76.5488044,3.3708557],[-76.5487325,3.3708557],[-76.5486785,3.3708376],[-76.5486425,3.3708105],[-76.5485885,3.3707562],[-76.5485255,3.3707019],[-76.5484715,3.3706477],[-76.5484175,3.3705753],[-76.5483545,3.3705211],[-76.5483005,3.3704759],[-76.5482735,3.3704487],[-76.5482286,3.3704216],[-76.5482016,3.3703945],[-76.5481746,3.3703854],[-76.5481296,3.3703764],[-76.5481026,3.3703492],[-76.5480666,3.3703221],[-76.5480036,3.3702859],[-76.5479406,3.3702407],[-76.5478776,3.3702045],[-76.5478416,3.3701774],[-76.5477876,3.3701503],[-76.5477246,3.3701322],[-76.5476707,3.3701322],[-76.5476167,3.3701412],[-76.5475807,3.3701503],[-76.5475537,3.3701683],[-76.5475177,3.3702045],[-76.5474997,3.3702407],[-76.5474817,3.370295],[-76.5474817,3.3703402],[-76.5474907,3.3703763],[-76.5475267,3.3704487],[-76.5476076,3.3705391],[-76.5476706,3.3705843],[-76.5477156,3.3706296],[-76.5477516,3.3706838],[-76.5478056,3.37072],[-76.5478596,3.3707562],[-76.5479406,3.3708285],[-76.5480036,3.3708918],[-76.5480486,3.3709551],[-76.5480756,3.3710004],[-76.5480756,3.3710365],[-76.5480756,3.3710637],[-76.5480665,3.3711089],[-76.5480486,3.371136],[-76.5480216,3.371136],[-76.5479766,3.3711179],[-76.5479406,3.3711089],[-76.5479046,3.3710998],[-76.5478506,3.3711089],[-76.5478056,3.371136],[-76.5477336,3.3711631],[-76.5476796,3.3711903],[-76.5476166,3.3712174],[-76.5475626,3.3712174],[-76.5475176,3.3712174],[-76.5474816,3.3712083],[-76.5474546,3.3711722],[-76.5474186,3.3711269],[-76.5473827,3.3710636],[-76.5473647,3.3710094],[-76.5473287,3.3709461],[-76.5472927,3.3709009],[-76.5472297,3.3708375],[-76.5471667,3.3708014],[-76.5471127,3.3707742],[-76.5470587,3.3707381],[-76.5469957,3.3707019],[-76.5469327,3.3706657],[-76.5468518,3.3706386],[-76.5467888,3.3706114],[-76.5467168,3.3705933],[-76.5466358,3.3705662],[-76.5465908,3.3705391],[-76.5465188,3.3705391],[-76.5464198,3.3705481],[-76.5463118,3.3705662],[-76.5461679,3.3706205],[-76.5460329,3.3706747],[-76.5459069,3.3707199],[-76.5457539,3.3707832],[-76.5456459,3.3708375],[-76.5455739,3.3708827],[-76.5454749,3.370955],[-76.545358,3.3710002],[-76.545259,3.3710183],[-76.545169,3.3710274],[-76.545115,3.3710364],[-76.54507,3.3710364],[-76.545016,3.3710545],[-76.544908,3.3710816],[-76.544764,3.3711449],[-76.5446111,3.3711992],[-76.5444941,3.3712534],[-76.5444311,3.3712805],[-76.5443771,3.3712986],[-76.5443051,3.3713348],[-76.5442151,3.3713619],[-76.5441521,3.3713981],[-76.5441071,3.3714343],[-76.5440801,3.3714795],[-76.5440801,3.3715247],[-76.5441251,3.371579],[-76.5442061,3.3716151],[-76.5442871,3.3716694],[-76.5443501,3.3716965],[-76.5444221,3.3717146],[-76.5444581,3.3717327],[-76.5444941,3.3717779],[-76.544566,3.3718051],[-76.544629,3.3718322],[-76.544683,3.3718593],[-76.544719,3.3718774],[-76.544782,3.3719046],[-76.544845,3.3719317],[-76.544908,3.3719859],[-76.544962,3.3720583],[-76.544998,3.3721216],[-76.545034,3.372212],[-76.5450789,3.3723206],[-76.5451059,3.3723929],[-76.5451239,3.3724562],[-76.5451599,3.3725286],[-76.5451869,3.3726009],[-76.5452049,3.3726913],[-76.5452049,3.3727456],[-76.5452049,3.372836],[-76.5451959,3.3728993],[-76.5451869,3.3729807],[-76.5451689,3.3730531],[-76.5451149,3.3731978],[-76.5450969,3.373243],[-76.5450969,3.3733153],[-76.5451059,3.3733696],[-76.5451329,3.3734239],[-76.5451509,3.3734872],[-76.5451419,3.3735776],[-76.5451239,3.373659],[-76.5450789,3.3737042],[-76.5450249,3.3737494],[-76.5449799,3.3737675],[-76.5449349,3.3737765],[-76.5448809,3.3737765],[-76.5448269,3.3737675],[-76.5447459,3.3737494],[-76.5446829,3.3737223],[-76.544629,3.3736951],[-76.544593,3.3736861],[-76.544548,3.3736861],[-76.544494,3.3737132],[-76.544449,3.3737403],[-76.544386,3.3737856],[-76.54435,3.3738127],[-76.544332,3.3738579],[-76.544341,3.3739031],[-76.54435,3.3739574],[-76.544377,3.3739936],[-76.544422,3.3740297],[-76.54444,3.3740659],[-76.544449,3.3741021],[-76.544467,3.3741563],[-76.544467,3.3741925],[-76.5444759,3.3742377],[-76.5444759,3.3742739],[-76.5444669,3.3743101],[-76.544422,3.3743372],[-76.544395,3.3743643],[-76.54435,3.3744005],[-76.544341,3.3744367],[-76.544314,3.3744819],[-76.544269,3.3745723],[-76.5442094,3.3746407],[-76.544206,3.3746447],[-76.544116,3.3747351],[-76.544044,3.3747894],[-76.54399,3.3748346],[-76.543954,3.3748707],[-76.543918,3.3749069],[-76.543792,3.3749069],[-76.543666,3.3748798],[-76.5435311,3.3748617],[-76.5434141,3.3748436],[-76.5433151,3.3748074],[-76.5431981,3.3747712],[-76.5430901,3.3747441],[-76.5430271,3.3746989],[-76.5429821,3.3746808],[-76.5429282,3.3746989],[-76.5428742,3.3747622],[-76.5428292,3.3748255],[-76.5427752,3.374925],[-76.5427302,3.3750154],[-76.5426942,3.3750968],[-76.5426582,3.3751782],[-76.5426306,3.3752614],[-76.5425709,3.375313],[-76.5424813,3.3753781],[-76.5424299,3.3754259],[-76.5423942,3.3754718],[-76.5423876,3.3754757],[-76.5423869,3.3754759],[-76.542288,3.3750683]]]}},{"type":"Feature","properties":{"comuna":21,"nombre":"Comuna 21","shape_leng":16233.984,"shape_area":4766030.304},"geometry":{"type":"Polygon","coordinates":[[[-76.47577,3.4449814],[-76.4758024,3.4447168],[-76.4758024,3.4443009],[-76.4758024,3.444121],[-76.4757241,3.4437236],[-76.4756596,3.443396],[-76.4753835,3.4426038],[-76.4753646,3.4425493],[-76.4753637,3.4425468],[-76.4753155,3.442451],[-76.4753096,3.4424393],[-76.4752534,3.4423278],[-76.4752522,3.4423253],[-76.4752256,3.4422725],[-76.4751295,3.4420817],[-76.4750493,3.4419224],[-76.4749939,3.4418123],[-76.4749036,3.4416328],[-76.474887,3.4416132],[-76.4748327,3.4415491],[-76.4747209,3.4414169],[-76.4744862,3.4411394],[-76.4744831,3.4411358],[-76.4744188,3.4410598],[-76.4743602,3.4409904],[-76.4743421,3.4409697],[-76.474342,3.4409696],[-76.4743404,3.4409678],[-76.4743133,3.4409367],[-76.4740252,3.4406068],[-76.4739641,3.4405453],[-76.4739279,3.4405113],[-76.4738907,3.4404786],[-76.4738526,3.4404468],[-76.4738136,3.4404161],[-76.4737738,3.4403866],[-76.4737333,3.4403581],[-76.4736919,3.4403308],[-76.4736498,3.4403047],[-76.4736069,3.4402797],[-76.4735634,3.440256],[-76.4735193,3.4402336],[-76.4734745,3.4402123],[-76.4734291,3.4401924],[-76.4734188,3.4401882],[-76.4733833,3.4401737],[-76.4733369,3.4401563],[-76.4732901,3.4401402],[-76.4732428,3.4401255],[-76.4731952,3.4401121],[-76.4731472,3.4401],[-76.4730988,3.4400893],[-76.4730502,3.44008],[-76.4730013,3.440072],[-76.4729523,3.4400654],[-76.4729031,3.4400602],[-76.4728537,3.4400564],[-76.4728043,3.4400539],[-76.4727548,3.4400529],[-76.4727053,3.4400532],[-76.4726559,3.4400549],[-76.4726064,3.4400581],[-76.4721486,3.4401257],[-76.4720384,3.4401885],[-76.4716933,3.4402301],[-76.4716817,3.440228],[-76.4715586,3.4402058],[-76.4694576,3.4405737],[-76.4693629,3.4406015],[-76.469314,3.4406088],[-76.4692645,3.4406114],[-76.4692151,3.4406095],[-76.469166,3.440603],[-76.4691178,3.4405921],[-76.4690708,3.4405767],[-76.4690647,3.440574],[-76.4690254,3.4405569],[-76.4689819,3.4405331],[-76.4689409,3.4405054],[-76.4689025,3.440474],[-76.4688672,3.4404392],[-76.4687882,3.4404083],[-76.4687425,3.4403889],[-76.4686973,3.4403687],[-76.4686525,3.4403475],[-76.4686083,3.4403254],[-76.4685644,3.4403024],[-76.4685209,3.4402784],[-76.4684781,3.4402536],[-76.4684357,3.440228],[-76.4683938,3.4402014],[-76.4683525,3.4401741],[-76.4683118,3.4401458],[-76.4682716,3.4401167],[-76.4682321,3.4400868],[-76.4681931,3.4400561],[-76.4681548,3.4400246],[-76.4681172,3.4399923],[-76.4680802,3.4399593],[-76.4680439,3.4399254],[-76.4680083,3.4398909],[-76.4673326,3.4391277],[-76.4671207,3.4389788],[-76.4669827,3.4388214],[-76.4668822,3.438627],[-76.4662038,3.4379191],[-76.4654236,3.4371049],[-76.4653631,3.4370404],[-76.465328,3.4370053],[-76.4652922,3.436971],[-76.4652555,3.4369376],[-76.4652182,3.4369049],[-76.4651801,3.4368731],[-76.4651413,3.4368422],[-76.4651019,3.4368122],[-76.4650617,3.4367832],[-76.4650209,3.436755],[-76.4649795,3.4367277],[-76.4649375,3.4367014],[-76.4649291,3.4366964],[-76.4648949,3.4366761],[-76.4648774,3.4366662],[-76.4648753,3.436665],[-76.4648517,3.4366517],[-76.4648081,3.4366283],[-76.4646596,3.4365359],[-76.4641336,3.4362085],[-76.4640628,3.4361634],[-76.4640216,3.4361359],[-76.4639808,3.4361077],[-76.4639404,3.436079],[-76.4639005,3.4360496],[-76.463861,3.4360195],[-76.4638221,3.4359889],[-76.4637835,3.4359577],[-76.4637455,3.4359259],[-76.4637079,3.4358935],[-76.4636708,3.4358605],[-76.4636344,3.4358269],[-76.4635983,3.4357929],[-76.4635629,3.4357582],[-76.4635279,3.4357229],[-76.4634935,3.4356871],[-76.4634597,3.4356509],[-76.4634263,3.4356141],[-76.4633937,3.4355767],[-76.4633615,3.4355389],[-76.46333,3.4355006],[-76.463299,3.4354617],[-76.4632687,3.4354225],[-76.4632389,3.4353827],[-76.4632098,3.4353425],[-76.4631813,3.4353018],[-76.4631534,3.4352608],[-76.4631261,3.4352192],[-76.4630995,3.4351773],[-76.4630735,3.4351349],[-76.4630483,3.4350922],[-76.4630236,3.4350491],[-76.4629997,3.4350056],[-76.4629763,3.4349617],[-76.4629537,3.4349175],[-76.4628618,3.4346517],[-76.4627942,3.4344318],[-76.4627801,3.4342229],[-76.4626465,3.4336454],[-76.4626459,3.4336429],[-76.4626433,3.4336315],[-76.4626379,3.4336082],[-76.4626308,3.4335776],[-76.4621731,3.4315989],[-76.4620929,3.4312519],[-76.4620906,3.4312423],[-76.4620902,3.4312402],[-76.4620714,3.4311594],[-76.4620701,3.4311536],[-76.4620426,3.4310347],[-76.4620067,3.4308793],[-76.4619622,3.4306869],[-76.461911,3.4304557],[-76.4619038,3.4304232],[-76.4618513,3.4301858],[-76.4618436,3.4301508],[-76.4618408,3.4301382],[-76.4618378,3.4301248],[-76.4618327,3.4301018],[-76.4617802,3.4298642],[-76.4617465,3.4297118],[-76.4616849,3.4295882],[-76.4616728,3.4295426],[-76.4616615,3.4294998],[-76.4616441,3.4293888],[-76.4616375,3.429347],[-76.4616375,3.4293469],[-76.4616241,3.4292616],[-76.4616241,3.4292615],[-76.4616214,3.4292439],[-76.4616216,3.429242],[-76.4616365,3.4291255],[-76.4616362,3.4291239],[-76.4615765,3.428782],[-76.4615299,3.4285147],[-76.4614055,3.4278022],[-76.4613608,3.4275461],[-76.4613016,3.4272071],[-76.4612683,3.426949],[-76.4612583,3.426871],[-76.4612477,3.4268037],[-76.4612437,3.4267542],[-76.4612428,3.4267044],[-76.4612429,3.4267037],[-76.461245,3.4266548],[-76.4612503,3.4266053],[-76.4612531,3.426589],[-76.4612587,3.4265563],[-76.4612701,3.4265079],[-76.4612845,3.4264603],[-76.4613018,3.4264137],[-76.4614052,3.4260887],[-76.4615396,3.4256664],[-76.4616627,3.4252795],[-76.4618186,3.4247897],[-76.4619781,3.4242887],[-76.4621153,3.4238575],[-76.4623251,3.4231984],[-76.4623372,3.4231603],[-76.4623449,3.4229651],[-76.4623636,3.4228966],[-76.4624194,3.4226913],[-76.4625142,3.4225425],[-76.462595,3.4222689],[-76.4627143,3.4218649],[-76.4627157,3.4218601],[-76.4627436,3.4217891],[-76.4627595,3.4217421],[-76.4627737,3.4216944],[-76.4627861,3.4216463],[-76.4627968,3.4215977],[-76.4628056,3.4215488],[-76.4628127,3.4214995],[-76.4628179,3.4214501],[-76.4628213,3.4214005],[-76.4628228,3.4213507],[-76.4628273,3.4212958],[-76.4628576,3.4209269],[-76.4628893,3.4205396],[-76.4629063,3.4203327],[-76.4629101,3.4202868],[-76.4629129,3.420253],[-76.4629145,3.4202325],[-76.4629147,3.4202309],[-76.4629147,3.4202308],[-76.4629345,3.419989],[-76.4629638,3.4196321],[-76.4629843,3.4193821],[-76.4630012,3.4191755],[-76.4630781,3.4182379],[-76.4630878,3.4181208],[-76.4631045,3.4179168],[-76.4631075,3.4178614],[-76.4631121,3.4178118],[-76.4631184,3.4177625],[-76.4631266,3.4177134],[-76.4631364,3.4176648],[-76.463148,3.4176164],[-76.4631613,3.4175685],[-76.4631764,3.4175211],[-76.4631931,3.4174743],[-76.4632115,3.4174281],[-76.4632315,3.4173826],[-76.4632532,3.4173379],[-76.4632764,3.417294],[-76.4633011,3.4172509],[-76.4633274,3.4172088],[-76.4633331,3.4172005],[-76.4633552,3.4171676],[-76.4633845,3.4171275],[-76.4634152,3.4170885],[-76.4634472,3.4170505],[-76.4634806,3.4170138],[-76.4635153,3.4169784],[-76.4635417,3.4169531],[-76.4635512,3.4169442],[-76.4635883,3.4169112],[-76.4636266,3.4168797],[-76.4636659,3.4168496],[-76.4642826,3.4163444],[-76.4643017,3.4163303],[-76.4643417,3.4163007],[-76.4643519,3.4162931],[-76.4643524,3.4162927],[-76.4645424,3.4161519],[-76.464666,3.4160813],[-76.4651598,3.415799],[-76.4652362,3.4157553],[-76.4652991,3.4157141],[-76.4653382,3.4156837],[-76.4653753,3.4156508],[-76.4654102,3.4156155],[-76.4654428,3.4155781],[-76.4654729,3.4155387],[-76.4655004,3.4154973],[-76.4655253,3.4154543],[-76.4655473,3.4154098],[-76.4656553,3.4152172],[-76.465872,3.4148305],[-76.4661037,3.4144171],[-76.4662497,3.4140788],[-76.4663449,3.4138585],[-76.4663547,3.4138045],[-76.4663943,3.413586],[-76.4664906,3.4133385],[-76.4665504,3.4132531],[-76.466702,3.4128654],[-76.4668231,3.4125559],[-76.4668796,3.4124117],[-76.4669539,3.4122216],[-76.4670012,3.4121009],[-76.4670933,3.4118654],[-76.4671455,3.4117319],[-76.467216,3.4115518],[-76.4672898,3.411363],[-76.4673491,3.4112116],[-76.467352,3.4111991],[-76.4673608,3.4111625],[-76.4673702,3.4111137],[-76.4673776,3.4110645],[-76.4673805,3.4110378],[-76.467383,3.4110151],[-76.4673863,3.4109655],[-76.4673876,3.4109158],[-76.4673875,3.4109132],[-76.4673867,3.4108661],[-76.4673839,3.4108164],[-76.4673797,3.4107748],[-76.4673792,3.4107699],[-76.4673789,3.4107669],[-76.4673719,3.4107177],[-76.4673663,3.4106997],[-76.4673407,3.4106171],[-76.4673318,3.4105884],[-76.4673193,3.4105481],[-76.4673172,3.4105414],[-76.4673171,3.410541],[-76.4673168,3.4105401],[-76.4673161,3.4105378],[-76.4672532,3.4103351],[-76.4672459,3.4103114],[-76.4671353,3.4099547],[-76.4671034,3.409852],[-76.4670511,3.4096833],[-76.4669771,3.409567],[-76.4669405,3.4095095],[-76.4669272,3.4094651],[-76.4668588,3.4092357],[-76.4668587,3.4092321],[-76.4668578,3.4091061],[-76.4668578,3.4091003],[-76.4668398,3.4090487],[-76.4667973,3.4089273],[-76.4667303,3.4087721],[-76.4667255,3.4087609],[-76.4666848,3.4086668],[-76.4665618,3.4083819],[-76.4665073,3.4082555],[-76.4663702,3.4079381],[-76.4663579,3.4079095],[-76.4663373,3.4078618],[-76.4662956,3.4077941],[-76.4662752,3.4077488],[-76.4662593,3.4077017],[-76.4662481,3.4076533],[-76.4662463,3.4076395],[-76.4662418,3.4076236],[-76.4662059,3.407496],[-76.4661879,3.4074325],[-76.4661574,3.4072544],[-76.4661546,3.4071798],[-76.4661543,3.4071723],[-76.4661506,3.4070738],[-76.4661507,3.4070729],[-76.4661673,3.4068938],[-76.466172,3.4067967],[-76.4661756,3.4067222],[-76.4661837,3.4065534],[-76.4662329,3.4063825],[-76.4662336,3.4063798],[-76.4662611,3.4063217],[-76.4663106,3.4062167],[-76.4664944,3.4059524],[-76.4665631,3.4058537],[-76.4666354,3.4057497],[-76.4666379,3.4057427],[-76.4666585,3.4056975],[-76.466683,3.4056543],[-76.4667112,3.4056135],[-76.4667314,3.4055892],[-76.4667429,3.4055753],[-76.4667778,3.40554],[-76.4668157,3.405508],[-76.466887,3.4054316],[-76.4668917,3.4054266],[-76.4670517,3.4052571],[-76.4671927,3.4051079],[-76.4673946,3.4048941],[-76.4675506,3.4047289],[-76.4677621,3.404505],[-76.4679112,3.4043471],[-76.4680664,3.4041827],[-76.468124,3.4041218],[-76.4681913,3.404054],[-76.4682156,3.4040108],[-76.468215,3.4040082],[-76.4682145,3.4040061],[-76.4682134,3.4040018],[-76.4682107,3.4039903],[-76.4682015,3.4039513],[-76.4682018,3.4039491],[-76.4682038,3.4039349],[-76.4682223,3.4038051],[-76.4682262,3.4037773],[-76.4682359,3.4037091],[-76.4682414,3.4036705],[-76.4682425,3.4036633],[-76.4682484,3.4036214],[-76.4682508,3.4036045],[-76.4682566,3.4035637],[-76.4682647,3.403507],[-76.4682728,3.40345],[-76.4682783,3.4034113],[-76.4682851,3.4033635],[-76.4682852,3.4033631],[-76.4682867,3.4033527],[-76.4682874,3.4033476],[-76.4682878,3.4033447],[-76.4682914,3.4033196],[-76.4682919,3.403316],[-76.4682937,3.4033036],[-76.4682971,3.4032794],[-76.4682972,3.4032789],[-76.4683013,3.4032496],[-76.4683023,3.4032431],[-76.4683051,3.4032232],[-76.4683065,3.4032138],[-76.4683082,3.4032014],[-76.4683092,3.4031947],[-76.4683105,3.4031855],[-76.4683131,3.4031671],[-76.4683148,3.4031554],[-76.4683172,3.4031386],[-76.4683184,3.4031298],[-76.4683212,3.4031105],[-76.4683228,3.4030987],[-76.4683252,3.4030818],[-76.4683271,3.403069],[-76.4683289,3.4030564],[-76.4683305,3.4030447],[-76.4683335,3.4030238],[-76.4683342,3.4030188],[-76.4683373,3.4029969],[-76.4683389,3.402986],[-76.4683413,3.4029689],[-76.4683431,3.4029564],[-76.4683449,3.4029435],[-76.4683468,3.4029303],[-76.468349,3.402915],[-76.4683504,3.4029054],[-76.4683504,3.4029048],[-76.4683507,3.4028876],[-76.4683509,3.4028788],[-76.4683512,3.4028663],[-76.4683514,3.4028539],[-76.4683517,3.4028426],[-76.468352,3.4028294],[-76.4683521,3.4028217],[-76.4683522,3.4028199],[-76.4683525,3.4028047],[-76.4683525,3.4028029],[-76.4683527,3.4027959],[-76.4683526,3.4027952],[-76.4683455,3.4027274],[-76.4683348,3.4026788],[-76.4683298,3.4026586],[-76.4683228,3.4026305],[-76.4683189,3.402616],[-76.4683132,3.4025952],[-76.4683097,3.4025825],[-76.4682953,3.402535],[-76.4682928,3.4025283],[-76.4682863,3.402511],[-76.4682691,3.402465],[-76.4682554,3.4024284],[-76.4682536,3.4024236],[-76.4682401,3.4023876],[-76.468196,3.4022703],[-76.4681905,3.4022554],[-76.4681328,3.4021017],[-76.4681237,3.4020774],[-76.4681189,3.4020646],[-76.4680593,3.4019058],[-76.4680459,3.4018702],[-76.4679876,3.4017148],[-76.4679804,3.4016955],[-76.4679231,3.4015429],[-76.4679048,3.4014939],[-76.4678672,3.4013937],[-76.4678497,3.4013471],[-76.4678489,3.4013449],[-76.467802,3.4012234],[-76.4677884,3.4011882],[-76.4677281,3.4010321],[-76.4677247,3.4010231],[-76.4676704,3.4008825],[-76.467644,3.4008141],[-76.467603,3.400708],[-76.4675866,3.4006654],[-76.4675388,3.4005416],[-76.467524,3.4005033],[-76.4674856,3.4004039],[-76.4674681,3.4003584],[-76.467456,3.4003271],[-76.4674015,3.4001859],[-76.4673808,3.4001324],[-76.4673569,3.4000704],[-76.4673571,3.4000674],[-76.4673572,3.4000665],[-76.4673583,3.4000363],[-76.4673616,3.40001],[-76.4673681,3.3999822],[-76.4673802,3.3999477],[-76.4673913,3.3999194],[-76.4674192,3.3998936],[-76.4674258,3.3999059],[-76.467449,3.399948],[-76.4674493,3.3999484],[-76.4674731,3.3999855],[-76.4674747,3.3999879],[-76.4674877,3.4000077],[-76.4675032,3.4000294],[-76.4675156,3.4000455],[-76.4675326,3.4000677],[-76.4675368,3.4000735],[-76.4675481,3.4000893],[-76.4675634,3.4001132],[-76.4675717,3.4001235],[-76.467576,3.4001288],[-76.4675869,3.4001423],[-76.4675952,3.4001525],[-76.4676152,3.4001773],[-76.4676352,3.4001999],[-76.4676557,3.4002243],[-76.4676559,3.4002246],[-76.4676655,3.400236],[-76.4676754,3.4002481],[-76.4676825,3.4002568],[-76.467698,3.4002761],[-76.4677144,3.4002953],[-76.4677314,3.4003147],[-76.4677351,3.4003194],[-76.4677469,3.4003347],[-76.4677632,3.400354],[-76.4677809,3.4003756],[-76.4677958,3.4003929],[-76.4678002,3.4003981],[-76.4678233,3.4004207],[-76.4678486,3.400445],[-76.4678495,3.4004458],[-76.467878,3.4004679],[-76.4678886,3.4004765],[-76.467905,3.4004898],[-76.4679351,3.400512],[-76.4679569,3.4005268],[-76.4679826,3.4005449],[-76.4680036,3.4005612],[-76.4680239,3.400576],[-76.4680281,3.400579],[-76.4680556,3.4005989],[-76.4680767,3.4006137],[-76.4680963,3.4006269],[-76.4681287,3.4006499],[-76.468131,3.4006516],[-76.4681565,3.4006704],[-76.4681821,3.4006885],[-76.4681844,3.4006901],[-76.4682095,3.4007027],[-76.4682527,3.4007245],[-76.4682732,3.4007338],[-76.4682983,3.4007457],[-76.4683136,3.4007518],[-76.4683242,3.400756],[-76.4683471,3.4007647],[-76.4683738,3.4007734],[-76.468396,3.4007797],[-76.4684206,3.4007845],[-76.4684452,3.4007878],[-76.4684573,3.4007891],[-76.4684698,3.4007903],[-76.4684961,3.4007921],[-76.4685277,3.4007941],[-76.4685593,3.4007953],[-76.4685794,3.400796],[-76.4685925,3.4007965],[-76.4686219,3.4007968],[-76.468659,3.4007983],[-76.4686884,3.4007986],[-76.468731,3.4007979],[-76.4687505,3.4007983],[-76.4687773,3.4007988],[-76.4688028,3.4007978],[-76.4688253,3.4007968],[-76.4688647,3.4007967],[-76.4689127,3.4007962],[-76.4689599,3.4007957],[-76.4689916,3.4007953],[-76.4690063,3.4007951],[-76.4690527,3.4007969],[-76.4690589,3.4007969],[-76.4690929,3.4007968],[-76.4691361,3.4007977],[-76.4691756,3.4007985],[-76.469213,3.4007991],[-76.4692165,3.4007992],[-76.4692551,3.4007999],[-76.4692869,3.4007995],[-76.469321,3.4007995],[-76.4693278,3.4007995],[-76.4693673,3.4007995],[-76.4694045,3.4007993],[-76.4694393,3.4007991],[-76.4694874,3.4007988],[-76.4694919,3.4007988],[-76.4695228,3.4007984],[-76.4695522,3.4007987],[-76.4695667,3.4007988],[-76.4695785,3.4007989],[-76.469604,3.4007992],[-76.4696318,3.4008002],[-76.4696588,3.4008004],[-76.4696905,3.4008016],[-76.4697222,3.4008021],[-76.4697257,3.4008022],[-76.469752,3.4008032],[-76.4697592,3.4008035],[-76.4697987,3.4008042],[-76.4698411,3.4008058],[-76.4698844,3.4008075],[-76.4699284,3.4008092],[-76.4699538,3.4008101],[-76.4699732,3.4008108],[-76.4699938,3.4008116],[-76.4700179,3.4008125],[-76.4700527,3.4008138],[-76.470096,3.4008155],[-76.4701261,3.4008166],[-76.4701401,3.4008171],[-76.4701701,3.4008183],[-76.4702149,3.40082],[-76.4702565,3.4008231],[-76.4702882,3.4008243],[-76.4703291,3.4008267],[-76.470373,3.4008291],[-76.4704163,3.4008315],[-76.4704321,3.4008321],[-76.4704376,3.4008323],[-76.4704456,3.4008326],[-76.4704873,3.4008342],[-76.4705251,3.4008364],[-76.4705629,3.4008394],[-76.4705868,3.4008419],[-76.4706199,3.4008463],[-76.4706507,3.4008505],[-76.4706606,3.4008519],[-76.4706723,3.4008535],[-76.4706814,3.4008548],[-76.4707083,3.4008589],[-76.470739,3.4008639],[-76.4707667,3.4008681],[-76.4707975,3.4008724],[-76.4708268,3.400875],[-76.4708576,3.4008778],[-76.4708651,3.4008785],[-76.470887,3.4008805],[-76.470917,3.4008824],[-76.4709258,3.4008832],[-76.4709471,3.4008851],[-76.4709787,3.4008879],[-76.4710126,3.4008915],[-76.4710664,3.4008982],[-76.4710946,3.4009024],[-76.471101,3.4009033],[-76.4711356,3.4009086],[-76.4711377,3.4009089],[-76.4711749,3.4009139],[-76.4712156,3.4009202],[-76.4712587,3.4009288],[-76.471304,3.4009352],[-76.4713486,3.4009439],[-76.4713562,3.4009451],[-76.4713924,3.4009509],[-76.4713992,3.4009523],[-76.4714345,3.4009595],[-76.4714768,3.4009673],[-76.4715213,3.400976],[-76.471562,3.4009838],[-76.4715993,3.4009904],[-76.4716066,3.4009917],[-76.4716488,3.4009988],[-76.4716725,3.4010021],[-76.4716942,3.4010052],[-76.4717358,3.4010106],[-76.4717804,3.401017],[-76.4718197,3.4010223],[-76.4718463,3.4010266],[-76.471858,3.4010284],[-76.4718927,3.4010329],[-76.4719273,3.4010381],[-76.471942,3.4010404],[-76.4719603,3.4010432],[-76.4719958,3.4010484],[-76.4720342,3.4010546],[-76.4720695,3.4010606],[-76.4721034,3.401065],[-76.4721207,3.401068],[-76.4721318,3.4010699],[-76.4721672,3.4010752],[-76.4722011,3.4010788],[-76.4722357,3.4010832],[-76.4722681,3.4010852],[-76.4722776,3.401086],[-76.4723043,3.4010881],[-76.4723499,3.4010899],[-76.4723793,3.4010909],[-76.4723844,3.4010911],[-76.4724094,3.4010921],[-76.4724379,3.4010932],[-76.4724688,3.4010943],[-76.472502,3.4010956],[-76.4725515,3.4010968],[-76.4725824,3.4010979],[-76.4725861,3.4010978],[-76.4726118,3.4010975],[-76.4726419,3.4010978],[-76.472666,3.4010964],[-76.4727079,3.4010925],[-76.4727169,3.4010912],[-76.4727452,3.401087],[-76.4727934,3.4010795],[-76.472818,3.4010738],[-76.472834,3.4010701],[-76.4728605,3.4010641],[-76.4728879,3.4010567],[-76.4729151,3.4010499],[-76.4729421,3.4010423],[-76.4729421,3.4010422],[-76.4729441,3.4010417],[-76.4729502,3.4010401],[-76.4729597,3.4010376],[-76.472991,3.4010279],[-76.4730333,3.4010132],[-76.4730576,3.4010033],[-76.4730714,3.4009972],[-76.4730804,3.4009932],[-76.4731033,3.4009832],[-76.4731246,3.4009716],[-76.4731602,3.4009512],[-76.4731903,3.4009321],[-76.4732169,3.4009153],[-76.4732251,3.4009101],[-76.4732528,3.4008917],[-76.4732855,3.4008681],[-76.4733046,3.4008558],[-76.4733116,3.4008513],[-76.4733418,3.4008314],[-76.4733697,3.4008084],[-76.473401,3.4007769],[-76.4734092,3.4007653],[-76.4734165,3.400755],[-76.473436,3.40073],[-76.4734442,3.4007178],[-76.4734557,3.4007005],[-76.4734778,3.4006672],[-76.4734947,3.40064],[-76.4735034,3.4006261],[-76.4735255,3.4005928],[-76.4735263,3.4005914],[-76.4735469,3.4005586],[-76.4735609,3.4005358],[-76.473574,3.4005117],[-76.4735766,3.4005069],[-76.4735916,3.4004787],[-76.4736042,3.4004545],[-76.4736066,3.4004498],[-76.4736216,3.4004239],[-76.4736357,3.4003972],[-76.473636,3.4003965],[-76.4736499,3.400369],[-76.4736582,3.4003538],[-76.47368,3.400308],[-76.4736891,3.4002914],[-76.4736958,3.4002791],[-76.47371,3.4002501],[-76.4737148,3.4002404],[-76.4737243,3.4002211],[-76.4737393,3.4001921],[-76.4737501,3.4001708],[-76.4737625,3.4001461],[-76.4737643,3.4001425],[-76.4737797,3.4001058],[-76.4737839,3.4000959],[-76.4737964,3.4000708],[-76.4738105,3.4000448],[-76.4738229,3.4000243],[-76.4738369,3.4],[-76.4738441,3.3999869],[-76.4738502,3.3999757],[-76.4738659,3.399949],[-76.4738781,3.39993],[-76.4738824,3.3999232],[-76.4738989,3.3998959],[-76.4739154,3.3998677],[-76.4739334,3.3998405],[-76.4739514,3.399814],[-76.473971,3.3997867],[-76.4739841,3.3997669],[-76.473989,3.3997594],[-76.4739903,3.3997577],[-76.474007,3.3997353],[-76.4740264,3.3997127],[-76.4740409,3.3996953],[-76.4740564,3.3996757],[-76.47408,3.3996432],[-76.474097,3.3996244],[-76.4741083,3.3996143],[-76.4741178,3.3996058],[-76.4741508,3.3995728],[-76.4741676,3.3995572],[-76.4741867,3.3995423],[-76.4742185,3.3995194],[-76.4742478,3.3995004],[-76.4742644,3.3994911],[-76.4742818,3.3994814],[-76.4743149,3.3994625],[-76.474341,3.3994487],[-76.474367,3.3994372],[-76.4743935,3.3994313],[-76.4744155,3.3994296],[-76.4744276,3.3994287],[-76.4744625,3.3994261],[-76.4744783,3.399426],[-76.4744989,3.3994259],[-76.474532,3.3994264],[-76.4745576,3.3994274],[-76.4745838,3.3994283],[-76.4746085,3.3994309],[-76.4746361,3.3994365],[-76.4746406,3.3994378],[-76.4746652,3.3994447],[-76.4746714,3.3994476],[-76.4746925,3.3994574],[-76.4747169,3.3994661],[-76.474746,3.3994741],[-76.4747848,3.3994904],[-76.4748242,3.3995129],[-76.4748449,3.3995279],[-76.4748587,3.3995379],[-76.4748603,3.3995391],[-76.4748701,3.3995465],[-76.4749062,3.3995743],[-76.4749226,3.3995905],[-76.4749374,3.3996089],[-76.4749505,3.3996267],[-76.4749521,3.3996289],[-76.4749643,3.3996468],[-76.4749668,3.3996504],[-76.4749806,3.3996727],[-76.4749936,3.3996973],[-76.4750088,3.3997251],[-76.475021,3.3997467],[-76.4750241,3.3997521],[-76.47504,3.3997791],[-76.4750401,3.3997793],[-76.4750655,3.3998236],[-76.4750791,3.3998513],[-76.4750901,3.3998708],[-76.4750943,3.3998783],[-76.4751041,3.3998956],[-76.4751204,3.3999243],[-76.4751348,3.3999521],[-76.4751465,3.3999764],[-76.4751485,3.3999806],[-76.4751603,3.4000076],[-76.4751613,3.4000098],[-76.4751741,3.4000375],[-76.4751886,3.4000653],[-76.4751985,3.4000874],[-76.4752007,3.4000921],[-76.4752121,3.4001175],[-76.4752166,3.4001273],[-76.4752235,3.4001428],[-76.4752365,3.4001689],[-76.4752494,3.4001966],[-76.4752628,3.4002231],[-76.4752638,3.4002251],[-76.4752781,3.4002536],[-76.475281,3.4002593],[-76.475294,3.4002845],[-76.4753056,3.4003067],[-76.4753223,3.4003353],[-76.4753265,3.4003425],[-76.4753382,3.4003624],[-76.4753433,3.4003713],[-76.4753535,3.4003894],[-76.4753782,3.4004323],[-76.4753857,3.4004466],[-76.4753919,3.4004585],[-76.4754025,3.4004763],[-76.4754079,3.4004855],[-76.4754338,3.4005354],[-76.4754513,3.4005656],[-76.4754542,3.4005701],[-76.4754621,3.4005822],[-76.4754695,3.4005935],[-76.475485,3.4006199],[-76.4754863,3.4006221],[-76.4755023,3.4006484],[-76.4755183,3.4006754],[-76.4755207,3.4006793],[-76.4755358,3.400704],[-76.475554,3.400735],[-76.4755729,3.4007645],[-76.4755928,3.4007925],[-76.4756141,3.4008228],[-76.475617,3.400827],[-76.4756339,3.4008515],[-76.4756529,3.4008794],[-76.4756659,3.4008998],[-76.4756711,3.4009081],[-76.4756926,3.4009361],[-76.4756984,3.4009449],[-76.4757102,3.4009625],[-76.4757292,3.4009904],[-76.4757475,3.401016],[-76.4757506,3.40102],[-76.4757667,3.4010415],[-76.4757843,3.4010663],[-76.4757975,3.4010854],[-76.4758047,3.4010962],[-76.4758151,3.4011118],[-76.4758303,3.401133],[-76.4758334,3.4011373],[-76.4758518,3.4011636],[-76.4758686,3.4011899],[-76.4758871,3.4012185],[-76.4758964,3.4012329],[-76.4759121,3.4012583],[-76.4759132,3.40126],[-76.4759307,3.4012864],[-76.4759483,3.4013126],[-76.4759643,3.4013382],[-76.4759648,3.4013388],[-76.4759802,3.4013592],[-76.4759806,3.4013597],[-76.4759967,3.4013821],[-76.4760114,3.4014029],[-76.4760253,3.4014236],[-76.4760393,3.4014443],[-76.4760436,3.4014507],[-76.4760547,3.4014667],[-76.4760569,3.4014697],[-76.4760708,3.4014883],[-76.4760885,3.4015107],[-76.4761042,3.401529],[-76.4761063,3.4015315],[-76.476124,3.401554],[-76.4761411,3.4015741],[-76.4761518,3.4015871],[-76.4761721,3.4016118],[-76.4761724,3.4016122],[-76.476201,3.4016455],[-76.4762173,3.4016656],[-76.4762328,3.4016864],[-76.4762451,3.4017023],[-76.4762637,3.4017264],[-76.4762821,3.4017512],[-76.4762965,3.4017692],[-76.4763006,3.4017744],[-76.4763191,3.4017961],[-76.4763384,3.4018186],[-76.4763525,3.4018351],[-76.4763576,3.4018411],[-76.4763688,3.4018532],[-76.4763976,3.4018884],[-76.4764093,3.4019038],[-76.4764153,3.4019117],[-76.4764271,3.401927],[-76.4764337,3.4019357],[-76.4764514,3.4019589],[-76.4764683,3.4019844],[-76.4764815,3.4020035],[-76.4764976,3.4020267],[-76.476498,3.4020273],[-76.4765115,3.4020482],[-76.4765194,3.4020625],[-76.4765264,3.4020769],[-76.4765374,3.4020997],[-76.4765577,3.4021365],[-76.4765584,3.4021378],[-76.476577,3.4021693],[-76.4765823,3.4021783],[-76.4765924,3.4021997],[-76.4766031,3.4022219],[-76.4766131,3.4022463],[-76.4766211,3.4022675],[-76.4766229,3.4022724],[-76.4766327,3.4022992],[-76.4766351,3.4023052],[-76.476644,3.4023283],[-76.4766568,3.4023591],[-76.476668,3.4023847],[-76.4766703,3.40239],[-76.4766854,3.4024208],[-76.4766998,3.4024494],[-76.4767,3.4024498],[-76.4767143,3.4024763],[-76.4767273,3.4025002],[-76.4767278,3.4025014],[-76.476738,3.4025231],[-76.4767543,3.4025633],[-76.4767661,3.4025987],[-76.476768,3.4026034],[-76.4767803,3.4026327],[-76.4767933,3.4026623],[-76.4767945,3.4026651],[-76.4768103,3.4026968],[-76.4768259,3.4027362],[-76.4768299,3.4027461],[-76.4768351,3.4027591],[-76.4768458,3.4027821],[-76.4768643,3.4028253],[-76.4768657,3.4028287],[-76.4768825,3.4028759],[-76.4768878,3.4028968],[-76.4768899,3.402905],[-76.4768974,3.4029332],[-76.4769024,3.4029554],[-76.476908,3.4029795],[-76.476914,3.4030054],[-76.4769184,3.4030205],[-76.4769215,3.4030313],[-76.4769348,3.4030691],[-76.476941,3.4030855],[-76.4769425,3.4030896],[-76.4769451,3.403099],[-76.4769502,3.4031176],[-76.476952,3.4031242],[-76.4769556,3.4031386],[-76.4769614,3.4031626],[-76.4769619,3.4031656],[-76.4769627,3.4031709],[-76.4769677,3.4032025],[-76.4769682,3.4032114],[-76.4769688,3.4032219],[-76.4769692,3.4032292],[-76.4769696,3.4032357],[-76.4769697,3.4032378],[-76.4769699,3.4032422],[-76.47697,3.4032437],[-76.4769696,3.4032555],[-76.4769696,3.4032556],[-76.4769693,3.4032627],[-76.4769691,3.4032693],[-76.4769689,3.4032728],[-76.4769686,3.4032807],[-76.4769685,3.4032849],[-76.476967,3.4033244],[-76.4769649,3.4033511],[-76.476964,3.4033632],[-76.4769618,3.403402],[-76.4769617,3.4034036],[-76.4769596,3.403439],[-76.4769594,3.4034423],[-76.4769549,3.4034818],[-76.476941,3.4035208],[-76.4769356,3.4035301],[-76.476917,3.403562],[-76.4769083,3.403578],[-76.4769063,3.4035817],[-76.4768862,3.4036198],[-76.4768679,3.4036564],[-76.4768623,3.4036698],[-76.4768577,3.4036809],[-76.4768549,3.4036863],[-76.4768443,3.4037068],[-76.4768194,3.4037517],[-76.4768022,3.4037783],[-76.4767944,3.40379],[-76.4767888,3.4037984],[-76.4767841,3.4038055],[-76.4767835,3.4038066],[-76.4767562,3.4038519],[-76.4767396,3.40388],[-76.4767258,3.403906],[-76.4767246,3.4039082],[-76.4767099,3.4039382],[-76.4767096,3.4039387],[-76.4766977,3.4039683],[-76.4766967,3.4039709],[-76.4766823,3.4040061],[-76.4766685,3.4040428],[-76.4766655,3.4040504],[-76.4766532,3.4040811],[-76.4766348,3.4041177],[-76.4766336,3.4041202],[-76.4766164,3.4041567],[-76.4766143,3.4041605],[-76.4765946,3.4041986],[-76.4765739,3.4042343],[-76.4765682,3.4042442],[-76.4765403,3.4042867],[-76.4765111,3.4043274],[-76.4765109,3.4043276],[-76.4764968,3.4043472],[-76.4764913,3.4043548],[-76.4764628,3.4043933],[-76.4764366,3.404432],[-76.4764088,3.4044713],[-76.4763923,3.4044987],[-76.4763677,3.4045374],[-76.4763549,3.4045573],[-76.4763439,3.4045745],[-76.4763215,3.4046149],[-76.4763058,3.4046415],[-76.4762842,3.4046818],[-76.4762625,3.404723],[-76.4762408,3.4047614],[-76.4762393,3.4047641],[-76.4762203,3.4047976],[-76.4761995,3.4048364],[-76.4761812,3.4048715],[-76.4761766,3.4048797],[-76.476162,3.4049065],[-76.4761468,3.4049401],[-76.4761293,3.4049954],[-76.476121,3.4050308],[-76.4761137,3.4050651],[-76.4761126,3.4050701],[-76.4761066,3.4051064],[-76.4761014,3.4051412],[-76.4760977,3.4051784],[-76.4760934,3.4052093],[-76.4760892,3.4052418],[-76.4760857,3.4052704],[-76.4760839,3.4052968],[-76.4760822,3.4053231],[-76.4760805,3.4053681],[-76.4760806,3.4054026],[-76.4760806,3.4054062],[-76.476081,3.4054365],[-76.4760846,3.405467],[-76.476094,3.4055031],[-76.4761072,3.4055432],[-76.4761271,3.4055898],[-76.4761409,3.4056129],[-76.4761547,3.4056375],[-76.47617,3.4056614],[-76.4761861,3.4056861],[-76.4762052,3.4057117],[-76.4762192,3.4057324],[-76.4762214,3.4057356],[-76.4762382,3.4057603],[-76.4762559,3.4057836],[-76.4762759,3.4058076],[-76.476296,3.4058294],[-76.4763145,3.4058495],[-76.4763309,3.405868],[-76.4763591,3.4058986],[-76.4763873,3.40593],[-76.4764185,3.4059646],[-76.4764364,3.4059823],[-76.4764527,3.4060001],[-76.476457,3.4060047],[-76.476468,3.4060166],[-76.4764698,3.4060186],[-76.4764892,3.406038],[-76.4765086,3.4060566],[-76.4765273,3.4060752],[-76.4765474,3.4060931],[-76.4765638,3.4061107],[-76.4765832,3.4061286],[-76.4766011,3.4061463],[-76.476622,3.4061658],[-76.4766437,3.4061868],[-76.476666,3.4062087],[-76.476693,3.4062322],[-76.4767207,3.4062566],[-76.4767491,3.4062817],[-76.4767777,3.4063054],[-76.4768069,3.406329],[-76.4768347,3.4063511],[-76.4768603,3.4063707],[-76.4768745,3.406381],[-76.4768851,3.4063887],[-76.4769062,3.406405],[-76.476928,3.4064214],[-76.4769498,3.4064363],[-76.4769747,3.4064527],[-76.4770011,3.4064693],[-76.4770276,3.4064858],[-76.4770548,3.4065024],[-76.4770591,3.406505],[-76.4770843,3.4065206],[-76.4771146,3.4065373],[-76.4771449,3.406554],[-76.4771737,3.4065699],[-76.4772025,3.406585],[-76.4772321,3.4065993],[-76.4772618,3.4066129],[-76.4772873,3.4066244],[-76.4772937,3.4066273],[-76.4773257,3.4066409],[-76.4773576,3.4066546],[-76.4773896,3.406669],[-76.4774201,3.4066818],[-76.477449,3.4066946],[-76.477474,3.4067056],[-76.4774968,3.4067173],[-76.4775019,3.4067197],[-76.4775181,3.4067275],[-76.4775568,3.4067476],[-76.4775908,3.4067676],[-76.4776016,3.4067749],[-76.4776239,3.4067902],[-76.4776539,3.4068107],[-76.4776887,3.4068254],[-76.4777252,3.4068403],[-76.4777354,3.406845],[-76.4777568,3.4068549],[-76.4777971,3.4068755],[-76.4778208,3.4068867],[-76.4778421,3.406897],[-76.4778666,3.406909],[-76.4778726,3.4069122],[-76.477888,3.4069201],[-76.4779084,3.4069312],[-76.4779273,3.4069439],[-76.4779477,3.4069574],[-76.4779681,3.4069742],[-76.4779908,3.4069909],[-76.4780135,3.4070118],[-76.478032,3.407026],[-76.4780386,3.4070311],[-76.4780612,3.4070511],[-76.4780846,3.407072],[-76.4781049,3.4070887],[-76.4781197,3.4071044],[-76.4781212,3.4071061],[-76.4781376,3.4071219],[-76.478154,3.4071385],[-76.4781796,3.4071627],[-76.4782132,3.4071927],[-76.4782281,3.4072053],[-76.4782375,3.4072134],[-76.478257,3.4072303],[-76.4782813,3.4072496],[-76.4783021,3.4072651],[-76.4783072,3.4072689],[-76.4783323,3.4072882],[-76.4783533,3.4073066],[-76.4783879,3.4073307],[-76.4784246,3.407349],[-76.4784494,3.4073627],[-76.4784582,3.4073682],[-76.4784676,3.4073742],[-76.4784731,3.4073777],[-76.4784954,3.4073907],[-76.4785221,3.4074045],[-76.4785411,3.4074138],[-76.478556,3.4074212],[-76.4785941,3.4074398],[-76.4786362,3.4074577],[-76.4786552,3.4074677],[-76.4786941,3.407485],[-76.4787147,3.4074957],[-76.4787266,3.4075018],[-76.4787565,3.4075199],[-76.478784,3.407538],[-76.4788108,3.4075548],[-76.4788286,3.4075661],[-76.4788669,3.4075898],[-76.4788854,3.4076017],[-76.4789046,3.4076141],[-76.4789422,3.4076372],[-76.4789607,3.4076497],[-76.4789811,3.4076628],[-76.4789887,3.4076682],[-76.4790163,3.4076878],[-76.4790443,3.4077085],[-76.4790641,3.4077241],[-76.4790851,3.4077435],[-76.4790866,3.4077449],[-76.4790963,3.4077551],[-76.4791058,3.407765],[-76.4791276,3.407787],[-76.4791532,3.4078133],[-76.4791545,3.4078147],[-76.4791706,3.4078298],[-76.4791866,3.4078461],[-76.4792017,3.4078595],[-76.4792058,3.4078631],[-76.479239,3.4078951],[-76.4792538,3.4079109],[-76.4792667,3.4079247],[-76.4792891,3.4079492],[-76.4793017,3.4079632],[-76.479318,3.4079813],[-76.4793417,3.4080102],[-76.479351,3.4080228],[-76.4793519,3.4080241],[-76.4793617,3.4080374],[-76.4793714,3.4080512],[-76.4793895,3.4080841],[-76.4793897,3.4080844],[-76.4794031,3.40811],[-76.4794142,3.4081378],[-76.4794241,3.4081645],[-76.4794332,3.4081881],[-76.4794397,3.408205],[-76.4794407,3.4082073],[-76.4794534,3.4082385],[-76.4794659,3.4082708],[-76.4794747,3.408298],[-76.4794771,3.4083051],[-76.4794844,3.4083374],[-76.4794852,3.4083417],[-76.4794891,3.4083622],[-76.4794919,3.4083876],[-76.4794929,3.4084143],[-76.4794932,3.4084223],[-76.4794939,3.4084436],[-76.4794949,3.4084757],[-76.479495,3.4084792],[-76.4794978,3.4085008],[-76.4794993,3.4085127],[-76.4795013,3.4085281],[-76.4795043,3.408546],[-76.4795061,3.408556],[-76.4795086,3.4085702],[-76.4795115,3.4085859],[-76.4795116,3.4085866],[-76.4795129,3.4085956],[-76.4795163,3.4086182],[-76.4795193,3.4086381],[-76.4795211,3.4086498],[-76.4795211,3.40865],[-76.4795232,3.4086751],[-76.4795236,3.4086808],[-76.4795237,3.408682],[-76.4795255,3.4087034],[-76.4795259,3.4087358],[-76.4795261,3.4087489],[-76.4795261,3.4087511],[-76.4795261,3.4087559],[-76.4795261,3.4087577],[-76.4795258,3.4087778],[-76.4795255,3.4088013],[-76.4795241,3.4088453],[-76.4795239,3.4088514],[-76.4795239,3.4088515],[-76.4795237,3.4088592],[-76.4795237,3.4088594],[-76.4795228,3.4088885],[-76.4795194,3.4089255],[-76.4795183,3.4089334],[-76.4795136,3.4089689],[-76.4795089,3.4090026],[-76.4795087,3.4090039],[-76.4795043,3.4090402],[-76.4794965,3.4090727],[-76.4794917,3.4090904],[-76.4794862,3.409111],[-76.4794796,3.4091442],[-76.4794759,3.4091657],[-76.4794737,3.409178],[-76.4794684,3.4092143],[-76.4794613,3.4092475],[-76.4794578,3.4092635],[-76.4794535,3.4092833],[-76.4794457,3.4093247],[-76.4794435,3.4093476],[-76.4794421,3.4093902],[-76.4794413,3.4094268],[-76.4794413,3.4094278],[-76.4794417,3.4094634],[-76.4794421,3.4094965],[-76.4794425,3.4095295],[-76.4794429,3.4095371],[-76.4794443,3.4095683],[-76.4794465,3.4095995],[-76.4794513,3.409622],[-76.4794533,3.4096312],[-76.4794637,3.4096629],[-76.4794775,3.4096965],[-76.4794901,3.4097319],[-76.4794912,3.4097351],[-76.4795005,3.4097712],[-76.4795073,3.4098011],[-76.4795113,3.4098278],[-76.4795162,3.4098639],[-76.4795236,3.4099027],[-76.4795262,3.4099149],[-76.4795324,3.4099439],[-76.4795364,3.4099648],[-76.4795436,3.4099917],[-76.4795484,3.4100093],[-76.4795545,3.410048],[-76.4795588,3.4100823],[-76.4795643,3.4101217],[-76.4795657,3.4101369],[-76.479572,3.410164],[-76.4795764,3.4101826],[-76.4795844,3.4102118],[-76.479588,3.4102205],[-76.4795974,3.4102434],[-76.4796098,3.410277],[-76.4796217,3.4103093],[-76.4796438,3.4103599],[-76.4796503,3.4103751],[-76.4796627,3.4104036],[-76.479675,3.4104295],[-76.4796831,3.4104481],[-76.4796945,3.4104745],[-76.4797058,3.4105118],[-76.4797107,3.4105263],[-76.479717,3.4105448],[-76.4797268,3.4105759],[-76.4797379,3.410605],[-76.4797484,3.4106341],[-76.4797569,3.4106594],[-76.4797641,3.4106818],[-76.4797662,3.410688],[-76.4797773,3.4107196],[-76.4797917,3.410757],[-76.4798042,3.4107931],[-76.4798049,3.4107957],[-76.4798147,3.4108299],[-76.479824,3.4108648],[-76.4798319,3.4108933],[-76.4798346,3.4109018],[-76.4798425,3.4109269],[-76.4798517,3.410956],[-76.4798629,3.4109883],[-76.4798634,3.4109899],[-76.4798745,3.4110216],[-76.4798773,3.4110295],[-76.4798866,3.4110676],[-76.4798894,3.4110816],[-76.4798918,3.411093],[-76.4798941,3.4111044],[-76.479899,3.4111305],[-76.4799014,3.4111431],[-76.4799102,3.4111838],[-76.4799154,3.4112149],[-76.4799177,3.4112282],[-76.4799214,3.4112695],[-76.4799439,3.4113977],[-76.4799501,3.4114326],[-76.4799532,3.4114504],[-76.4799653,3.4115192],[-76.4799664,3.4115255],[-76.4799667,3.4115274],[-76.479968,3.411535],[-76.479977,3.4115858],[-76.4799862,3.4116444],[-76.47999,3.4116688],[-76.480005,3.411764],[-76.4800072,3.411778],[-76.4800099,3.4117952],[-76.4800114,3.4118049],[-76.4800125,3.411812],[-76.4800153,3.4118297],[-76.4800172,3.4118417],[-76.4800191,3.4118538],[-76.4800192,3.4118543],[-76.4800208,3.4118646],[-76.4800209,3.4118653],[-76.4798857,3.4118835],[-76.4796772,3.4118889],[-76.4786703,3.4119152],[-76.476331,3.411867],[-76.4759207,3.4118463],[-76.4757401,3.4118372],[-76.4739087,3.4118356],[-76.4737179,3.4117351],[-76.4733111,3.4115666],[-76.4732517,3.4116714],[-76.4732228,3.4117173],[-76.4732227,3.4117175],[-76.4731262,3.4118709],[-76.4730374,3.4120446],[-76.4725337,3.4129562],[-76.4720621,3.413796],[-76.4718937,3.4141316],[-76.4718442,3.4142302],[-76.4712941,3.4152279],[-76.4710976,3.415594],[-76.470969,3.4157914],[-76.470769,3.4161359],[-76.4704618,3.4166168],[-76.4701831,3.4170906],[-76.4699259,3.4175463],[-76.46929,3.418684],[-76.4689524,3.4192553],[-76.46864,3.4198155],[-76.4678858,3.4211641],[-76.4675081,3.4218109],[-76.4667751,3.423066],[-76.4665608,3.4235254],[-76.4664822,3.4237622],[-76.4664393,3.4239632],[-76.4664036,3.4242288],[-76.4664107,3.4244872],[-76.4664606,3.4247169],[-76.4665035,3.4248892],[-76.4665963,3.4251261],[-76.4667606,3.4254276],[-76.4671034,3.4258583],[-76.4677033,3.4266265],[-76.4681175,3.4271864],[-76.4685817,3.4277608],[-76.4694388,3.4288807],[-76.4701024,3.4297689],[-76.4702708,3.4299886],[-76.470621,3.430456],[-76.4706339,3.4304732],[-76.4711636,3.4311492],[-76.4715342,3.4316589],[-76.4715921,3.4317175],[-76.4719313,3.4321722],[-76.4725146,3.4329319],[-76.473107,3.4336814],[-76.4732466,3.4338353],[-76.4734847,3.4340806],[-76.4735978,3.4342242],[-76.4736381,3.4342818],[-76.4737525,3.4344455],[-76.4745441,3.4354685],[-76.4751691,3.4362881],[-76.4754964,3.4367188],[-76.4759785,3.437347],[-76.4763653,3.4378734],[-76.4766094,3.4380529],[-76.4769963,3.4383281],[-76.477257,3.4385129],[-76.4801509,3.4403324],[-76.4814842,3.441158],[-76.4816845,3.4412121],[-76.4818899,3.4413154],[-76.4822581,3.4414811],[-76.4823465,3.4413441],[-76.482455,3.4412294],[-76.4826377,3.4410402],[-76.4829916,3.4407706],[-76.4833569,3.4404896],[-76.4836309,3.4403004],[-76.4838562,3.4402357],[-76.4839127,3.4402007],[-76.4839446,3.440181],[-76.4839548,3.4401803],[-76.4840339,3.4401785],[-76.4840317,3.440208],[-76.48405,3.440385],[-76.4840574,3.4405027],[-76.4840592,3.4405301],[-76.4840647,3.4406173],[-76.4840683,3.441104],[-76.4840866,3.4413658],[-76.484125,3.4428879],[-76.4841304,3.4434491],[-76.4841487,3.4437146],[-76.4841524,3.4438362],[-76.4841377,3.443969],[-76.4841256,3.4440237],[-76.4841255,3.4440239],[-76.4841157,3.4440685],[-76.4841104,3.4441791],[-76.4841083,3.4442234],[-76.4841076,3.4442542],[-76.4841061,3.4443254],[-76.4841015,3.44436],[-76.4841009,3.4443709],[-76.4840812,3.4444819],[-76.4838522,3.4444934],[-76.4837941,3.4444963],[-76.4835383,3.4445091],[-76.4826204,3.4445723],[-76.4825124,3.4445904],[-76.4824674,3.4445904],[-76.4823324,3.4446175],[-76.4822514,3.4446265],[-76.4821344,3.4446446],[-76.4817204,3.4447169],[-76.4816484,3.4447259],[-76.4816214,3.444735],[-76.4815854,3.444735],[-76.4815314,3.4447531],[-76.4815134,3.4447711],[-76.4814864,3.4447802],[-76.4814684,3.4447983],[-76.4814504,3.4448164],[-76.4814324,3.4448344],[-76.4814144,3.4448616],[-76.4813964,3.4448977],[-76.4813784,3.4449339],[-76.4813334,3.4450424],[-76.4812884,3.4451781],[-76.4811624,3.4455036],[-76.4811263,3.4456031],[-76.4809823,3.4459739],[-76.4809373,3.4461005],[-76.4808563,3.446209],[-76.4808383,3.4462361],[-76.4805323,3.4465888],[-76.4804603,3.4466701],[-76.4804153,3.4467153],[-76.4803793,3.4467606],[-76.4803163,3.44686],[-76.4802803,3.4469324],[-76.4802623,3.4469776],[-76.4802352,3.4470771],[-76.4801542,3.4471584],[-76.4800996,3.4472128],[-76.4794182,3.4475818],[-76.4794098,3.4475864],[-76.4793961,3.4475938],[-76.4792545,3.4476735],[-76.4791188,3.4477367],[-76.4790559,3.447753],[-76.4789473,3.4477812],[-76.4786002,3.4479132],[-76.4784689,3.4479659],[-76.4784647,3.4479661],[-76.4784638,3.4479665],[-76.4784432,3.4479762],[-76.478223,3.4480799],[-76.4779166,3.4482321],[-76.4777833,3.4483083],[-76.4776798,3.4483675],[-76.4774156,3.4485502],[-76.4773247,3.4486236],[-76.4772411,3.4486911],[-76.4771842,3.4487305],[-76.4771362,3.4487984],[-76.477071,3.4489073],[-76.4769743,3.4490542],[-76.4769709,3.4490594],[-76.4769695,3.4490614],[-76.4769688,3.4490626],[-76.4769685,3.449063],[-76.4769141,3.4491457],[-76.4768968,3.4491674],[-76.4768661,3.4492061],[-76.4767924,3.449299],[-76.4767905,3.4493007],[-76.4767851,3.4492952],[-76.4766737,3.4491817],[-76.4765505,3.4490865],[-76.4764053,3.4489742],[-76.4763951,3.4489663],[-76.4763138,3.4489183],[-76.4758236,3.4486289],[-76.4755451,3.4483346],[-76.4755139,3.4482738],[-76.4754246,3.4480994],[-76.4753614,3.447976],[-76.4752951,3.4478464],[-76.4752883,3.4478062],[-76.4752744,3.4477236],[-76.4752349,3.4474898],[-76.4752237,3.4474229],[-76.4752858,3.447181],[-76.475338,3.4469779],[-76.4755023,3.4463893],[-76.4755119,3.4463606],[-76.4755935,3.4461182],[-76.4756887,3.4458355],[-76.4756924,3.4458243],[-76.4757036,3.445791],[-76.4757199,3.4457426],[-76.4757308,3.4457102],[-76.4757362,3.4456943],[-76.4757378,3.4456373],[-76.4757475,3.4452968],[-76.4757524,3.4451259],[-76.47577,3.4449814]]]}},{"type":"Feature","properties":{"comuna":14,"nombre":"Comuna 14","shape_leng":9266.882,"shape_area":4562745.942},"geometry":{"type":"Polygon","coordinates":[[[-76.4689524,3.4192553],[-76.46929,3.418684],[-76.4699259,3.4175463],[-76.4701831,3.4170906],[-76.4704618,3.4166168],[-76.470769,3.4161359],[-76.470969,3.4157914],[-76.4710976,3.415594],[-76.4712941,3.4152279],[-76.4718442,3.4142302],[-76.4718937,3.4141316],[-76.4720621,3.413796],[-76.4725337,3.4129562],[-76.4730374,3.4120446],[-76.4731262,3.4118709],[-76.4732227,3.4117175],[-76.4732228,3.4117173],[-76.4732517,3.4116714],[-76.4733111,3.4115666],[-76.4737179,3.4117351],[-76.4739087,3.4118356],[-76.4757401,3.4118372],[-76.4759207,3.4118463],[-76.476331,3.411867],[-76.4786703,3.4119152],[-76.4796772,3.4118889],[-76.4798857,3.4118835],[-76.4800209,3.4118653],[-76.4800213,3.4118688],[-76.4800235,3.4118896],[-76.4800287,3.411939],[-76.4800374,3.4120203],[-76.4800482,3.4121212],[-76.4800482,3.4121214],[-76.4800485,3.4121249],[-76.4800395,3.4121297],[-76.4800329,3.4121358],[-76.4800264,3.412142],[-76.48002,3.4121484],[-76.4800137,3.4121548],[-76.4800074,3.4121613],[-76.4800013,3.4121679],[-76.4799952,3.4121747],[-76.4799893,3.4121814],[-76.4799834,3.4121883],[-76.4799777,3.4121953],[-76.479972,3.4122023],[-76.4799665,3.4122094],[-76.4799611,3.4122166],[-76.4799557,3.4122239],[-76.4799505,3.4122313],[-76.4799454,3.4122387],[-76.4799404,3.4122462],[-76.4799356,3.4122539],[-76.4799308,3.4122615],[-76.4799261,3.4122693],[-76.4799216,3.412277],[-76.4799171,3.4122849],[-76.4799128,3.4122928],[-76.4799085,3.4123008],[-76.4799045,3.4123089],[-76.4799005,3.412317],[-76.4798966,3.4123251],[-76.4798929,3.4123334],[-76.4798893,3.4123417],[-76.4798858,3.41235],[-76.4798824,3.4123584],[-76.4798792,3.4123668],[-76.4798761,3.4123753],[-76.479873,3.4123838],[-76.4798702,3.4123924],[-76.4798674,3.412401],[-76.4798648,3.4124096],[-76.4798623,3.4124185],[-76.4798097,3.412568],[-76.4797265,3.4128409],[-76.479687,3.4131269],[-76.479685,3.4131358],[-76.4796833,3.4131446],[-76.4796818,3.4131535],[-76.4796805,3.4131625],[-76.4796794,3.4131714],[-76.4796786,3.4131804],[-76.4796779,3.4131895],[-76.4796775,3.4131985],[-76.4796773,3.413207],[-76.4796773,3.4132075],[-76.4796774,3.4132166],[-76.4796776,3.4132256],[-76.4796781,3.4132347],[-76.4796788,3.4132437],[-76.4796798,3.4132527],[-76.4796809,3.4132617],[-76.4796823,3.4132706],[-76.479684,3.4132795],[-76.4796858,3.4132883],[-76.4796878,3.4132971],[-76.4796901,3.4133059],[-76.4796926,3.4133146],[-76.4796953,3.4133232],[-76.4796982,3.4133318],[-76.4797014,3.4133402],[-76.4797047,3.4133486],[-76.4797083,3.4133569],[-76.4797121,3.4133651],[-76.479716,3.4133732],[-76.4797202,3.4133813],[-76.4797245,3.4133892],[-76.4797308,3.4133998],[-76.4798709,3.4135494],[-76.4800154,3.413699],[-76.4801117,3.4138707],[-76.4803175,3.4140995],[-76.4805889,3.4144076],[-76.4808954,3.4146717],[-76.4809011,3.4146753],[-76.4810831,3.414788],[-76.4811582,3.4148345],[-76.4812531,3.4148769],[-76.4812926,3.4148946],[-76.4813107,3.4149026],[-76.4814341,3.4149578],[-76.4815471,3.4149821],[-76.4816057,3.4149948],[-76.481618,3.4149974],[-76.4818106,3.4150268],[-76.481964,3.4150503],[-76.4819735,3.4150509],[-76.4822179,3.4150679],[-76.4823686,3.415078],[-76.4824148,3.4150811],[-76.4824806,3.4150856],[-76.4825958,3.4151021],[-76.4826032,3.4151032],[-76.4826703,3.4151147],[-76.482883,3.415151],[-76.4828589,3.4153428],[-76.4828857,3.4154803],[-76.4829274,3.415594],[-76.4829899,3.4156598],[-76.4830643,3.4157136],[-76.4831804,3.4157615],[-76.4832845,3.4158064],[-76.4833649,3.4158602],[-76.4834631,3.4159589],[-76.4835226,3.4160546],[-76.4835821,3.4161743],[-76.4836238,3.4163268],[-76.4836268,3.4164913],[-76.4836119,3.416599],[-76.4836,3.4166558],[-76.4835583,3.4167575],[-76.4835315,3.4168442],[-76.4835018,3.4169698],[-76.483472,3.4171642],[-76.483482,3.4172779],[-76.4834839,3.4172988],[-76.4835226,3.4174424],[-76.4835349,3.4174698],[-76.483594,3.4176009],[-76.4836892,3.4177295],[-76.4837517,3.4177804],[-76.483847,3.4178432],[-76.4839452,3.417915],[-76.4839983,3.4179714],[-76.4840493,3.4180256],[-76.4841505,3.4181184],[-76.4842924,3.4182763],[-76.484344,3.4183337],[-76.4845583,3.4185371],[-76.4847279,3.4186897],[-76.4849154,3.4188183],[-76.4850493,3.418917],[-76.4851714,3.4189798],[-76.4852785,3.4190187],[-76.4853946,3.4190516],[-76.4855315,3.4190606],[-76.4856624,3.4190845],[-76.4858083,3.4190875],[-76.4860255,3.4190875],[-76.4863281,3.4190697],[-76.4863571,3.4181968],[-76.4866809,3.4183691],[-76.4870762,3.4186562],[-76.4873142,3.4188477],[-76.4876619,3.41913],[-76.4879225,3.419327],[-76.4877172,3.419407],[-76.4876239,3.4194433],[-76.4875496,3.4195008],[-76.4874848,3.419562],[-76.4873915,3.4197419],[-76.487119,3.4203736],[-76.4869342,3.420787],[-76.4865874,3.4216235],[-76.4863798,3.4221212],[-76.4862064,3.422527],[-76.4860869,3.4228043],[-76.4860148,3.4229713],[-76.4858933,3.4232426],[-76.4857712,3.4235049],[-76.4856139,3.4238802],[-76.485509,3.4241306],[-76.4852938,3.4246632],[-76.484902,3.4255355],[-76.4847022,3.4260449],[-76.4846087,3.426263],[-76.4845795,3.4263311],[-76.484295,3.4269944],[-76.4841179,3.4273882],[-76.4840798,3.4274729],[-76.4838801,3.4278898],[-76.4837955,3.4281368],[-76.4837878,3.4287157],[-76.4838107,3.4298428],[-76.4838337,3.4308309],[-76.4838387,3.43104],[-76.483856,3.4317567],[-76.4838643,3.4320968],[-76.4838872,3.4329846],[-76.4839025,3.4339572],[-76.4839091,3.4346185],[-76.4839101,3.4347137],[-76.4839295,3.4350902],[-76.4839405,3.4354995],[-76.4839697,3.4362738],[-76.4839697,3.4366609],[-76.4839696,3.437037],[-76.4840099,3.4376491],[-76.4840099,3.4383091],[-76.4840171,3.4390502],[-76.4840428,3.4395075],[-76.4840464,3.4400163],[-76.4840339,3.4401785],[-76.4839548,3.4401803],[-76.4839446,3.440181],[-76.4839127,3.4402007],[-76.4838562,3.4402357],[-76.4836309,3.4403004],[-76.4833569,3.4404896],[-76.4829916,3.4407706],[-76.4826377,3.4410402],[-76.482455,3.4412294],[-76.4823465,3.4413441],[-76.4822581,3.4414811],[-76.4818899,3.4413154],[-76.4816845,3.4412121],[-76.4814842,3.441158],[-76.4801509,3.4403324],[-76.477257,3.4385129],[-76.4769963,3.4383281],[-76.4766094,3.4380529],[-76.4763653,3.4378734],[-76.4759785,3.437347],[-76.4754964,3.4367188],[-76.4751691,3.4362881],[-76.4745441,3.4354685],[-76.4737525,3.4344455],[-76.4736381,3.4342818],[-76.4735978,3.4342242],[-76.4734847,3.4340806],[-76.4732466,3.4338353],[-76.473107,3.4336814],[-76.4725146,3.4329319],[-76.4719313,3.4321722],[-76.4715921,3.4317175],[-76.4715342,3.4316589],[-76.4711636,3.4311492],[-76.4706339,3.4304732],[-76.470621,3.430456],[-76.4702708,3.4299886],[-76.4701024,3.4297689],[-76.4694388,3.4288807],[-76.4685817,3.4277608],[-76.4681175,3.4271864],[-76.4677033,3.4266265],[-76.4671034,3.4258583],[-76.4667606,3.4254276],[-76.4665963,3.4251261],[-76.4665035,3.4248892],[-76.4664606,3.4247169],[-76.4664107,3.4244872],[-76.4664036,3.4242288],[-76.4664393,3.4239632],[-76.4664822,3.4237622],[-76.4665608,3.4235254],[-76.4667751,3.423066],[-76.4675081,3.4218109],[-76.4678858,3.4211641],[-76.46864,3.4198155],[-76.4689524,3.4192553]]]}}]}